customer_id,recency,frequency,monetary,r_scaled,f_scaled,m_scaled,cluster,customer_segment
3f0cc89cb42d4d43d162d289aaa19eb19ddb3082989f7265bfeddcbe70d24927,1,1,0.001288,0.0,0.32678647381815895,0.01061684853560522,0,Hibernating / Lost
632d9356c8f254b0b2317d09a931b9c1ba32bc916c3f8335aae484d624b81e4e,1,1,0.001678,0.0,0.32678647381815895,0.013831577517659595,0,Hibernating / Lost
3fb97eecedae33d12fc5a668d339fbf77adfc6e2c610d1483c73c7b28177ad08,1,1,0.001678,0.0,0.32678647381815895,0.013831577517659595,0,Recent Potential
1b78e239327f387b3f32426eca114ea4d056a63ba58bacec4d4ef4bef16444f7,1,1,0.003373,0.0,0.32678647381815895,0.02780328424735746,0,Hibernating / Lost
78f07d9006fdb05179a29042a612e783815078036e16e966d40b8ed97c070eec,1,1,0.003373,0.0,0.32678647381815895,0.02780328424735746,0,Promising / Needs Attention
790f9d455d85fec7b193b49d251ecca34cfb6da7a36da66568b4f9314a13c9d2,1,1,0.003373,0.0,0.32678647381815895,0.02780328424735746,0,Recent Potential
122f4ad8132448285192051109e689ca51386ab633c46c37077eabd98da1a4f8,1,1,0.003373,0.0,0.32678647381815895,0.02780328424735746,0,Recent Potential
3f422629d88d3ef877cc63f236eb73ad652386232bb3023f4ddcf999def302ee,1,1,0.00422,0.0,0.32678647381815895,0.0347850161647935,0,Recent Potential
5295cacef702c58dda849c384d07f5273dbda1dd8dc4dbd0c50d99b807986c61,1,1,0.00439,0.0,0.32678647381815895,0.036186308285176175,0,Hibernating / Lost
4f754ab2682bd4c48ccd0a77a09fd39bfef9973417974929dae4921b2f8ab314,1,1,0.00439,0.0,0.32678647381815895,0.036186308285176175,0,Hibernating / Lost
6a1a9444c516e0bafb90ad73c24813c575537cfaa267c1fe707a4d2f3acd5277,1,1,0.005068,0.0,0.32678647381815895,0.04177499097705532,0,Hibernating / Lost
428e6f55a1729cde4f19760419a600481e7d7327669bc9e062872cd50c511262,1,1,0.005068,0.0,0.32678647381815895,0.04177499097705532,0,Hibernating / Lost
45bdd16f28c8a5ead8e8d0cb691c893bc3200894b8351b969e3a991ee3e1fd1a,1,1,0.005068,0.0,0.32678647381815895,0.04177499097705532,0,Hibernating / Lost
1b77aa3639d8ccd3154812afc0248c1f1406d3f189913683a3f0aeab446563fe,1,1,0.005068,0.0,0.32678647381815895,0.04177499097705532,0,Recent Potential
71c9f080ed873469959df17725a9a8532bc91321c34bc80bff4abb20b0fe67e5,1,1,0.005068,0.0,0.32678647381815895,0.04177499097705532,0,Recent Potential
12cd70e41e285a4366ca28da7c327df834f4fd213690b659a5d81cbf1298763f,1,1,0.005068,0.0,0.32678647381815895,0.04177499097705532,0,Recent Potential
7a1611b04a923ad762553eacc2244e347fa49a0030de75ebae8d7e063c3a48b1,1,1,0.005068,0.0,0.32678647381815895,0.04177499097705532,0,Recent Potential
7caa050d6cc78267ba9fb083d7bfefdb584439f558302ecbcdea4b88dc7b4c86,1,1,0.005068,0.0,0.32678647381815895,0.04177499097705532,0,Recent Potential
71b7f50ea0f93860d858222d1e0dbd97756b7bc0520633bb08a22ef30937ae4a,1,2,0.006746,0.0,0.6535729476363179,0.05560656849471492,0,Loyal Customers
591e5d2ab43418e74d075220b39b30209dce4a362b43aca30c97f2c3e6436e76,1,1,0.006763,0.0,0.32678647381815895,0.05574669770675318,0,Hibernating / Lost
6a163bdc98dc7a3a4002660ec735166d33cad79955272049b41b988b2544e0b1,1,1,0.006763,0.0,0.32678647381815895,0.05574669770675318,0,Hibernating / Lost
6e00849c58b59123342c9a1df33f31b7dbd9444ccdf72af938be2461c1c9bd42,1,1,0.006763,0.0,0.32678647381815895,0.05574669770675318,0,Promising / Needs Attention
0fed24f375331dcd3db9147feffac2b13283a41f403bb14df02cc95261700bc3,1,1,0.006763,0.0,0.32678647381815895,0.05574669770675318,0,Promising / Needs Attention
7725ca51d832269c3ec84ecca5b770714246615b9a43d73a6754f85803dfd487,1,1,0.006763,0.0,0.32678647381815895,0.05574669770675318,0,Promising / Needs Attention
7be3965956dfc2777082128c0347bdfbc9b65cd3ac446aae405e9901cb5f9222,1,1,0.006763,0.0,0.32678647381815895,0.05574669770675318,0,Recent Potential
6a463114baed25212a6e98aa2930b95621c21312417cb196233f05c1f6c91a4e,1,1,0.006763,0.0,0.32678647381815895,0.05574669770675318,0,Recent Potential
49f81da266f7682e181da79fc5bb3a293af81140ce764178d762eb3a422037da,1,1,0.007186,0.0,0.32678647381815895,0.05923344221805831,0,Recent Potential
78f17edffcccd5ca24ad8fd76cf2bea65c589586bec4a6636108026f0fa08a90,1,1,0.008458,0.0,0.32678647381815895,0.06971840443645105,0,Hibernating / Lost
6a1f46a23c0aa83b3cfd614b80b4b0eb03939d0f4ff21a90577c35c9a7da8150,1,1,0.008458,0.0,0.32678647381815895,0.06971840443645105,0,Hibernating / Lost
1c8a660722c5ea0e906a4b707d2d8c79ec6e2a65c64366bc598e51c3f2d18604,1,1,0.008458,0.0,0.32678647381815895,0.06971840443645105,0,Hibernating / Lost
5675c84b2dc9e78e35cda0d8f177fe92dc63e23416676eee1990a8b075e9cc81,1,1,0.008458,0.0,0.32678647381815895,0.06971840443645105,0,Hibernating / Lost
3f03327a923064dfc8383e1e52e27c324e9def5383f346c00daf6555160edbb0,1,1,0.008458,0.0,0.32678647381815895,0.06971840443645105,0,Hibernating / Lost
6a9863f16130615a86b0804f28f137027b79dc92b6e6bb82478418f4e37cc1db,1,1,0.008458,0.0,0.32678647381815895,0.06971840443645105,0,Hibernating / Lost
103077726e4db50a0dafc566fb9219eabb0fac6c00cedb523dfb0bbf8fb14101,1,1,0.008458,0.0,0.32678647381815895,0.06971840443645105,0,Promising / Needs Attention
1814896db31e5e989681d18d5197e8fa198fd3afd68e38aba49ffb4abee99593,1,1,0.008458,0.0,0.32678647381815895,0.06971840443645105,0,Promising / Needs Attention
44cabccb01d1aa048fc43da602942b3b993ba4ec7f8554e965da25b899525f67,1,1,0.008458,0.0,0.32678647381815895,0.06971840443645105,0,Promising / Needs Attention
6fef23bb0edf4c37fcc8e030da419e2fddf720ec6ba9d0d419e60d483b72df09,1,1,0.008458,0.0,0.32678647381815895,0.06971840443645105,0,Promising / Needs Attention
566c6c8fc7e7726b78e015982d0a2592fbbb6ec581d41eabb4794e3ee09de852,1,1,0.008458,0.0,0.32678647381815895,0.06971840443645105,0,Recent Potential
5c1eb6da58dd951462a9dc8b5b1fe4843df81aa0c7e288db22e241ad6e582b2e,1,1,0.008458,0.0,0.32678647381815895,0.06971840443645105,0,Recent Potential
179eef7a10a8c0b8e644fe0081897baaa68d6ca362fd4c9b7eb700a1809d54d4,1,1,0.008458,0.0,0.32678647381815895,0.06971840443645105,0,Recent Potential
7545f90ffec651b3568006f8bbca7975fcd9a84696be3cc70fdf7e0e980cb81d,1,1,0.008458,0.0,0.32678647381815895,0.06971840443645105,0,Recent Potential
58230bda07bf0ecff46e8b5c9aa0c583ef0205c9d99c492b45e21a5248f2cbb5,1,2,0.010136,0.0,0.6535729476363179,0.08354998195411063,0,Hibernating / Lost
446a28c4ef873faa9a6e402e1c0b2135538f47e00fe562ad9b560db5e581846b,1,2,0.010136,0.0,0.6535729476363179,0.08354998195411063,0,At Risk
49296463827c5808bbe9a93df6b401fa3d949ff5912cb548120b51c430d046b1,1,2,0.010136,0.0,0.6535729476363179,0.08354998195411063,0,Loyal Customers
531911b743218eb1484bc17e0ddb0dbd8777b0d88de9f6979a40a6636ab0436f,1,2,0.010136,0.0,0.6535729476363179,0.08354998195411063,0,Loyal Customers
7e1229e00794c05c2a793f5bb855a478d7e7504b908b208bab0c8c17d3906394,1,2,0.010136,0.0,0.6535729476363179,0.08354998195411063,0,Loyal Customers
4c9625b464fd1cefcb3008c9f0c532a235a48270b334e94faebbd1b54921f41a,1,3,0.010136,0.0,0.9803594214544769,0.08354998195411063,0,Loyal Customers
6e1b5a72046cbddfc2f0f2856cdbbc3959b361300a7188ccaaf5ef0a7d8c5a5f,1,1,0.010153,0.0,0.32678647381815895,0.08369011116614891,0,Hibernating / Lost
15734712fdaf4a8ddabc641d3c5281d21e1f669a42be6140da59903ccbb961c3,1,1,0.010153,0.0,0.32678647381815895,0.08369011116614891,0,Hibernating / Lost
0f45b81ff68c319d20c85e673aeaa6ae188736810fb15f215aa2fd629266db72,1,1,0.010153,0.0,0.32678647381815895,0.08369011116614891,0,Hibernating / Lost
1b02d2f7d47049fe2bac2dcb7423aef86d89f6d26677e41f09f44bf22f3720c5,1,1,0.010153,0.0,0.32678647381815895,0.08369011116614891,0,Hibernating / Lost
1ba58e932efa3f8953b5eea59beba20abc241d74ca9d8a0c34dc8a6ca7dceaf1,1,1,0.010153,0.0,0.32678647381815895,0.08369011116614891,0,Hibernating / Lost
1becfb684a717b9df25d4616ff8789d98a0537ccd3d372bb3526d58997fccd79,1,1,0.010153,0.0,0.32678647381815895,0.08369011116614891,0,Hibernating / Lost
4eacd794d29c9d8e5beea527c907b63228c3064ff976616e5a04598a837ec0fb,1,1,0.010153,0.0,0.32678647381815895,0.08369011116614891,0,Hibernating / Lost
51d3cd7f37a32e6bb65ab1e5024aecf3402b21e933493afa5d9eaa62c3c1dfef,1,1,0.010153,0.0,0.32678647381815895,0.08369011116614891,0,Hibernating / Lost
4af30e4b1175a511eb10c0e8ee6298d3357f7ad082468359a5655a6a3df1aa7d,1,1,0.010153,0.0,0.32678647381815895,0.08369011116614891,0,Hibernating / Lost
4b1614bc6ecc6c6e9801df93f5797e70b2ef59471aea1fb5ddcb7ad12c58523a,1,1,0.010153,0.0,0.32678647381815895,0.08369011116614891,0,Hibernating / Lost
6ab3517b21a8ac1e3fbf24f4b08ef14f8802503c3e066469a97ec4f02fb2c9f5,1,1,0.010153,0.0,0.32678647381815895,0.08369011116614891,0,Promising / Needs Attention
44e62e77d24f067060953da2cb9154c64e4f591a3aaa6eec9978cb7d5bf1d196,1,1,0.010153,0.0,0.32678647381815895,0.08369011116614891,0,Promising / Needs Attention
56986887410d507b9831b77538275abc03da1edd3405753931c981eee77aff7a,1,1,0.010153,0.0,0.32678647381815895,0.08369011116614891,0,Recent Potential
185535a19572799474f56265c4a894fb0cb911f6e099842de07ddfac0422afb6,1,1,0.010153,0.0,0.32678647381815895,0.08369011116614891,0,Recent Potential
773830206a0e75d83938a441036177b85e7a31cdcb6587e2fc02ccc9bcef9793,1,1,0.010153,0.0,0.32678647381815895,0.08369011116614891,0,Recent Potential
5474f7a459da830e6a4dfbb45b5e72fcc38e147cef4d14fb74e52fa39dbd715d,1,1,0.010153,0.0,0.32678647381815895,0.08369011116614891,0,Recent Potential
4ff7d23bc1f5d2d69596c031e99bb79e0c3c0bdb1e6360bc699dcb60e96ec009,1,1,0.010153,0.0,0.32678647381815895,0.08369011116614891,0,Recent Potential
155c4d7a22b6281bfdb16213cc584bf19f6eda757aac6fabe42ed35ffba5d86f,1,1,0.011186,0.0,0.32678647381815895,0.09220502152118011,0,Hibernating / Lost
458899e9ee9c6afee6ecdda86b789bc7f1de0961ace76d8955a8dc023986ce88,1,1,0.011508,0.0,0.32678647381815895,0.0948592336550814,0,Recent Potential
548060741cf1a2ef23c3c5b5dd37f5c92bd77cfe8cdb4c216c2d09af911fbe16,1,1,0.011508,0.0,0.32678647381815895,0.0948592336550814,0,Recent Potential
6766da1010decd5a5d699e8320a7ef48b497ef20e32798a40e85d44c7ba1c027,1,1,0.011508,0.0,0.32678647381815895,0.0948592336550814,0,Recent Potential
69740219c3e962b6693f154bea3d008a2f9e012ba0cf25fb4ce45b67520798cc,1,2,0.011831,0.0,0.6535729476363179,0.0975216886838085,0,Hibernating / Lost
4e5e3b194220751abc117fc0519b97e715ea81c580196c2d4259d7dda5132d63,1,1,0.011847,0.0,0.32678647381815895,0.097653575001021,0,Hibernating / Lost
642294fb94c9d85a251a0e953c55312c8b50edae0daec114fa64419f1e234d83,1,1,0.011847,0.0,0.32678647381815895,0.097653575001021,0,Hibernating / Lost
5940a88aaf4849ad5a10f8eb3854076c21faf3f37089f1712b6901fc193e7038,1,1,0.011847,0.0,0.32678647381815895,0.097653575001021,0,Hibernating / Lost
66101a03d1d2affd9009bb2cbdee72443e31fcb2d7e10f997d60f1bcde2da1b7,1,1,0.011847,0.0,0.32678647381815895,0.097653575001021,0,Recent Potential
1849e9347ee50bad91d3558bd0cc00e5446e41830d1c433e3667b4c0a6f1bbc2,1,1,0.011847,0.0,0.32678647381815895,0.097653575001021,0,Recent Potential
77a01f9a53e42a675fa137a696f09690324a141d597528a8039a1c6880e2d1dd,1,2,0.012153,0.0,0.6535729476363179,0.10017590081770981,0,Loyal Customers
7dd6bc83a8f7844fa7a83477ff8de2ea48f85ea61e89514b1a3e5f1280278e7f,1,1,0.012695,0.0,0.32678647381815895,0.1046435498132828,0,Hibernating / Lost
6992c4473bf0f87f82b8d3cd5b409821d4a51492499db592fecd04eafabe4cd2,1,1,0.012695,0.0,0.32678647381815895,0.1046435498132828,0,Promising / Needs Attention
1b2fb96c64463c7a910495d9a2defc36ec67a2e2fb9cbd63283ad54ae7781c53,1,2,0.013525,0.0,0.6535729476363179,0.11148515251868059,0,Loyal Customers
4a9f57008a28698b8f691fc0315aff238e0e5e7f0fb1ede962f0814a359c626c,1,1,0.013542,0.0,0.32678647381815895,0.11162528173071885,0,Hibernating / Lost
5376c2e7fabf605e031f25e0d9c6f11ec079e662a0c7b22c1824de1306682780,1,1,0.013542,0.0,0.32678647381815895,0.11162528173071885,0,Hibernating / Lost
526b42e34664b24879dc5b65efaabddbaa039698cc3633b7110150b1307f5204,1,1,0.013542,0.0,0.32678647381815895,0.11162528173071885,0,Hibernating / Lost
6f037c79b24b43c85498fe69af33e3f2469918ca617ca997357f763e85ff89ad,1,1,0.013542,0.0,0.32678647381815895,0.11162528173071885,0,Hibernating / Lost
5fe98ed9930d7b908a014ff91b8d897c0141bfa9e597984771a3647a30cbf236,1,1,0.013542,0.0,0.32678647381815895,0.11162528173071885,0,Hibernating / Lost
679e464219e56187fd1bb0ca0eb8c49d2eed96d9ed4923abf8902a50e58004dc,1,1,0.013542,0.0,0.32678647381815895,0.11162528173071885,0,Hibernating / Lost
1e626b10c9dc3c45396ad39ca1a92bae772eeda4bb149ca9fe52fbab87bceea3,1,1,0.013542,0.0,0.32678647381815895,0.11162528173071885,0,Hibernating / Lost
5851517464a04a72d5e50a545d91133d4f0349ec0a6222db39d12b17d6de619a,1,1,0.013542,0.0,0.32678647381815895,0.11162528173071885,0,Hibernating / Lost
5a3ef3894a65fd05e83dca6d02783179e0286b3743a05ba660cfa919571d5660,1,1,0.013542,0.0,0.32678647381815895,0.11162528173071885,0,Hibernating / Lost
47323a0430418b9a396c041dcdfd8822eaa3405746321802eb7e666d2178f22c,1,1,0.013542,0.0,0.32678647381815895,0.11162528173071885,0,Hibernating / Lost
13d3335f74b7986a35ea9de795cd8a64c611c8a11b866356fc8f9e55571bf966,1,1,0.013542,0.0,0.32678647381815895,0.11162528173071885,0,Hibernating / Lost
16b00809d85faa36229ad0143a8910ce02120cd035e98c6a78d08eba7f100027,1,1,0.013542,0.0,0.32678647381815895,0.11162528173071885,0,Hibernating / Lost
5b683fb3e3e1e31899c47fcfd9e0f9de4965937116fd6178906c8dcb6ddb0d93,1,1,0.013542,0.0,0.32678647381815895,0.11162528173071885,0,Hibernating / Lost
66ef2778681220085084e3ed4bc10a7bf699fc8697a8105ddcae439fe705ff36,1,1,0.013542,0.0,0.32678647381815895,0.11162528173071885,0,Promising / Needs Attention
56838efcc44b08542003831d26777fc7e9aa8470f02bc11c4ebf88c76303429c,1,1,0.013542,0.0,0.32678647381815895,0.11162528173071885,0,Promising / Needs Attention
60abbc3cb203c50f97d88824ada182e09669cf338aedd70efa9d94902b0aa95f,1,1,0.013542,0.0,0.32678647381815895,0.11162528173071885,0,Promising / Needs Attention
3f9fa9803753eaaffa91b59ad758e8e5f04b6b7cdd47dcedb5e7ea5e4d856e78,1,1,0.013542,0.0,0.32678647381815895,0.11162528173071885,0,Recent Potential
4b9ab6ae76e45ffe24d9f453e4e5edd5c0311a0247b0f6966cc99926e525d82f,1,1,0.013542,0.0,0.32678647381815895,0.11162528173071885,0,Recent Potential
7e1a8794a4bc2ff22223e06b162a0589ef755273a98165f9dde25fda900c7ebc,1,1,0.013542,0.0,0.32678647381815895,0.11162528173071885,0,Recent Potential
6d075500c3dfb7d36b746a5a5ac19b651db3484762ebed68bbb14c9767320ffb,1,1,0.013542,0.0,0.32678647381815895,0.11162528173071885,0,Recent Potential
4f1c0d44732cec4ae3d0a00e6571b76b8d0c9c119bb557c1ab4c4ac4a640ff51,1,1,0.013542,0.0,0.32678647381815895,0.11162528173071885,0,Recent Potential
74070fa3f2ca3a4d3ecf04b1e93342f4005cf7fc1442d9895c6b05a797ba7506,1,1,0.013542,0.0,0.32678647381815895,0.11162528173071885,0,Recent Potential
6bced0534e2b468f4740927d177977fa69edf4c367cfe8190d1a579339e1339e,1,1,0.013542,0.0,0.32678647381815895,0.11162528173071885,0,Recent Potential
135c2f97a9adac9f16f0a00081e14e195cae94bb6b0cfefb603a18a509c57105,1,1,0.013542,0.0,0.32678647381815895,0.11162528173071885,0,Recent Potential
58b3484982047d4dadd77a66f6b30e9740a7932311c73c66b5b265348bfe81d0,1,1,0.013542,0.0,0.32678647381815895,0.11162528173071885,0,Recent Potential
745c4725cb4b54fc7acbedab4fc3edcef8c4f1e592d310afce7f1901ad9fe702,1,1,0.013542,0.0,0.32678647381815895,0.11162528173071885,0,Recent Potential
61249d1c98438bcbd4001ef80961ef0534d2d973855460357823edbf2c539dd1,1,1,0.013542,0.0,0.32678647381815895,0.11162528173071885,0,Recent Potential
6128ddb6ef29a944bc2c49d5f3c66ad733a0f73bea60ada122fb696e92fe69df,1,1,0.013542,0.0,0.32678647381815895,0.11162528173071885,0,Recent Potential
678ef022893ae5d44b4c3328ac55931c9ea8ae1a89b2a609a10f712841bb976d,1,1,0.013542,0.0,0.32678647381815895,0.11162528173071885,0,Recent Potential
1cd507f7e3da66e403b8c223e208daeec1547f40ad65bd3316c95aea5800d0de,1,1,0.013542,0.0,0.32678647381815895,0.11162528173071885,0,Recent Potential
1c7cdd73c4bc205f1476d8732357ef3f2db5c4f6b8d081f85014203b60b500f4,1,1,0.013542,0.0,0.32678647381815895,0.11162528173071885,0,Recent Potential
169eb508c81de92435be9779ff340696af5b2bf5599ebe5cd1eb580bd7d09ff7,1,2,0.013695,0.0,0.6535729476363179,0.11288644463906326,0,At Risk
60a0664056e8f6d06eb352132617625b23cfb169033656e7a79418e08cb28b18,1,1,0.01439,0.0,0.32678647381815895,0.11861525654298068,0,Hibernating / Lost
4139fa4ae6a00fc4bbb223fd542de0b3e1c9a359b01a01edb208a09b1658b3fc,1,2,0.01522,0.0,0.6535729476363179,0.12545685924837843,0,Loyal Customers
166e7aa259d99589b426683819db0d83ae7dbd8fa2419e4c3fa2e47ea3155e5a,1,2,0.01522,0.0,0.6535729476363179,0.12545685924837843,0,Loyal Customers
3fb9cb3f3e0ecab22b6c3e6d622bdcafdf0c664a34d4a50a573f41f4285f90e3,1,1,0.015237,0.0,0.32678647381815895,0.12559698846041673,0,Hibernating / Lost
55338702582147606ac999a49bdca2fa978b0900672ff8cde05678d430e3130e,1,1,0.015237,0.0,0.32678647381815895,0.12559698846041673,0,Hibernating / Lost
1850f27d4396a3b0b8ab72a90d4dc24771ef2f051e09bd59dd0addb14bb802f7,1,1,0.015237,0.0,0.32678647381815895,0.12559698846041673,0,Hibernating / Lost
4da23d7449eb7835a062ebc63a0c6e50708102b32f24c01349700df9787f4b9b,1,1,0.015237,0.0,0.32678647381815895,0.12559698846041673,0,Hibernating / Lost
7a299ef9c003e3bc1d02dcaec53903d30d332cf5f4f32e58046a46984fbf4fdf,1,1,0.015237,0.0,0.32678647381815895,0.12559698846041673,0,Promising / Needs Attention
7ad90099550340efd42ff984fd302f072f95fc30cd2ba2a2d8d0a12a8e9449ef,1,1,0.015237,0.0,0.32678647381815895,0.12559698846041673,0,Promising / Needs Attention
77dbc9fd676d9c2fc9c3a62fa23c37232fdb28ab7cc093affabc8cc70c0115b2,1,1,0.015237,0.0,0.32678647381815895,0.12559698846041673,0,Promising / Needs Attention
4555f906451d0e30cf541e19a7580629018e2e0dcdfbe8b9a1c626b62370d39c,1,1,0.015237,0.0,0.32678647381815895,0.12559698846041673,0,Recent Potential
55ca24d800da3dd14dc2732ed67287f35d4524945308099d472ae9b92058edd6,1,1,0.015237,0.0,0.32678647381815895,0.12559698846041673,0,Recent Potential
71ed6a5f3c3d9149cbfc5c74dcf53ebad136c9be5dd708c8031d803e71d7c834,1,1,0.015237,0.0,0.32678647381815895,0.12559698846041673,0,Recent Potential
1275b05785fe70c9c8e791c909367caa28044908910e72df79a7fc236a0098a0,1,1,0.015237,0.0,0.32678647381815895,0.12559698846041673,0,Recent Potential
129d1ca0c8c527c503ee028505d86c8ab97650e06be1a105bd9924180d319794,1,2,0.016424,0.0,0.6535729476363179,0.1353813046186181,0,Loyal Customers
10692ce55cf6dcc414dea225532fa4e76ad8f323e45c9658e1d4e77545874e10,1,2,0.016915,0.0,0.6535729476363179,0.13942856597807632,0,Hibernating / Lost
72dfd5228539a9c0e8fd38f658b19cbd254a6fe9d2ebe59e44804ec9bd82d8fb,1,2,0.016915,0.0,0.6535729476363179,0.13942856597807632,0,Loyal Customers
1e8411e6edea5bd302365181106873b5ae9dca1fa76885447ed7f926e122eb1f,1,2,0.016915,0.0,0.6535729476363179,0.13942856597807632,0,Loyal Customers
65f8423a8697077867a6c9f0b3b0fa05a5ccf49c00ccddacd6415390bc05f3b9,1,3,0.016915,0.0,0.9803594214544769,0.13942856597807632,0,Loyal Customers
740d604aa8ad29d3baf72dc05b93c3170ab0032b7283803b51d380aa960bbc83,1,3,0.016915,0.0,0.9803594214544769,0.13942856597807632,0,Loyal Customers
541e685b108760e23171baf1b9fa61a99b8e02c27e8fc51ad8b1ad943d7d6ce7,1,1,0.016932,0.0,0.32678647381815895,0.13956869519011458,0,Hibernating / Lost
55eac510b4d2c785bc0b44a91f9c2ddd670533068ad3d64d90b8ad8122ca4439,1,1,0.016932,0.0,0.32678647381815895,0.13956869519011458,0,Hibernating / Lost
5c69129c254beaa9a0bf7e0c9270b44bc2bcbd0605ce67604355c32e98e44350,1,1,0.016932,0.0,0.32678647381815895,0.13956869519011458,0,Hibernating / Lost
5cf605e86bbee8656892cad6a3fabe2ff52e7f9ad22b4fb763f6f8bda7010876,1,1,0.016932,0.0,0.32678647381815895,0.13956869519011458,0,Hibernating / Lost
3f1509bd0417ce843baf13d72894b838e7392de4ddcc070877ddb9f091653858,1,1,0.016932,0.0,0.32678647381815895,0.13956869519011458,0,Hibernating / Lost
412f36e6e20b8c8b04e9e264b417665d9642d6deeeb7258fd6c5f291706bf6f0,1,1,0.016932,0.0,0.32678647381815895,0.13956869519011458,0,Hibernating / Lost
7253db0286d34e996e7097d3d270da42dcec74083820cd6a517bde3953c66e99,1,1,0.016932,0.0,0.32678647381815895,0.13956869519011458,0,Hibernating / Lost
713c8dfa1a356b4ffbcaacb9ff39abd62942576a00fcfffc9a77dc52bc939d2b,1,1,0.016932,0.0,0.32678647381815895,0.13956869519011458,0,Hibernating / Lost
7a7fd50ce2776b4f1b910c5785dc39060c76506083d68ab0fc2a1ebf70a4ccf5,1,1,0.016932,0.0,0.32678647381815895,0.13956869519011458,0,Hibernating / Lost
793f3a772a2ef46f26bb5618c198ae579104be9a7425fe25cb7dad8fbf495527,1,1,0.016932,0.0,0.32678647381815895,0.13956869519011458,0,Hibernating / Lost
63c7dec3f06bbab3cbb81101b361d7ac522fd66bc5fd90073a9a7d0b4ca107c3,1,1,0.016932,0.0,0.32678647381815895,0.13956869519011458,0,Hibernating / Lost
67f855938804da88bc6bf3a3bb8cd6b99c13d90728a9022ee13509ce628cc1f8,1,1,0.016932,0.0,0.32678647381815895,0.13956869519011458,0,Hibernating / Lost
1e1f9511f94bd40cc90c849091ad569cc149afa2de5f75e2c6e1f503841e35ae,1,1,0.016932,0.0,0.32678647381815895,0.13956869519011458,0,Hibernating / Lost
5666e55bd94f8b0dc22b83b049b82fccd229ab8e5708547cca59e53301c3c329,1,1,0.016932,0.0,0.32678647381815895,0.13956869519011458,0,Hibernating / Lost
4f42ee39588c599eec8a3deb08dc90aed86ad2ce94749f8668ff7a0a01869e89,1,1,0.016932,0.0,0.32678647381815895,0.13956869519011458,0,Hibernating / Lost
5b14979ef1e5815ff394a538b1fba8fc964f746ef47b531cb251fe558e94de1c,1,1,0.016932,0.0,0.32678647381815895,0.13956869519011458,0,Hibernating / Lost
3fde339bfc0651a71dd97cdbf7106573588bdd155c9bb21dfdb25b2a055dc2a4,1,1,0.016932,0.0,0.32678647381815895,0.13956869519011458,0,Hibernating / Lost
4dee4e5cbc8562e1cd3e7057e96a09bb782a75b059fd9045254eb8561bd36772,1,1,0.016932,0.0,0.32678647381815895,0.13956869519011458,0,Hibernating / Lost
7cac7e671366db15245dc21b0bba43c811365b4563f6fa895d7c529073c44ff2,1,1,0.016932,0.0,0.32678647381815895,0.13956869519011458,0,Hibernating / Lost
5eb5cb14d1ec80e8c2fd5539edd0464266465de9580359eccecdd0d8a9fd8153,1,1,0.016932,0.0,0.32678647381815895,0.13956869519011458,0,Hibernating / Lost
66fc1a29a90f01fe4d9b5e6f00d3e6fc803a4b5ffafbc7b3f3bcd389ea510a87,1,1,0.016932,0.0,0.32678647381815895,0.13956869519011458,0,Hibernating / Lost
1d735b5091a87d666e76bce28f0bcb2c837b4559bc447d0359e179b4fa7c4188,1,1,0.016932,0.0,0.32678647381815895,0.13956869519011458,0,Hibernating / Lost
5c28fae280ebe49a2d0083604393406a9b64311e37940cc7ac2f8f1b89704fbc,1,1,0.016932,0.0,0.32678647381815895,0.13956869519011458,0,Hibernating / Lost
43d981f59036a2c2a2a956c3fe541556e5e364031fc62ed0138c1bd68dc6cac2,1,1,0.016932,0.0,0.32678647381815895,0.13956869519011458,0,Hibernating / Lost
43fce6ced843c0e96f7c6c0e7740dc0b4f7d90a92bcf65ab5404dd1890a000f6,1,1,0.016932,0.0,0.32678647381815895,0.13956869519011458,0,Hibernating / Lost
424c0d1a9110e8635d5cfcf04332602e9709d7563f9c22d709f3d6c859ad286d,1,1,0.016932,0.0,0.32678647381815895,0.13956869519011458,0,Hibernating / Lost
4c4154826e80f2cc1fa5d6ba90b2a443bea0b6916e29fe79c560644c0c708d96,1,1,0.016932,0.0,0.32678647381815895,0.13956869519011458,0,Hibernating / Lost
4e69ef94d9f827c40d8d204fa87964458ea3283f09849113daeaeef2d2116ef6,1,1,0.016932,0.0,0.32678647381815895,0.13956869519011458,0,Hibernating / Lost
6e2b64c52ea3d6871693214818e978f43bdb600cd70f9a73d8d8627b4d87ea6d,1,1,0.016932,0.0,0.32678647381815895,0.13956869519011458,0,Hibernating / Lost
16b50fcc5eeddc743649436d5aac4d11fa46ce9835ebd001d70100fb1cf261e2,1,1,0.016932,0.0,0.32678647381815895,0.13956869519011458,0,Hibernating / Lost
0ff3377c5abc7f1993ad1f8d890330b86a7ccec52fadfc7a5cf99e2dd66ecd65,1,1,0.016932,0.0,0.32678647381815895,0.13956869519011458,0,Hibernating / Lost
5335c41e1dd29df1ad31c95767d3b6d9eabadf827b930dbffe390714ee4f78f2,1,1,0.016932,0.0,0.32678647381815895,0.13956869519011458,0,Hibernating / Lost
53e3114ae37a37e34bff55eee908864ac2ca7b4204c2dc07675e6bda9f95f20c,1,1,0.016932,0.0,0.32678647381815895,0.13956869519011458,0,Hibernating / Lost
4ea0f60768fa8b7448946fb714cac1ff13a6ed4131eae3e792fa8dffd4c9ce26,1,1,0.016932,0.0,0.32678647381815895,0.13956869519011458,0,Hibernating / Lost
4f74083dccbebfbd18617c1868ff1eaa7daf928b7ef356238eef0daa56d59f17,1,1,0.016932,0.0,0.32678647381815895,0.13956869519011458,0,Hibernating / Lost
3fa283211e5ac989e0dac6b58c443ce9d21b8c49b24ce51a8d3064289014cdac,1,1,0.016932,0.0,0.32678647381815895,0.13956869519011458,0,Hibernating / Lost
400fe280736a36d9c34621e013ce4486c3fcfc52edafbdfe8f6954353e3ab057,1,1,0.016932,0.0,0.32678647381815895,0.13956869519011458,0,Hibernating / Lost
40d854a401068f45b452e869043956d32afa816935cae900e043f0ad7063e678,1,1,0.016932,0.0,0.32678647381815895,0.13956869519011458,0,Hibernating / Lost
46ad86650995fa88eaec551ad64e7fe59276c37f36a832510151c8800acc8761,1,1,0.016932,0.0,0.32678647381815895,0.13956869519011458,0,Promising / Needs Attention
48e16a7f30213c6de454e2bfe6663e08d0762126e9abd410147dc20b04f3d084,1,1,0.016932,0.0,0.32678647381815895,0.13956869519011458,0,Promising / Needs Attention
5f91acbc7d412ca38a4fce94723d94f9e259dd439a2be9dd3fb4c5088b58f18e,1,1,0.016932,0.0,0.32678647381815895,0.13956869519011458,0,Promising / Needs Attention
14590e44c1fcc1eb6090eaef5f5dcf87e3835e39e239147fd6ea890ecf7e81d9,1,1,0.016932,0.0,0.32678647381815895,0.13956869519011458,0,Promising / Needs Attention
17a2b20b59c845224172c004407bcc888cdb15bcf6f611b7df65ffa944d3fcdb,1,1,0.016932,0.0,0.32678647381815895,0.13956869519011458,0,Promising / Needs Attention
5db60c995de17db82e870ae9c472c31f5af608170a226e8c651672b6c34a79de,1,1,0.016932,0.0,0.32678647381815895,0.13956869519011458,0,Promising / Needs Attention
5884a5a38a374cb8821bc74afbb2575acff19b23a5293f088aa22e1fea660a9e,1,1,0.016932,0.0,0.32678647381815895,0.13956869519011458,0,Promising / Needs Attention
419e83cdfacae6f25576a791e315dd5ff2108bf0dbba3d1caa3ec680a0ffea98,1,1,0.016932,0.0,0.32678647381815895,0.13956869519011458,0,Promising / Needs Attention
412ec85dfc8d44e406d3ba0dcf7d28a00f5804df40e42de2a9b145f241b82fd8,1,1,0.016932,0.0,0.32678647381815895,0.13956869519011458,0,Promising / Needs Attention
4c458e03404275dc2bd58dde85197dbaf4766524e9df937b79c2a4c6d5779d1e,1,1,0.016932,0.0,0.32678647381815895,0.13956869519011458,0,Promising / Needs Attention
4daed4161c5604bdd963b4154dfd6d1c03d2b82707b54c061820c1a3790ba082,1,1,0.016932,0.0,0.32678647381815895,0.13956869519011458,0,Promising / Needs Attention
4c9dd0534452e0a68a3ba56dc44d10624805a39101010c2a4e3ed17dbb9003d1,1,1,0.016932,0.0,0.32678647381815895,0.13956869519011458,0,Promising / Needs Attention
747e381108a9edad941a06583255bb65019a310f31cb082bdeb4ff8f4d043c76,1,1,0.016932,0.0,0.32678647381815895,0.13956869519011458,0,Promising / Needs Attention
6f57c59afa0d1230b4c5bef7224d71ed3a35b308a2f10fa284b9126e783e2de7,1,1,0.016932,0.0,0.32678647381815895,0.13956869519011458,0,Promising / Needs Attention
7e6111a1992a83992fa412f6814031fde5e09dbe54bb68a64c75327900bb53cb,1,1,0.016932,0.0,0.32678647381815895,0.13956869519011458,0,Promising / Needs Attention
7f906a35c4f73d016b1bd364632e120bfce3970e43db676fd621eaa93989f8f4,1,1,0.016932,0.0,0.32678647381815895,0.13956869519011458,0,Promising / Needs Attention
5fcb82dbf6bcadeb0929eaeaf006fef6e1bacfafceea49d3ac7f674cf29ddd2e,1,1,0.016932,0.0,0.32678647381815895,0.13956869519011458,0,Promising / Needs Attention
5ee0e2e3c20dc04771c292e37543aac0ec9dc24a0e3c1ead11e2d026dfb70da0,1,1,0.016932,0.0,0.32678647381815895,0.13956869519011458,0,Promising / Needs Attention
67cb0d7652afd2f12a38ec794b3b42f3ca2ef53d9de061b665105883ef709b9f,1,1,0.016932,0.0,0.32678647381815895,0.13956869519011458,0,Promising / Needs Attention
14638924539afb35c32809a3755295e29b949a225b3377984a64b95bc0c52ec7,1,1,0.016932,0.0,0.32678647381815895,0.13956869519011458,0,Promising / Needs Attention
0f4775acc11c835be6155e7df27f8cc281c63d51de6eecb4da90c6dd466afc4f,1,1,0.016932,0.0,0.32678647381815895,0.13956869519011458,0,Promising / Needs Attention
0fd381c9290b3253300614f1b12f66bb499f3395d226b5bf9050ae79ec7c9118,1,1,0.016932,0.0,0.32678647381815895,0.13956869519011458,0,Promising / Needs Attention
116c8160a87399184eb349acbbcaad2b9b0489052be8fef1420b05a9c7a67bb1,1,1,0.016932,0.0,0.32678647381815895,0.13956869519011458,0,Recent Potential
1ca2e41ec0f94106e1fea405781d5a801ec555264ee2171bb4019ab25bbac7f3,1,1,0.016932,0.0,0.32678647381815895,0.13956869519011458,0,Recent Potential
54b910bec12ed79162e56e0c8d7e1c14aacd97af9691922a57d261de9ddb5ce9,1,1,0.016932,0.0,0.32678647381815895,0.13956869519011458,0,Recent Potential
5aaa75b34d84b9b334d2e5eec0b20190b5b31529cd1dba4e2a62c3d82c9cb896,1,1,0.016932,0.0,0.32678647381815895,0.13956869519011458,0,Recent Potential
41b78839b6921174b5bcc8180cb3512447c63c0909fc7c3fe6ee9a9032a86cbc,1,1,0.016932,0.0,0.32678647381815895,0.13956869519011458,0,Recent Potential
629307728ec004831c0c56b6b95fd8dadc97137a3a7c31760db66e04283f7fbf,1,1,0.016932,0.0,0.32678647381815895,0.13956869519011458,0,Recent Potential
60f7a6479cd5d9ee48a3fea3e10848ae206ec3e3935d45eb09c85f16f532bdb3,1,1,0.016932,0.0,0.32678647381815895,0.13956869519011458,0,Recent Potential
6a7e1cc34bdbab865134fdf7536f568b02002a0e2a9fe672edc767408cdd19f7,1,1,0.016932,0.0,0.32678647381815895,0.13956869519011458,0,Recent Potential
67e0fb44444bdb5990be3287db368e065cd19312e73898d64bde9b7c231fc084,1,1,0.016932,0.0,0.32678647381815895,0.13956869519011458,0,Recent Potential
0f8b541d475142ccb6eaf40ac3838123f1663a6b30a71be054b41bedf21501d6,1,1,0.016932,0.0,0.32678647381815895,0.13956869519011458,0,Recent Potential
4e88d56d08f40596fda7890806b733e63a9cd3c907aeeb8b2248ddb1f2c72e55,1,1,0.016932,0.0,0.32678647381815895,0.13956869519011458,0,Recent Potential
4b0ee77f1c8e9a56fbbdb84f71b3e5e2aac14e09e9fcf4bfb3409568b4bf6066,1,1,0.016932,0.0,0.32678647381815895,0.13956869519011458,0,Recent Potential
6f9ff47af3d764dd21344fd6129f79010a3dab46d9304686b84dea2e0137ad37,1,1,0.016932,0.0,0.32678647381815895,0.13956869519011458,0,Recent Potential
6a7b7dc5d3ac108c7e6e837e5f98f0b4c97bff97f420188cfb63a082283669ab,1,1,0.016932,0.0,0.32678647381815895,0.13956869519011458,0,Recent Potential
14325e10e6383b1a428bab9b4e9505ce2093ff1966ac36818d1ab05901bce7cd,1,1,0.016932,0.0,0.32678647381815895,0.13956869519011458,0,Recent Potential
174883d3d1771bf70ee773af2e66290dd9861c6765077766f42e06bb35703c6a,1,1,0.016932,0.0,0.32678647381815895,0.13956869519011458,0,Recent Potential
173a8dd9547d626c221e1a5513ca4e8e3bd7b2758bed09de105a7155644b6186,1,1,0.016932,0.0,0.32678647381815895,0.13956869519011458,0,Recent Potential
4f1d063b5411076b54a05f13e346a4f0f9ed66e36eab495a14551981af5205e8,1,1,0.016932,0.0,0.32678647381815895,0.13956869519011458,0,Recent Potential
51b6c01722d2636aa7e0143adb9ef8637e169019e0b9b9d42c316874b2cee551,1,1,0.016932,0.0,0.32678647381815895,0.13956869519011458,0,Recent Potential
4bb0acad26ad814fb6092e0fe81af9de44cff8955c9beede46615ff18f08d911,1,1,0.016932,0.0,0.32678647381815895,0.13956869519011458,0,Recent Potential
485c208e2da1553b22c3d1cd7c3fbec7baa3a2147b1418d7f6d5b3c23a732a98,1,1,0.016932,0.0,0.32678647381815895,0.13956869519011458,0,Recent Potential
7363d780e3dffdd21e5045b1dd8985409bebcf9b34fd1fb3e521a8ed79c03e46,1,1,0.016932,0.0,0.32678647381815895,0.13956869519011458,0,Recent Potential
7f9be25984915f545885cf0316ebec64ec029047d9a855f7e8d83c1bbe38c86a,1,1,0.016932,0.0,0.32678647381815895,0.13956869519011458,0,Recent Potential
799f2fbe2e31253568473180b1c0e7a80633602f6290388290e9b49e6aef3899,1,1,0.016932,0.0,0.32678647381815895,0.13956869519011458,0,Recent Potential
63aa2612fcb1e95fd32ee92e0feecb40fd21558ea1d850a3a273293dea74fa1b,1,1,0.016932,0.0,0.32678647381815895,0.13956869519011458,0,Recent Potential
65cf5e38708bfa84e79c7a2ffc31fb13380ff058336f3bf35439a6c1b6b43b04,1,1,0.016932,0.0,0.32678647381815895,0.13956869519011458,0,Recent Potential
64146599557af751f94c6d9aa40ba7b901d050eb7a1415e5d317891848983cad,1,1,0.016932,0.0,0.32678647381815895,0.13956869519011458,0,Recent Potential
1403b86be7b7a13716219a7713b724ebfcbcfd5783144cad8d030bf68791aeb8,1,1,0.016932,0.0,0.32678647381815895,0.13956869519011458,0,Recent Potential
15ccbe07ea0bb44828ac00059d555fe99e02675957128ef93b155775321bf92e,1,1,0.016932,0.0,0.32678647381815895,0.13956869519011458,0,Recent Potential
0fe93ccd9a6d0f2389163990a82ae5ce1f4d2577a608a8d3d9f6b856fbbf0e3e,1,1,0.016932,0.0,0.32678647381815895,0.13956869519011458,0,Recent Potential
1703d67a3d5cae33a830987f0bd144c49510f6289380a551e5409d8f24f133a4,1,1,0.016932,0.0,0.32678647381815895,0.13956869519011458,0,Recent Potential
4d207c41443f842d83c374a2a1c7b82f4731e7d200b01974e35792db78436316,1,1,0.017373,0.0,0.32678647381815895,0.14320381180828376,0,Hibernating / Lost
41feb6849becb341bab4fff1db2e0feb61f07e17765afc3867351ef670b0aaa9,1,1,0.01761,0.0,0.32678647381815895,0.14515737788199373,0,Promising / Needs Attention
58222ad5e93c21ea649a262f6d5d3f29a7ed3f50313703288e8b64f5397166a5,1,1,0.017627,0.0,0.32678647381815895,0.145297507094032,0,Hibernating / Lost
7ab2043fc97571e87eac4292a0790d0964f58b988ae449fa2efdedd9d3790681,1,2,0.017763,0.0,0.6535729476363179,0.14641854079033814,0,Loyal Customers
1ce5c798bd879515db7cabd1baa0a31c4cfcc0d83a34830d8f0baa4f8c96aef7,1,4,0.018593,0.0,1.3071458952726358,0.15326014349573588,0,At Risk
6cb50f2b757be8968012a23318a126cd3ebaa392840819c9d4bbdf34230f0e11,1,2,0.01861,0.0,0.6535729476363179,0.15340027270777418,0,At Risk
5522f878d402af3e2cd9836fc5e76537976797c5fb7e775ba9f714b1db41b4fd,1,1,0.018627,0.0,0.32678647381815895,0.15354040191981244,0,Hibernating / Lost
574412263fc9117e8d86f4e8b5beab0c36ed00dc204fbd7a7f5692a93a4619d2,1,1,0.018627,0.0,0.32678647381815895,0.15354040191981244,0,Hibernating / Lost
6716589d9d2f560d7d08d9f34a0a6e2be15403082f56c421f953ddfa7a039099,1,1,0.018627,0.0,0.32678647381815895,0.15354040191981244,0,Hibernating / Lost
596952b32d3e53fe39a83a33bf6961afd52f4ec9af822677ce306b1ac5490980,1,1,0.018627,0.0,0.32678647381815895,0.15354040191981244,0,Hibernating / Lost
45b01774c7ee654d18924df84d873eb0c423b8ff3dc5d2d9e1791ffae1c009b2,1,1,0.018627,0.0,0.32678647381815895,0.15354040191981244,0,Hibernating / Lost
706c01b5d2dc81e0ced18a4e82ce52f08c15278028059ded6206f4446a86c5eb,1,1,0.018627,0.0,0.32678647381815895,0.15354040191981244,0,Promising / Needs Attention
1e93a23eff1c5665c5519af438872f11c119e0c114642332a5bd1fd78405fee2,1,1,0.018627,0.0,0.32678647381815895,0.15354040191981244,0,Promising / Needs Attention
614591ac4f23e1e1a48c8312c497958d2ae2e0a12552a4a9f5fb6031bba53741,1,1,0.018627,0.0,0.32678647381815895,0.15354040191981244,0,Promising / Needs Attention
16f91941f5386f6fef42b5df98f87f8311d3bae8a8032a64caabd52af3bb89ec,1,1,0.018627,0.0,0.32678647381815895,0.15354040191981244,0,Recent Potential
46b32361e48eb9873e97ffa40e19dcea816985813b83176ac4338854bc326824,1,1,0.018627,0.0,0.32678647381815895,0.15354040191981244,0,Recent Potential
509165ba2ac26e8f2a615e2ac73e0becd4ed23cf4514a01e12281dc9138b35fd,1,1,0.018627,0.0,0.32678647381815895,0.15354040191981244,0,Recent Potential
5d72be2a7393375abd543548a72a27c95efe962d31b000a0d68a5d823ee47fdf,1,1,0.018627,0.0,0.32678647381815895,0.15354040191981244,0,Recent Potential
43607919ccb0346d52221be57d648d4fa91334d981d91f1507d34c88975e2993,1,1,0.018627,0.0,0.32678647381815895,0.15354040191981244,0,Recent Potential
15a87364ab451fc4d638febafd220a4db2bb597d0d4fcec557cd8d5af8ec67ea,1,1,0.019051,0.0,0.32678647381815895,0.15703538932594335,0,Hibernating / Lost
623336bf85c3bcf194ec56852bb6e33bc5729cd93ac9d5fe9af4352d4f2b0167,1,1,0.019051,0.0,0.32678647381815895,0.15703538932594335,0,Recent Potential
1c0c6b79958ccef4d8bd875a23307888d59cd53729ebcbcb7704ab9c9d3a811f,1,1,0.019051,0.0,0.32678647381815895,0.15703538932594335,0,Recent Potential
49b638b5d0268d56f5d2e460d02d930782c1fa9bc0eed0cfbac5209cb3625c67,1,1,0.019051,0.0,0.32678647381815895,0.15703538932594335,0,Recent Potential
70142bf60b747507aeaabcf8970c412f5586c5a1aad26dcf72ca257ed3f2884f,1,1,0.019339,0.0,0.32678647381815895,0.15940934303576812,0,Recent Potential
3ec44a2bb97d3435a28ebff6a86adb2945cd2001e2e0ff4aac14669b5f3eea7b,1,3,0.01961,0.0,0.9803594214544769,0.16164316753355462,0,At Risk
14e1584372667ff8c48b2bf9229854b1b97636890c78f8dcc3631e2b7aaa3d98,1,6,0.020271,0.0,1.9607188429089537,0.1670917210133955,4,Loyal Customers
5d0cdbd88c2ad947776b5ab93db1de38062825541cee399a97f6a9fc3fdf5d86,1,2,0.020305,0.0,0.6535729476363179,0.16737197943747203,0,Hibernating / Lost
65c10ef7415f68b891d20d3071a71a86044e1cd152123d0e83ad33873bb214fd,1,2,0.020305,0.0,0.6535729476363179,0.16737197943747203,0,Hibernating / Lost
0fe78916ddc47e285dfb6b2b16360431ff7342aa9b1bd0f4729036a897494278,1,2,0.020305,0.0,0.6535729476363179,0.16737197943747203,0,Loyal Customers
6391ee7f082cc3f92f1a02713da586713baf23c6d2c3aa9075fe3c87494efe27,1,2,0.020305,0.0,0.6535729476363179,0.16737197943747203,0,Loyal Customers
44372b42329d0fff875892df260c924cb51a9df098e34d82ed7c859ee3ce8e54,1,3,0.020305,0.0,0.9803594214544769,0.16737197943747203,0,Loyal Customers
7b53a05ef8dcea9d1219fcd378b24669f0cd2219f6d5ece9256d6ac28483031d,1,1,0.020322,0.0,0.32678647381815895,0.1675121086495103,0,Promising / Needs Attention
466a799885629c134d25a8b0c97c001667b5f6f8e4812c456f837727224ba915,1,1,0.02078,0.0,0.32678647381815895,0.17128735447971774,0,Promising / Needs Attention
4fc7ea2977de5c7a523990f0c28b7f7074420be6d3ba062798a86b0bca7a78e0,1,1,0.021169,0.0,0.32678647381815895,0.17449384056694633,0,Hibernating / Lost
48aa6a513ff35c9ccc2144d9bb331d6d9e1e17eb373a0b9254cf43a7d47bf44b,1,1,0.021593,0.0,0.32678647381815895,0.17798882797307727,0,Promising / Needs Attention
6977f0bc1f0b25f65cda88c3e1882c3dcdf6fdd3ddc8aae376e6d5ab7f60bbfd,1,1,0.021593,0.0,0.32678647381815895,0.17798882797307727,0,Recent Potential
6fac3aaf2ff986f4a7c4687ec10006e099eba935cb32e0f9ff2a15f371cdb88d,1,2,0.022,0.0,0.6535729476363179,0.1813436861671699,0,Hibernating / Lost
7011cf0fbce78b0b29824f9e0b0d886aceff86b3f303af1a5689520ca14f5407,1,2,0.022,0.0,0.6535729476363179,0.1813436861671699,0,Loyal Customers
655f85c53990a3df53f876ce0dda237533c1107c73e02adbb4e6b511d5f8d457,1,2,0.022,0.0,0.6535729476363179,0.1813436861671699,0,Loyal Customers
6e095de228601ebe79e6cb8d7f2efca368e36c3ff94c09f9fbc1d10f34ae8b04,1,2,0.022,0.0,0.6535729476363179,0.1813436861671699,0,Loyal Customers
4beb326835f6b19e364ce122b79ce951dc14f15263cad490660bc9ec5e78e86e,1,2,0.022,0.0,0.6535729476363179,0.1813436861671699,0,Loyal Customers
64b471c76866e91e64ba8544c1a412988bfc149cdd018fad909220e01fd1528f,1,2,0.022,0.0,0.6535729476363179,0.1813436861671699,0,Loyal Customers
5ced975a579fc4ccc47922ee59c4003e73bf8ed65cdff56d577b02d6bfaf8cc2,1,1,0.022017,0.0,0.32678647381815895,0.18148381537920816,0,Hibernating / Lost
70a10e1b20069d696b78d1ea69557847a0bd7f1da443910ee381dd69df1a6ba0,1,1,0.022017,0.0,0.32678647381815895,0.18148381537920816,0,Hibernating / Lost
64957aa6ba61f9671116e3040df21088fe60ec23e55eb7a2c3bf5d971f9a28d0,1,1,0.022017,0.0,0.32678647381815895,0.18148381537920816,0,Hibernating / Lost
58204e5ed075b4443c02f7c0ffa3f55ee6074e57a6e59e9a302bfb219bbcfb8f,1,1,0.022017,0.0,0.32678647381815895,0.18148381537920816,0,Hibernating / Lost
4139fe863782c637effb3e3103229eefc3a79f97028823e3884047a87f9d0f89,1,1,0.022017,0.0,0.32678647381815895,0.18148381537920816,0,Hibernating / Lost
6836fcf9f418276297e65d4665a92e068df7638e9312904e79bfdcdd9e5c0e16,1,1,0.022017,0.0,0.32678647381815895,0.18148381537920816,0,Hibernating / Lost
14020cd13db3ffb88c6daf021c76fdb691b36b3324a40dc782503ccda531ac73,1,1,0.022017,0.0,0.32678647381815895,0.18148381537920816,0,Hibernating / Lost
6e6142d0754ff992b12078b14b94d4b321f26525ae99041810addb9781556f47,1,1,0.022017,0.0,0.32678647381815895,0.18148381537920816,0,Promising / Needs Attention
66e2c1c8445972e3697448adfc8ba24df758b0c3c28216f01cf139965c419788,1,1,0.022017,0.0,0.32678647381815895,0.18148381537920816,0,Promising / Needs Attention
11bf43792d9705be17575f0b379ab36cde840363bf1cbf843f6f8a9b60849ea3,1,1,0.022017,0.0,0.32678647381815895,0.18148381537920816,0,Recent Potential
58bb0bd8c9e588041d7a5fbc5302b6091293f83ab4fae08adbd01296b6107aac,1,1,0.022017,0.0,0.32678647381815895,0.18148381537920816,0,Recent Potential
4b88385f524190251af367e44fb66b17253507f86ceabc144690b585afd25440,1,1,0.022017,0.0,0.32678647381815895,0.18148381537920816,0,Recent Potential
74e518f46129c8b66dbf08e7d23dce7036f4eb532c8ceb3fdc23f314faafcc37,1,1,0.022017,0.0,0.32678647381815895,0.18148381537920816,0,Recent Potential
70e4204b4df6664bb162e0739f09c44e6af0b097ea903d18361c39eb6af55667,1,1,0.022017,0.0,0.32678647381815895,0.18148381537920816,0,Recent Potential
7f409eaf1151b3bffa81178c01107bce5c455fc7e5ba43c9d665148956fefffe,1,1,0.022017,0.0,0.32678647381815895,0.18148381537920816,0,Recent Potential
67bc9f26ab582e0d556e1d33c2c74cd35bd8f80eeaeb00bd4320c168ee5dbad8,1,1,0.022017,0.0,0.32678647381815895,0.18148381537920816,0,Recent Potential
1e0af14c74830ec1f70b1f4a74363d53b585dc530818419478073f615dabcf9c,1,1,0.022017,0.0,0.32678647381815895,0.18148381537920816,0,Recent Potential
79947fdd24c03ac07f0c5a4406c19c53d1239663b22a1cf6e44bf89382ffeadd,1,1,0.022017,0.0,0.32678647381815895,0.18148381537920816,0,Recent Potential
12c0b958474e230138153ca89c12544272fc0cf1a3cb395ee7dc8b3e5e518c05,1,1,0.022017,0.0,0.32678647381815895,0.18148381537920816,0,Recent Potential
72a6abe8bb1bc0af6f3c744cc9f5a4e5e9bb449b318a724b8633cb17fbc070c0,1,1,0.022017,0.0,0.32678647381815895,0.18148381537920816,0,Recent Potential
54acfc8e2326614cae6e48268b86c1cb24da13c2dd5df265f87f3ffa498e76f5,1,1,0.022508,0.0,0.32678647381815895,0.18553107673866637,0,Recent Potential
60b49b9ada163f9af12c69a6011b0458a781bf886a17b8e6ae1e568095913ade,1,1,0.022864,0.0,0.32678647381815895,0.1884655472966442,0,Hibernating / Lost
46baae8d395f1545a9dc9c127170d3d8fd8eace89f418a03f2005b7a709ea3a1,1,1,0.022864,0.0,0.32678647381815895,0.1884655472966442,0,Promising / Needs Attention
48788b416d2569bdd2c1f6ab414f25ba27e4870f8d93822d41064e1853384da9,1,1,0.022864,0.0,0.32678647381815895,0.1884655472966442,0,Recent Potential
63cde5a5ce6e400938a22cf16247a3e1009f3a19d2a63e2f1cf649384c5ba0f3,1,1,0.022864,0.0,0.32678647381815895,0.1884655472966442,0,Recent Potential
154e67a2b96da31bc4b381de14646d569b83c3cf17cd2ae965a2bc358382c89a,1,1,0.022864,0.0,0.32678647381815895,0.1884655472966442,0,Recent Potential
50f8b41f7849bd9794e4063b2f0ccf9c0751ea30950781cf3c56733f3ca85081,1,2,0.023695,0.0,0.6535729476363179,0.19531539289686778,0,Hibernating / Lost
6f27c9a951e91e35826b5a2e8e53076f05af4e540472852458071b71a6972658,1,2,0.023695,0.0,0.6535729476363179,0.19531539289686778,0,Loyal Customers
6834e1f072f06a14bcc4ad46e90666ed95c93278fa99a56ba62c00e2183749d8,1,2,0.023695,0.0,0.6535729476363179,0.19531539289686778,0,Loyal Customers
57d1eced5b7d7263682b754438f88ca5b783365770b2e67015a3a2f56dbac188,1,2,0.023695,0.0,0.6535729476363179,0.19531539289686778,0,Loyal Customers
4078d35f7b2ae7a56cfdaec8c42959bf28f1f7ed742ab64fa8da8acd3d53c0e0,1,2,0.023695,0.0,0.6535729476363179,0.19531539289686778,0,Loyal Customers
49d82d4c60c76a03b9a9f46f511747a8731927cfa95b2cadb888e6887d0b7e0e,1,2,0.023695,0.0,0.6535729476363179,0.19531539289686778,0,Loyal Customers
484a772cf1dda659623ff2bb2812e69c617f27f89b67785eabc9e668e79b30e6,1,2,0.024373,0.0,0.6535729476363179,0.2009040755887469,0,Loyal Customers
59324b83572c2a018509222c8ef1e58876676854e71364eaaa8d437f98495891,1,2,0.024712,0.0,0.6535729476363179,0.2036984169346865,0,Loyal Customers
5ce49ccd887fb92889d6a99cd3970ed03c4c6de067eb987cd55a05a59f00d700,1,2,0.02539,0.0,0.6535729476363179,0.2092870996265656,0,Hibernating / Lost
58fd8a196aac0c188d660c7c6083011d03b7497788a26f694480b2ee38622387,1,2,0.02539,0.0,0.6535729476363179,0.2092870996265656,0,Hibernating / Lost
6af33c52f04e34a3dba18b2eee09c6323507f33ed324db044e0af0b4fa244667,1,2,0.02539,0.0,0.6535729476363179,0.2092870996265656,0,At Risk
5d3b0c8517bbf6aceb6db38539ca46edf9c407203cbe908daa24f5c1e524c981,1,2,0.02539,0.0,0.6535729476363179,0.2092870996265656,0,At Risk
6f7765947c95d0a1ed771205d1901bece9e0cb62c26525d4f98c0d671cc76f59,1,2,0.02539,0.0,0.6535729476363179,0.2092870996265656,0,Loyal Customers
1dc0470769b4d0bdb299f3aeb2d0589a1e2c08cf20bd9cab72354f64ef28f2b5,1,2,0.02539,0.0,0.6535729476363179,0.2092870996265656,0,Loyal Customers
605896cbc709994939bb5821b912bc8c7b8efe8b6e20e62360446011d4d9ebad,1,2,0.02539,0.0,0.6535729476363179,0.2092870996265656,0,Loyal Customers
5b02d8acca10af02abb80ea98ef992ca4185c9d5029a6876b76bf51a3381619f,1,2,0.02539,0.0,0.6535729476363179,0.2092870996265656,0,Loyal Customers
462845c6bed54cd9f3224964d9f9a2b1448397541df50d67093411cf4ec44146,1,2,0.02539,0.0,0.6535729476363179,0.2092870996265656,0,Loyal Customers
78fd4be5d6227d46448f91b945e0680dabb4194e063fd6fc0685eedf604eb1bb,1,2,0.02539,0.0,0.6535729476363179,0.2092870996265656,0,Loyal Customers
6213f046f56e169b72658965ef7652bcc2b698b9c750cfc59cd0ebf6bb15a200,1,2,0.02539,0.0,0.6535729476363179,0.2092870996265656,0,Loyal Customers
54fd37f4777763126821017329600d4a0f8730401cc435641655fead65429aa8,1,1,0.025407,0.0,0.32678647381815895,0.20942722883860387,0,Hibernating / Lost
5c3a70bff30326e322f1e58e5b358c85ca2ae774817db431a19daf2dfb6dc66e,1,1,0.025407,0.0,0.32678647381815895,0.20942722883860387,0,Hibernating / Lost
57ca7e34175525c093ea0efbe0b8997f93353cd0d3423bdb56fe6a46ef4eeba7,1,1,0.025407,0.0,0.32678647381815895,0.20942722883860387,0,Hibernating / Lost
5ab3a352c8cc1ab9151a32391826d35b4b3b114c39c2abaef157a1a47576b37b,1,1,0.025407,0.0,0.32678647381815895,0.20942722883860387,0,Hibernating / Lost
45014682a4c38a9acd84f3a0ef49e3b1c5fe4857097d0beb86ff91e228f5fb36,1,1,0.025407,0.0,0.32678647381815895,0.20942722883860387,0,Hibernating / Lost
44beecb6788a8ad9ce96dbdccf191b7561e97ceadbbc2a25e383f9cdbbaefba3,1,1,0.025407,0.0,0.32678647381815895,0.20942722883860387,0,Hibernating / Lost
4aa65cb8db87a49b5a8a50eb1e48d26443933762890fa14d0ee968430266e3eb,1,1,0.025407,0.0,0.32678647381815895,0.20942722883860387,0,Hibernating / Lost
756ac8b88c0100a1b6dd86eb6aac7b44ee848945007c16ebfc1bfc1e3e4a3d43,1,1,0.025407,0.0,0.32678647381815895,0.20942722883860387,0,Hibernating / Lost
70d766a626eb76ce80566bc8c9f42b2f9a1bdfe29610a416bf55a62eff946307,1,1,0.025407,0.0,0.32678647381815895,0.20942722883860387,0,Hibernating / Lost
7e088dea26714eedfd0d5d293c483ab91a46a66c6b5ea9449107c201933a7800,1,1,0.025407,0.0,0.32678647381815895,0.20942722883860387,0,Hibernating / Lost
14ef8fbcc434e32c653682449512fd9eb77ae3d43f23a8649285e487c3ea61da,1,1,0.025407,0.0,0.32678647381815895,0.20942722883860387,0,Hibernating / Lost
45acf5312b6698c72bf6343db44d19eae10c3f700b5212e1fd99844a4d0f1c7b,1,1,0.025407,0.0,0.32678647381815895,0.20942722883860387,0,Hibernating / Lost
451e304d5d3df746d194b7360fef76a6e9b21c1825fe44021ee2a67f8a5e85ec,1,1,0.025407,0.0,0.32678647381815895,0.20942722883860387,0,Hibernating / Lost
41a8340d26a25b890dfdecfd68a7e42a0f3c7e52690aa7d344bce6804c7278c4,1,1,0.025407,0.0,0.32678647381815895,0.20942722883860387,0,Hibernating / Lost
74617bfd6f31a8406a2a2cd20417fdf6332fa0cd60ea314b6884d65484b3de46,1,1,0.025407,0.0,0.32678647381815895,0.20942722883860387,0,Hibernating / Lost
7440d7a68a214d5ca09c6b785b4763f19293802a7e8bab8e639565074318d157,1,1,0.025407,0.0,0.32678647381815895,0.20942722883860387,0,Hibernating / Lost
6dad3f242702f6029ea10c8138089f6f860f4b0d476d537a36f70e56be5dc510,1,1,0.025407,0.0,0.32678647381815895,0.20942722883860387,0,Hibernating / Lost
0fc42f47c13c22da8d289e3d3a9f226d2275b820a4e8e6b91060eb6f2ef421fb,1,1,0.025407,0.0,0.32678647381815895,0.20942722883860387,0,Hibernating / Lost
560f88191bcfc646b0d5ac32a282b649d3ee8a69eefda12ad897784f470f796a,1,1,0.025407,0.0,0.32678647381815895,0.20942722883860387,0,Hibernating / Lost
5cc252d41e5c68a529c5af21cec39e27d301e7e343bb1989cb1e145c6fa07fec,1,1,0.025407,0.0,0.32678647381815895,0.20942722883860387,0,Hibernating / Lost
5d300d271d1cdfda7e59bfafddfbf517682dc573ea1f3395075c27d6a4ca4956,1,1,0.025407,0.0,0.32678647381815895,0.20942722883860387,0,Hibernating / Lost
42d0fe95b33d75995e741af03caa9b122a84472daff339334eb99aa17c43f33d,1,1,0.025407,0.0,0.32678647381815895,0.20942722883860387,0,Hibernating / Lost
4727b2b5f6b6a7cd30441807d66e3c2428b029b61a24caedae7e1222222f5f71,1,1,0.025407,0.0,0.32678647381815895,0.20942722883860387,0,Hibernating / Lost
72b59acd54ecbc20156986545fa2dd59320e969a528003e9273f84411fd252d5,1,1,0.025407,0.0,0.32678647381815895,0.20942722883860387,0,Hibernating / Lost
666c7707f53c6db5a7707f327a70db3de90aff5b9c58bc036699a8474b44d1cd,1,1,0.025407,0.0,0.32678647381815895,0.20942722883860387,0,Hibernating / Lost
148cedf21bb73fbea1edf43ceed5af2a501001d0d9fd3d1c31f761e4a6bf3291,1,1,0.025407,0.0,0.32678647381815895,0.20942722883860387,0,Hibernating / Lost
1022423ebb5541f46302d71489c91725d025e484d3523a05f7cc06d6c419b10a,1,1,0.025407,0.0,0.32678647381815895,0.20942722883860387,0,Hibernating / Lost
1cc872c53c7bb6779d21356c75ed93a453ab9089eb99d068c043e58ec951f021,1,1,0.025407,0.0,0.32678647381815895,0.20942722883860387,0,Hibernating / Lost
4f96d3c13acce2c8f2399e1decd6db474e095134c160c1c52cde3587484ca760,1,1,0.025407,0.0,0.32678647381815895,0.20942722883860387,0,Hibernating / Lost
5dfc676151e5f294dacc70698da244d5971d74e08387db2b1e38f6ebac9534fc,1,1,0.025407,0.0,0.32678647381815895,0.20942722883860387,0,Hibernating / Lost
5727287457fb6ba11df98be917d702ef17a0613864a03d43b056c7b35a9c2f82,1,1,0.025407,0.0,0.32678647381815895,0.20942722883860387,0,Hibernating / Lost
57fb67b3ba89676b861def9cae5bbc8cd56374f48adb416b09e4a933015afde4,1,1,0.025407,0.0,0.32678647381815895,0.20942722883860387,0,Hibernating / Lost
42846e9879bdc87242254ba067f5199046a162c077c3360e89c8c30dba92468d,1,1,0.025407,0.0,0.32678647381815895,0.20942722883860387,0,Hibernating / Lost
4547129b69e1c80ce1d9161467fb66c74c0eedd7f0ad0785c7ff6a8773b90340,1,1,0.025407,0.0,0.32678647381815895,0.20942722883860387,0,Hibernating / Lost
3f1bb6992a38bf58ade2a990344ae6e03d33e2815a3ec8b0bbc63f939b1b3d48,1,1,0.025407,0.0,0.32678647381815895,0.20942722883860387,0,Hibernating / Lost
4dbbca2023b35ff3c2a49954194635a555c5cfb9590aa3ba2b5ca6f2dbd560ca,1,1,0.025407,0.0,0.32678647381815895,0.20942722883860387,0,Hibernating / Lost
46b94d6204d538583b051d74071ea7015c9ed38ce9bb10b351ce64e1b0d8b284,1,1,0.025407,0.0,0.32678647381815895,0.20942722883860387,0,Promising / Needs Attention
752cf4d4c093ee2d3cf1ac5a7c08b818f430452fc95a90df4eb9b9fa1fdc4ab8,1,1,0.025407,0.0,0.32678647381815895,0.20942722883860387,0,Promising / Needs Attention
6fabbfceabfdfa728a2ccc96d11b887d36bae7dc796dcbe759e609e325ef569e,1,1,0.025407,0.0,0.32678647381815895,0.20942722883860387,0,Promising / Needs Attention
70e651f60ea234db6634aefe1d26595e9fe604337bad36dddbb2026477c65915,1,1,0.025407,0.0,0.32678647381815895,0.20942722883860387,0,Promising / Needs Attention
710415dfafbf7f070b172d39a5f29a592744ff94acc194757b0698bc1a861312,1,1,0.025407,0.0,0.32678647381815895,0.20942722883860387,0,Promising / Needs Attention
7b48800f6872111d89ff7d886a7ebce7dbb89eec143be05f7ff1380704949828,1,1,0.025407,0.0,0.32678647381815895,0.20942722883860387,0,Promising / Needs Attention
7d109dc7838374e1e5e6e0dd9b8cf76181e31809b6cd6431980abee45b2a43db,1,1,0.025407,0.0,0.32678647381815895,0.20942722883860387,0,Promising / Needs Attention
7d8f6d01fd1b68879e4653f8ea73f0470193a0f4187f2103cc9b30494b0a2703,1,1,0.025407,0.0,0.32678647381815895,0.20942722883860387,0,Promising / Needs Attention
78614c214d85523bf175ec929625c5222a422e1795eb4f2c664621fc6d724d75,1,1,0.025407,0.0,0.32678647381815895,0.20942722883860387,0,Promising / Needs Attention
79320bfd0c019e730a74efd5d45e08de70e6f0beb8c85b7cb59d77b53a67128d,1,1,0.025407,0.0,0.32678647381815895,0.20942722883860387,0,Promising / Needs Attention
1c884e41a0863df0a0cdc49d9a97e47f7c910479aa46af283ad7fe505a6583f0,1,1,0.025407,0.0,0.32678647381815895,0.20942722883860387,0,Promising / Needs Attention
50ea321cf3f72f13d733486293a629030dc18102f911dbfd8390effb9337c6c5,1,1,0.025407,0.0,0.32678647381815895,0.20942722883860387,0,Promising / Needs Attention
5e308d90f2de0c2ffd4d07ec17706e5c8806a74846d52d8ec8ea81b4e51b82ed,1,1,0.025407,0.0,0.32678647381815895,0.20942722883860387,0,Promising / Needs Attention
57e89628ee4c794f4e2d685dbfe0308159075d14afdc423bf37369193ce50c4b,1,1,0.025407,0.0,0.32678647381815895,0.20942722883860387,0,Promising / Needs Attention
5b1dfab5e6fa91c4028b8e6ee54a5a42b7d208a1733d68a0201ba76fbe9a83e2,1,1,0.025407,0.0,0.32678647381815895,0.20942722883860387,0,Promising / Needs Attention
447629f6a6967c94c9d6a236c3f411a2217b7c2a44a238a7ce237e43cc03d0b9,1,1,0.025407,0.0,0.32678647381815895,0.20942722883860387,0,Promising / Needs Attention
4b6e27965b1ff8576ca617f5f0fe8ccb65146db264e76251d81d59df4b55f5bd,1,1,0.025407,0.0,0.32678647381815895,0.20942722883860387,0,Promising / Needs Attention
4ca16cffaae83af2194b25e620ef365182a72a04ca2628487bc231c35156630a,1,1,0.025407,0.0,0.32678647381815895,0.20942722883860387,0,Promising / Needs Attention
49eab5cb35bfa33439ab173c5515d2700038c9465b0d3145f951d8b48272abae,1,1,0.025407,0.0,0.32678647381815895,0.20942722883860387,0,Promising / Needs Attention
7339c216b7195505068cbfaec46fad4349cba11213276137112c4433a25540e2,1,1,0.025407,0.0,0.32678647381815895,0.20942722883860387,0,Promising / Needs Attention
734c48ed3401f0e15967a13fd1c7e93ca91edd7114b9f3e7f87f27ba0f33f32b,1,1,0.025407,0.0,0.32678647381815895,0.20942722883860387,0,Promising / Needs Attention
7c5e7434eef12090f9a1e468eb391fcc3b2e2adcec6d3b0b23c9033d735e2a83,1,1,0.025407,0.0,0.32678647381815895,0.20942722883860387,0,Promising / Needs Attention
6069a8e869b6142adc130101b8dd52dc4cec601ddbce4a49c909da0e2b68f27f,1,1,0.025407,0.0,0.32678647381815895,0.20942722883860387,0,Promising / Needs Attention
610e8a364ec265e494576a97aeacad8f43d2cf998d2035260ff07212095a442f,1,1,0.025407,0.0,0.32678647381815895,0.20942722883860387,0,Promising / Needs Attention
6c051182fe486826cdd331070e5af84f481293d7e61af6c86397dfa04284b534,1,1,0.025407,0.0,0.32678647381815895,0.20942722883860387,0,Promising / Needs Attention
69c6285919518fe6a996eb9a31832723c846fa8f398ffa089ed3fad6e74ba364,1,1,0.025407,0.0,0.32678647381815895,0.20942722883860387,0,Promising / Needs Attention
14e06f9d8620987f77cf2ee90e349b2ac01c1f56f2d4027301f832020a1f173a,1,1,0.025407,0.0,0.32678647381815895,0.20942722883860387,0,Promising / Needs Attention
16fdd264c1668c6b5dd77fe60c29f3f99950f9d4730beafc66a8ecb1f1d3b1c7,1,1,0.025407,0.0,0.32678647381815895,0.20942722883860387,0,Recent Potential
53e3f608cfa494ff8e8c4eef32ff1db92ec76b97e847297c0e595fe6fe8f9c81,1,1,0.025407,0.0,0.32678647381815895,0.20942722883860387,0,Recent Potential
5655f064e9e3cc60df4197a1bb04b8732df5632510a7a4696b9b77a62e3abcff,1,1,0.025407,0.0,0.32678647381815895,0.20942722883860387,0,Recent Potential
517b4b1ae51ce18e049a5ab1475b6a2327401583368c47c3fed6fea4a605c70f,1,1,0.025407,0.0,0.32678647381815895,0.20942722883860387,0,Recent Potential
571b6cd35e0d2337bbb4e8aed0e0893c4d388b7af9b1f3133fd2a6113956f106,1,1,0.025407,0.0,0.32678647381815895,0.20942722883860387,0,Recent Potential
4d36e2aacdc226277922d25e29e0afcf9de02520d8f7c18aea1f9c0978ebd29e,1,1,0.025407,0.0,0.32678647381815895,0.20942722883860387,0,Recent Potential
7c3e9028e3db2a5995024dc1ea37e51db1d3385e5aeb4678855920586329f39d,1,1,0.025407,0.0,0.32678647381815895,0.20942722883860387,0,Recent Potential
7e5418e1a1565aeb0f7f4a6b27912fea9f7a6cf623abf3e357954ba61d3491a1,1,1,0.025407,0.0,0.32678647381815895,0.20942722883860387,0,Recent Potential
793973f81d7351a7e56d9df30c84aa8d689518da37d0e5f2f4dac91024fa1d8e,1,1,0.025407,0.0,0.32678647381815895,0.20942722883860387,0,Recent Potential
61e2065d579d20595339179a0d551f2ee008fc31aaba28f9335dd824e840ce71,1,1,0.025407,0.0,0.32678647381815895,0.20942722883860387,0,Recent Potential
69a56aa3eef9c0523305ed4a29e9e264b50c329d3b26f3b1349301a04415636d,1,1,0.025407,0.0,0.32678647381815895,0.20942722883860387,0,Recent Potential
6a66feab40cd7a472d4c545b3dbf25eb905484157ac437817da07482e62ff4d2,1,1,0.025407,0.0,0.32678647381815895,0.20942722883860387,0,Recent Potential
1450430d4712d4b848160cf6ea64f1e307b6fe5dc3984ef4fe2bafa4ed4b5312,1,1,0.025407,0.0,0.32678647381815895,0.20942722883860387,0,Recent Potential
10b46daa8d468d43a18e1fc0fe4d055e488bcd93503674a62e91adfb4e68bcb6,1,1,0.025407,0.0,0.32678647381815895,0.20942722883860387,0,Recent Potential
0f552ec086a4dc2f4f76ccd29f197c514eeb6ccb1ece61252117a886975191aa,1,1,0.025407,0.0,0.32678647381815895,0.20942722883860387,0,Recent Potential
511ad45a14e2e41ee6d8dc0ccde92ad185c7c1caf9acb53c4b0e39fe2040c75f,1,1,0.025407,0.0,0.32678647381815895,0.20942722883860387,0,Recent Potential
3fb9ea206b3d5c377231ff0362f72a55cb67ab250b5e1c449700d6cab13f35f1,1,1,0.025407,0.0,0.32678647381815895,0.20942722883860387,0,Recent Potential
3e316969770e0b9a864a6e192151a63bd98b3d34d39f16bbb69741a1747a8e09,1,1,0.025407,0.0,0.32678647381815895,0.20942722883860387,0,Recent Potential
4021cf921b22c268da5c69c529c8410bda4289dedfe4e64339663124817bd67d,1,1,0.025407,0.0,0.32678647381815895,0.20942722883860387,0,Recent Potential
74748198e01baa7b70854c8fb5506f260845b65ec224c5987e59d28f234a002f,1,1,0.025407,0.0,0.32678647381815895,0.20942722883860387,0,Recent Potential
7ad3c0df03973efc5fa10b50b1028b22d2b1b6f68c2dda1a5b2db2b3a5e2fefe,1,1,0.025407,0.0,0.32678647381815895,0.20942722883860387,0,Recent Potential
6a111c15fad1e8df9dad86ac3665294aeef35b7acaad273e89f0376da05e60e1,1,1,0.025407,0.0,0.32678647381815895,0.20942722883860387,0,Recent Potential
141d081fe39ba5a56e809cef9abedf09d75e00b0086e614aa6bcbea9714e8457,1,1,0.025407,0.0,0.32678647381815895,0.20942722883860387,0,Recent Potential
11490f6fb0832ffb4d38e13123dcc36e89fe333b4933e9f0f46abde5a740fe0d,1,1,0.025407,0.0,0.32678647381815895,0.20942722883860387,0,Recent Potential
16edfe277294d48159cc3af8bc047db75eb9dd9d36148b07395fc64008f2c96f,1,1,0.025407,0.0,0.32678647381815895,0.20942722883860387,0,Recent Potential
1b9b0f07e66ae9a51b2d14ea11ff3f02169c0c544f3ced217b81ff719d28446a,1,1,0.025407,0.0,0.32678647381815895,0.20942722883860387,0,Recent Potential
1af83530817e880b04c0f79b23e17915921db4a38655b8ba1f7415d965725a6f,1,1,0.025407,0.0,0.32678647381815895,0.20942722883860387,0,Recent Potential
1d16c8716942994f70bdf98f6413fc0904792a42eb818740729ddc3addd7352a,1,1,0.025407,0.0,0.32678647381815895,0.20942722883860387,0,Recent Potential
54eb7a454065b61ca0f81e1603048584604a3891be134a354a0a3375b71a690c,1,1,0.025407,0.0,0.32678647381815895,0.20942722883860387,0,Recent Potential
5de52e68e7d8f99708d988e04697ce2873704d3c4503dcbfdb7f4d3413d750f6,1,1,0.025407,0.0,0.32678647381815895,0.20942722883860387,0,Recent Potential
3e92093ee8dfa739fa36476d74567fe24a49246251ad431c0058a6924ba3cceb,1,1,0.025407,0.0,0.32678647381815895,0.20942722883860387,0,Recent Potential
4b249545e3f4cc26dde40144a60707a1ce79d632a1a6ecc656daf0e21d430cbc,1,1,0.025407,0.0,0.32678647381815895,0.20942722883860387,0,Recent Potential
47d216ce6fe7983263925a5ffd111b497f0eb12e46c766e7fca7054c1acdc985,1,1,0.025407,0.0,0.32678647381815895,0.20942722883860387,0,Recent Potential
475e6064f0d4f5b5acaf74ba301719116d63f54e7d854149239fb3a3b35ff9f1,1,1,0.025407,0.0,0.32678647381815895,0.20942722883860387,0,Recent Potential
48b7490aae0417abc9b3a376958957e03ed0fc1d5a7106fa783a9bdb89e3c1e7,1,1,0.025407,0.0,0.32678647381815895,0.20942722883860387,0,Recent Potential
739a319b13534983044c0a45119ce7711d760a232a487cc3b669cc850e7fec06,1,1,0.025407,0.0,0.32678647381815895,0.20942722883860387,0,Recent Potential
70bd2dd2c4d90268804baa00fe16d8f49ab90d709aff71c76f3081cdc1002c5c,1,1,0.025407,0.0,0.32678647381815895,0.20942722883860387,0,Recent Potential
7b7806a7f306034fff7c091911b09e7d12e503b725ed923078c166b818f15747,1,1,0.025407,0.0,0.32678647381815895,0.20942722883860387,0,Recent Potential
5fb2c3bebad7eae03c7aa22d0061ea0c8dd02efe9515ccf52a99034663970efe,1,1,0.025407,0.0,0.32678647381815895,0.20942722883860387,0,Recent Potential
61d9f2cbdb6a8d30ef65e0444a900720862a754cc0a3a9038fde177f4b5e08f4,1,1,0.025407,0.0,0.32678647381815895,0.20942722883860387,0,Recent Potential
60bfb64780d43a920340b2d7ff8f49ef4aba8178a3ce106b159d44d73bfcab17,1,1,0.025407,0.0,0.32678647381815895,0.20942722883860387,0,Recent Potential
6654beec8a3d1926304162b5bec5645e0b160b31e4ee12bc4a01f6119cdc5beb,1,1,0.025407,0.0,0.32678647381815895,0.20942722883860387,0,Recent Potential
693e6a2d2191bb6d85c3f3a81499584a39ba92922bc1a56118948faeb7d96303,1,1,0.025407,0.0,0.32678647381815895,0.20942722883860387,0,Recent Potential
7fa244f014fd3c96b1ea19eb154b517b2c395cdd38c9e2294a7efb8bea392bfa,1,1,0.025407,0.0,0.32678647381815895,0.20942722883860387,0,Recent Potential
15025286e70268679fe56001eb031fe81b778f1b5914d709ba8979e9d64bbf48,1,1,0.025407,0.0,0.32678647381815895,0.20942722883860387,0,Recent Potential
6e1f299cf4132405845e5f35030f8d0f939ce6b31a5e73c921ac00bf0708c959,1,1,0.025915,0.0,0.32678647381815895,0.21361461941010038,0,Recent Potential
449dc798daea242203c837369493dd08192c7ad2f4e80155c53b88556ea1edf7,1,2,0.027085,0.0,0.6535729476363179,0.2232588063562635,0,Hibernating / Lost
71a9d451b1a3293f615c48e78a67ece1fb1200d25c14ec6f53a57de901faad6e,1,2,0.027085,0.0,0.6535729476363179,0.2232588063562635,0,Hibernating / Lost
13f3244e78dc2cbc1cb97d5a522676edf43baf9042d6c25d76a0aa4f3289a2f6,1,2,0.027085,0.0,0.6535729476363179,0.2232588063562635,0,Hibernating / Lost
115d87c205014be7bbbfa7f27b744097b819b48dd8d5fa6a2f5015d4bfe5fd4f,1,2,0.027085,0.0,0.6535729476363179,0.2232588063562635,0,Hibernating / Lost
17474ca59d8f59e5f9649cd12d7028196770ba3046b056bb363f17bce15ffdc5,1,2,0.027085,0.0,0.6535729476363179,0.2232588063562635,0,Hibernating / Lost
71edf82899c79a3db215a0b9687163bb48d46011da7fc6d67c73fee719741ac9,1,2,0.027085,0.0,0.6535729476363179,0.2232588063562635,0,Loyal Customers
1757bb3e5b6ed3d7151f6eaa83bfc0baf1a93eab93b5d540b97bedd739531d45,1,2,0.027085,0.0,0.6535729476363179,0.2232588063562635,0,Loyal Customers
5555975b8d20275bb3abb768a4770d5333565e11f10c466a4c26cf429ef550af,1,2,0.027085,0.0,0.6535729476363179,0.2232588063562635,0,Loyal Customers
522fabe546eaaa5d27d87af6cec638e013b476a90cdececcad7d5f8da81f2cce,1,2,0.027085,0.0,0.6535729476363179,0.2232588063562635,0,Loyal Customers
4bb572aaee54034effaf3ae69b889b7ac77f3bd7e8cde0526f9c854330c446fb,1,2,0.027085,0.0,0.6535729476363179,0.2232588063562635,0,Loyal Customers
744dbdd6fd1412f3b8633a484826243c30f0b2311c26841a95e633dfc3a709fe,1,2,0.027085,0.0,0.6535729476363179,0.2232588063562635,0,Loyal Customers
6d8e7a8fe4e925e689eb6728a39ce6ec6556a73ccddad65d857bd5ae6fe1679e,1,2,0.027085,0.0,0.6535729476363179,0.2232588063562635,0,Loyal Customers
13a2d45fc4d513d5fd5ab0f2bdd0d8d86f27ce8c418178ea7eae9c59f06c0f72,1,2,0.027085,0.0,0.6535729476363179,0.2232588063562635,0,Loyal Customers
1d929b759045291a8a0a20bf8272ea7d1436673ca0420a68de75aae40dd70c87,1,2,0.027085,0.0,0.6535729476363179,0.2232588063562635,0,Loyal Customers
5ddc763bd6afa6e3ee375c1722a0069f55a4856763188439822b0473768e7b3e,1,2,0.027085,0.0,0.6535729476363179,0.2232588063562635,0,Loyal Customers
1226ec6561fdff82fa6e3f249ab3758e309f33642e4320b472714c41c469e170,1,2,0.027085,0.0,0.6535729476363179,0.2232588063562635,0,Loyal Customers
52a8f59a43e77cb01bd8cbd6c86b7d301de33f49dba42ca36706c0480d003d3b,1,2,0.027085,0.0,0.6535729476363179,0.2232588063562635,0,Loyal Customers
56757e843fd24bb36b7d68eb4d8ba42a739eb65fdb9fefed1165e94c2252d03b,1,1,0.027102,0.0,0.32678647381815895,0.22339893556830176,0,Hibernating / Lost
42dcc3c8cbfeffb08989ba0370e71fb262e9fd5928d5c72176d473b90587ec79,1,1,0.027102,0.0,0.32678647381815895,0.22339893556830176,0,Hibernating / Lost
6e5d3f2f87c4c8b2862c4d8600a53b41cdd4d6058dbe1a0afbe2b0ae60e1238d,1,1,0.027102,0.0,0.32678647381815895,0.22339893556830176,0,Hibernating / Lost
5cdddde0aa93fe8fe9421c617463e6d4a86d35af855a6e407f2637ee72a1fa29,1,1,0.027102,0.0,0.32678647381815895,0.22339893556830176,0,Hibernating / Lost
63702cb06a89da28b64c5dc1b49585a8c139e9c214e339b443fa9bc501695db2,1,1,0.027102,0.0,0.32678647381815895,0.22339893556830176,0,Promising / Needs Attention
6db3c89ecdbe7a928785408aba382dfc84a16ca78fc6f0aa8957b49a086bb680,1,1,0.027102,0.0,0.32678647381815895,0.22339893556830176,0,Promising / Needs Attention
55fc661167bd7c8b9f3074b7a97f367f2d5617847f02a1163125e3aa0f017524,1,1,0.027102,0.0,0.32678647381815895,0.22339893556830176,0,Promising / Needs Attention
48b76084727bf877b8cb28d2d8460057e6097e3c21254b972c52989adc4fc6de,1,1,0.027102,0.0,0.32678647381815895,0.22339893556830176,0,Promising / Needs Attention
7e18d136995f0bc4ed3cf3160b3348dcfefd5c3bb0974ee9eca88152b9ca5fe3,1,1,0.027102,0.0,0.32678647381815895,0.22339893556830176,0,Promising / Needs Attention
7e06b519b08d1ff9636b1aad25a815291e9f40a59ba0bb9cbcde69b0174f7c5f,1,1,0.027102,0.0,0.32678647381815895,0.22339893556830176,0,Promising / Needs Attention
74a872d5f01ed3795f0246d16e2fbdaca8bcc41f9062d4cb49684a44636355ae,1,1,0.027102,0.0,0.32678647381815895,0.22339893556830176,0,Recent Potential
60a8336c0671b5cb391f9fbae2d6800100f6f8bb370e328fa312e2d603516696,1,1,0.027102,0.0,0.32678647381815895,0.22339893556830176,0,Recent Potential
1cadedb82134e40a3cca02fa073c2b93be81895b8c3e093721d0653643c7edad,1,1,0.027102,0.0,0.32678647381815895,0.22339893556830176,0,Recent Potential
51b5db644f4220c0740f438a42c32eb37ab9244013b85ae4fb37ab30c148d8dd,1,1,0.027102,0.0,0.32678647381815895,0.22339893556830176,0,Recent Potential
59ffee427552bcf9b658ea06c2b7264040c9723cb8d4d905e1c8ac8f9d6011fa,1,1,0.027102,0.0,0.32678647381815895,0.22339893556830176,0,Recent Potential
7bd44a1009dd426aed6c00cc7de888ecdc1905bcb0befd4dc280c317d647750d,1,1,0.027102,0.0,0.32678647381815895,0.22339893556830176,0,Recent Potential
65b8dc4340294ced075039f855175cf9dad0010a6cb191655a91fb42eae39b80,1,1,0.027102,0.0,0.32678647381815895,0.22339893556830176,0,Recent Potential
444a6df2a09b96a9739959bba82252b86044025975f008cfb92eab5f5b1ac71f,1,1,0.027102,0.0,0.32678647381815895,0.22339893556830176,0,Recent Potential
46ac7ec020ec7aa10e1eff79c681993a7660bcd8b7d6a7a57b219f8614c4e97c,1,1,0.027102,0.0,0.32678647381815895,0.22339893556830176,0,Recent Potential
6f3aed3e6f8039ce1e2d24ef7a1ca6293e6d6a33038ff6f7deb162095a588c32,1,1,0.027102,0.0,0.32678647381815895,0.22339893556830176,0,Recent Potential
7e5386ebbeab03925dec11f80d533f17d7fa620181c246561aa0f9e819b8a535,1,1,0.027102,0.0,0.32678647381815895,0.22339893556830176,0,Recent Potential
791c7d9d532a82f60df9315075f3e40fddb6170aee86649a54eb2849422f3c4d,1,1,0.027102,0.0,0.32678647381815895,0.22339893556830176,0,Recent Potential
79dfa40cb6761774c4201b62ee0b45defde89bf7b0258ed88327e7b17afe9df9,1,2,0.027102,0.0,0.6535729476363179,0.22339893556830176,0,Hibernating / Lost
12229caace24adeb007ade52a8c646483965a9f7bd10fc8469e9db9dbc053e3e,1,2,0.027424,0.0,0.6535729476363179,0.22605314770220306,0,Loyal Customers
12291499b9047c3333994702c51b645316375f7eb53a15f46c6f0c8359e96ed8,1,2,0.027644,0.0,0.6535729476363179,0.22786658456387474,0,Loyal Customers
77fb8718d1d77256768f2217455db12442b275cf1b4f610b83af9bcb9378389a,1,2,0.027797,0.0,0.6535729476363179,0.22912774747221915,0,Loyal Customers
164e1a251f0e3d764750548180119c9e09b1dc87d00418622edf01816bf3e9b8,1,2,0.02878,0.0,0.6535729476363179,0.23723051308596135,0,Hibernating / Lost
5dd7c4bd5cbda401ee440301e11dac6df6f6a8b4e8e6cbf36cf4139549808b31,1,2,0.02878,0.0,0.6535729476363179,0.23723051308596135,0,Hibernating / Lost
4018c1012230a67d24f5a17c909212a7b328edff1f01fcf4731dc51c8852685d,1,2,0.02878,0.0,0.6535729476363179,0.23723051308596135,0,Hibernating / Lost
0fb4e27cdcdb839b2ef4800f2c6a6ddb9a6608cea7f65b8d8cb37ccbc69c5034,1,2,0.02878,0.0,0.6535729476363179,0.23723051308596135,0,Hibernating / Lost
1eaf061a412177729d59634bcd702e21fc3f1c9ab28a4eb4a314abc5cb4cf866,1,2,0.02878,0.0,0.6535729476363179,0.23723051308596135,0,Loyal Customers
581bc80910af685cc44ac6ac938e216e847e94b6df03f6b212124ed99fbfa74b,1,2,0.02878,0.0,0.6535729476363179,0.23723051308596135,0,Loyal Customers
120e871bfffc1e3c7430005d330eca940c416152462d012522a815e5c43bc975,1,2,0.02878,0.0,0.6535729476363179,0.23723051308596135,0,Loyal Customers
5715e9d296358f0bd5d257fa939524e64f56ca72dc3b311d29284cece42aa24f,1,2,0.02878,0.0,0.6535729476363179,0.23723051308596135,0,Loyal Customers
62061c962808e3ebced0117a71eeb5529a669d34075ce8f4e4eef4ccb815d6b5,1,2,0.02878,0.0,0.6535729476363179,0.23723051308596135,0,Loyal Customers
419d24b577b25ebf4e60feb39ff0466e6d7752f8ba02d1c0d8686761916e30db,1,1,0.028797,0.0,0.32678647381815895,0.23737064229799962,0,Hibernating / Lost
64ac4d59abdd76295e4606564f7e6bfe4fa1ec090131cf68543e79c920a292f8,1,1,0.028797,0.0,0.32678647381815895,0.23737064229799962,0,Hibernating / Lost
553b6243f374fd682f5784317e2c7eefc7dbf84d6edae04dab3fbb4e95e172f2,1,1,0.028797,0.0,0.32678647381815895,0.23737064229799962,0,Hibernating / Lost
6de80306b5fd9c3187558d4c218e96ab6e1dff383336ef7c8a5049e39b8b45b7,1,1,0.028797,0.0,0.32678647381815895,0.23737064229799962,0,Hibernating / Lost
57af3efd5855f8f3e5543fe597ea0fcb1abd174564e06bbfdee7bb1cb87c4069,1,1,0.028797,0.0,0.32678647381815895,0.23737064229799962,0,Recent Potential
625f273dd3991f4cd9f20ec9b6f9ee922a7cb176f9f6b80ecdc5fff976436762,1,1,0.028797,0.0,0.32678647381815895,0.23737064229799962,0,Recent Potential
5499c5844cef36f135c3dae5fdf3ba55148a50275d728d5f52eb6eed08913b70,1,1,0.028797,0.0,0.32678647381815895,0.23737064229799962,0,Recent Potential
1da454184044f77d4c04291d5292458c5120f73f55230a36137cda5b9b054b1a,1,1,0.028797,0.0,0.32678647381815895,0.23737064229799962,0,Recent Potential
614fc1a8edc5ab6f0c54cf06052d49f40e9b23ef0b39ead94d9eb9e0ead736ae,1,1,0.028797,0.0,0.32678647381815895,0.23737064229799962,0,Recent Potential
5123592671fe1a57881467a9b229fced43a7be7e4439eaba61ee5fbabb3dc328,1,1,0.028932,0.0,0.32678647381815895,0.23848343309947997,0,Recent Potential
78c1b89e2f10ef76b884be888367b21827921bd666b0bcb0bd2d1b18f26b387e,1,2,0.028949,0.0,0.6535729476363179,0.23862356231151824,0,Hibernating / Lost
5b57c64fa9e320f14efbe6ecefe93e1d28b62a68f61dffb0e8a09698e39e3e20,1,1,0.029644,0.0,0.32678647381815895,0.24435237421543565,0,Hibernating / Lost
6ebc567413fa7ba9e5caaef890079303091343f150d2a769d33db59775cef812,1,2,0.03022,0.0,0.6535729476363179,0.2491002816350852,0,Hibernating / Lost
63763aebe89c089c7c714c7b1d38ee20b08e1e6f34f90af2f9f05edd47c97fd2,1,3,0.030458,0.0,0.9803594214544769,0.25106209060362095,0,Loyal Customers
4453cfab32ef35132e2ed3fe16c8e70b35970142f3971b76d75eb0e59612ea67,1,2,0.030475,0.0,0.6535729476363179,0.2512022198156592,0,Hibernating / Lost
5143efe2865facee25743aafcd00f5e13e69db59c24843c12cfc0eea677ea9d0,1,2,0.030475,0.0,0.6535729476363179,0.2512022198156592,0,Hibernating / Lost
7aa3f31f99a008ed54c2b43e5e1a38f2c26d4b3e54703fe2ba4e61d29ba71d24,1,2,0.030475,0.0,0.6535729476363179,0.2512022198156592,0,At Risk
7c3c9f4814408ac2dcea98d875d3c92ccab792c9d0e720ad91b302546f13c442,1,2,0.030475,0.0,0.6535729476363179,0.2512022198156592,0,Loyal Customers
770f124bd70eee94ceb8d4c20ca78f7d06bb0f5360cc975d07a6322d4e47f1c5,1,2,0.030475,0.0,0.6535729476363179,0.2512022198156592,0,Loyal Customers
5059f2d43f1029ecf0a2992fd5f132d258f9a801355f47ae612f9c6d6c9002f5,1,2,0.030475,0.0,0.6535729476363179,0.2512022198156592,0,Loyal Customers
7ed76f5509cae3732191977671b51d1d636bbca9a967314be629595852eb92cb,1,2,0.030475,0.0,0.6535729476363179,0.2512022198156592,0,Loyal Customers
77b6bbecf400a445b0e46e1acc20507b7ad24416b0b33ba97fe5f3ba9e9324d6,1,2,0.030475,0.0,0.6535729476363179,0.2512022198156592,0,Loyal Customers
50a638d1fb10d8fec252eef0f3e7debbac473ebe9081ce7e6139bf0ae6f3254d,1,2,0.030475,0.0,0.6535729476363179,0.2512022198156592,0,Loyal Customers
7c17af7c775a43740d73e33bb61d9246d73a61c8b1cbe2efc646811ea4aab8fd,1,2,0.030475,0.0,0.6535729476363179,0.2512022198156592,0,Loyal Customers
6285ee21fa6fa5653e3204671b543a77eb5fbbe2ecbc1567c80b7a529c7d6cd4,1,2,0.030475,0.0,0.6535729476363179,0.2512022198156592,0,Loyal Customers
0f9a89f739d875ef5208ada0e5dfc952e04e259185a559fe5f313417d75d5667,1,2,0.030475,0.0,0.6535729476363179,0.2512022198156592,0,Loyal Customers
4201f0d25d8599d77974fa352f775077c8d70a8ea23e8281ff1ff417cc9a9b75,1,2,0.030475,0.0,0.6535729476363179,0.2512022198156592,0,Loyal Customers
48735f3f1684a8696aa171f627d9d772db1058f701f0483190c811f5b6db5f6b,1,2,0.030475,0.0,0.6535729476363179,0.2512022198156592,0,Loyal Customers
6abc43222be6216acf6bb8559832c87343297e2ed6e9c3436ec21bd398514055,1,2,0.030475,0.0,0.6535729476363179,0.2512022198156592,0,Loyal Customers
488f6f3d430756357ac2238348e7b1d53aaa728a83f72724fba80ef44da8f735,1,2,0.030475,0.0,0.6535729476363179,0.2512022198156592,0,Loyal Customers
45252866dd4577c8d7ae7bb3018f8365bebf691c5a353f1bc303c970e5d8f8e9,1,1,0.030492,0.0,0.32678647381815895,0.2513423490276975,0,Hibernating / Lost
768799b3ef31745ca865b74c789c767b524f89b663af2fc37f2b58028f6e4453,1,1,0.030492,0.0,0.32678647381815895,0.2513423490276975,0,Hibernating / Lost
7cae1a6328cf37dc39cbd56d56b38c419afe9f7b36ee8258d367c6cac87ebdb1,1,1,0.030492,0.0,0.32678647381815895,0.2513423490276975,0,Hibernating / Lost
12b3f45bfe35f170fb6a2ace0dbdd53df1c2e7b6394f4036e369ba22a1c07ba1,1,1,0.030492,0.0,0.32678647381815895,0.2513423490276975,0,Hibernating / Lost
7a9e4f35f4fe940028febcc87895fb6fd0618745bac7463d95b45861e9a15211,1,1,0.030492,0.0,0.32678647381815895,0.2513423490276975,0,Hibernating / Lost
7a77615c2dec29f82b9d6595e50654a3992954b77c3ca0738833748ae68fe9a0,1,1,0.030492,0.0,0.32678647381815895,0.2513423490276975,0,Hibernating / Lost
5f2ef80b9ebd1e8e114a1cdc1d65aa9ec380c884fb2524ea5ec3f1853b86b73f,1,1,0.030492,0.0,0.32678647381815895,0.2513423490276975,0,Hibernating / Lost
688d6fd24eb830a1b7e959dc6e2c567667be54950ffea69964cce014b94b3711,1,1,0.030492,0.0,0.32678647381815895,0.2513423490276975,0,Hibernating / Lost
14b9a39f2236239673e5974ed639f54db6992d57f14e08a60625b2ac834521f7,1,1,0.030492,0.0,0.32678647381815895,0.2513423490276975,0,Hibernating / Lost
40a624345d58c5b0583f3c2c6849aa05f391d416e3a1d0569b88a0abfbaed3f5,1,1,0.030492,0.0,0.32678647381815895,0.2513423490276975,0,Hibernating / Lost
142dad57c827b2da1c94d33f81050ebb8fe521f332c3602712c422ce621e3d21,1,1,0.030492,0.0,0.32678647381815895,0.2513423490276975,0,Hibernating / Lost
1deb323b2df8a08d9b2e34f742bf0c8763731ff5e1c9eb699f311edd8213ab0e,1,1,0.030492,0.0,0.32678647381815895,0.2513423490276975,0,Promising / Needs Attention
5194b3d0ee98fb25f312d049f0e28ed405602fc194daf9bb30bdb8fc3419673c,1,1,0.030492,0.0,0.32678647381815895,0.2513423490276975,0,Promising / Needs Attention
45acc74c4442deb19afdde1599d29711d89bc4570bc74eecc1193429e3eb45fc,1,1,0.030492,0.0,0.32678647381815895,0.2513423490276975,0,Promising / Needs Attention
45c27d1f8473be8cb796d5e9612c29c7840b1c42d5e6cbee8c7c60b2309b8c4c,1,1,0.030492,0.0,0.32678647381815895,0.2513423490276975,0,Promising / Needs Attention
3f36307f550fd799e06efcf0d73411caa7e87a15af5e66b5908fd54c75636602,1,1,0.030492,0.0,0.32678647381815895,0.2513423490276975,0,Promising / Needs Attention
1db23269b8d2533b43ca2dce6331e0eaa21d72776a0a4a38eb01d302a8a33251,1,1,0.030492,0.0,0.32678647381815895,0.2513423490276975,0,Recent Potential
54749c98a7aaba86b23990015a4c7c5f1c0fca883203c04a932b690a10d5c4fb,1,1,0.030492,0.0,0.32678647381815895,0.2513423490276975,0,Recent Potential
74308c1056b31f7648ce554c3277be9459264abe9402c7b951f9690089a4c858,1,1,0.030492,0.0,0.32678647381815895,0.2513423490276975,0,Recent Potential
1dc9384facfcf7591ad2cca80cc8fbf623322e21a224f301378c3739c0761fca,1,1,0.030492,0.0,0.32678647381815895,0.2513423490276975,0,Recent Potential
173f9a64d8f8332f7bf952fcaa06c6748a79ead9364fec9a25fad40d8d63f58d,1,1,0.030492,0.0,0.32678647381815895,0.2513423490276975,0,Recent Potential
4836c6f5129d1d7d34a5f41b1719e6370e59fd4e41194808ec2f925ce41849ce,1,1,0.030492,0.0,0.32678647381815895,0.2513423490276975,0,Recent Potential
7d034136010edb40fc252e93c0ef1181f54ffbb76a5ed5131a381c5525748dec,1,1,0.030492,0.0,0.32678647381815895,0.2513423490276975,0,Recent Potential
102a6305c25478db628e92489ac98811e4a6d5fdb928b29fee97a2ae81eb6924,1,1,0.030492,0.0,0.32678647381815895,0.2513423490276975,0,Recent Potential
45fb5237b5accbdf71fbdc154c71a3645c7f1e0ac1863dabc935dc9f58669a5b,1,1,0.030492,0.0,0.32678647381815895,0.2513423490276975,0,Recent Potential
3dd2afb6d1b14fc893654b38f1a24fb6d096728bc4274e851330e879b49fc645,1,1,0.030492,0.0,0.32678647381815895,0.2513423490276975,0,Recent Potential
7b0e08bdcc6d0813effe95e6c0bcc7f0a12a25251bdf4cff01d099c26d5400e4,1,1,0.030492,0.0,0.32678647381815895,0.2513423490276975,0,Recent Potential
0f726e9cb7734053b722182a5c676eb325aaaa0c09d0d3f409427c049310376b,1,1,0.030492,0.0,0.32678647381815895,0.2513423490276975,0,Recent Potential
7a6e7cabd63565d58c27ec9481c724fff1625b1cb845398059025c0e8a8507e6,1,3,0.031475,0.0,0.9803594214544769,0.2594451146414397,0,Loyal Customers
51154e57677f5be059c561f1913e3125e9a4f88bacd598955003ff0cad5a3780,1,1,0.031763,0.0,0.32678647381815895,0.26181906835126445,0,Hibernating / Lost
789ee1b499c4f58be916936d7b2eaafe025ea60cf92c8506195245da065ec35b,1,1,0.031763,0.0,0.32678647381815895,0.26181906835126445,0,Hibernating / Lost
77c9fec8c0b3d3df7ad60bcd8490680675b5d0d058c175a8fe5df288b6096b0e,1,1,0.031763,0.0,0.32678647381815895,0.26181906835126445,0,Hibernating / Lost
1e97e1e404aef4393fd5247e4940ae3a65150b72c1af1033c3a9095c8ca34aee,1,1,0.031763,0.0,0.32678647381815895,0.26181906835126445,0,Promising / Needs Attention
4780d3774c486b55aaac63ff59183c3ec5befeed7e45c41c00d9b09a460c2208,1,1,0.031763,0.0,0.32678647381815895,0.26181906835126445,0,Promising / Needs Attention
7ca0b3b32c26caed6e63166b15958479413e33d82120e4b39685e7907e59efa3,1,1,0.031763,0.0,0.32678647381815895,0.26181906835126445,0,Promising / Needs Attention
4234a9cbaa23d680edb84cceb607f8841394747d17cd31a9401aa90886f95259,1,1,0.031763,0.0,0.32678647381815895,0.26181906835126445,0,Recent Potential
7734bdb75149c89c96f2376be80e0adad8b6b6fb99ef06f61aad0b2383ec6f64,1,1,0.031763,0.0,0.32678647381815895,0.26181906835126445,0,Recent Potential
64c6e7fecd1993b7fdd05a4e606396ff026505028c9f0f6b523f17e64a6e44a0,1,1,0.031763,0.0,0.32678647381815895,0.26181906835126445,0,Recent Potential
7de48fcb6db124269c2e5d7ee6b1af34592eb86614e8f27df2449a87defcf7a5,1,3,0.031983,0.0,0.9803594214544769,0.26363250521293613,0,Loyal Customers
14415ac82ca86e5723ec6b116b5c0eb36115821eb309074806bab27551122f6c,1,2,0.032,0.0,0.6535729476363179,0.2637726344249744,0,At Risk
57bec4f21f05c6e868f0e5d60d5775f57b93350e881b51dc12e537c98460568f,1,2,0.032169,0.0,0.6535729476363179,0.26516568365053134,0,Hibernating / Lost
158dc4416a7e46ca9e89597e4921c8bd42ac359b2a64edc9a0502dc34cfe4773,1,2,0.032169,0.0,0.6535729476363179,0.26516568365053134,0,Loyal Customers
5cd23358d92fb3adb12ae8a9656d0ecf4651d86f99d51b539282d8fe5a5e64c6,1,2,0.032169,0.0,0.6535729476363179,0.26516568365053134,0,Loyal Customers
75b8fb50e6d3af4053d1be486a8131f8945bad6ce0d61337c468859078f8029d,1,1,0.032186,0.0,0.32678647381815895,0.26530581286256955,0,Hibernating / Lost
628e64470303edea42b0c07aab43b7ccc6fb3fd64d439dd1a75d5a9491ec3c2c,1,3,0.032508,0.0,0.9803594214544769,0.26796002499647087,0,Loyal Customers
5021305f9ded269f9d7ad42d6c2164b59264a44a58656781f2dc8bb48f641993,1,4,0.033831,0.0,1.3071458952726358,0.2788653748509784,0,At Risk
49d5958e6def426fd5f1d791c85b26cca4e1630d1f27edd0d5c2aca2694122c4,1,4,0.033831,0.0,1.3071458952726358,0.2788653748509784,0,Loyal Customers
79069628b30034de5da9f148f9cec84ec852663f34a82afbdd5e1ff37bfef4b2,1,4,0.033831,0.0,1.3071458952726358,0.2788653748509784,0,Loyal Customers
6ab0adc0e3d94fedf18dd235b282ef6980066ea9f9a959ac7aa4f19970d398b7,1,3,0.033847,0.0,0.9803594214544769,0.2789972611681909,0,At Risk
6c404c5459de01422997e572f8a944b036cff0914d7bfae05c86298e1da59fc3,1,3,0.033847,0.0,0.9803594214544769,0.2789972611681909,0,At Risk
5f79f708054416039252c9876d495131f83c83a8c06ffe78d443d1a7e357f748,1,3,0.033847,0.0,0.9803594214544769,0.2789972611681909,0,Loyal Customers
53769244a2cb9bf0d4354a43dfe3ace4d857afafbca75d20079a996fbb5a4c20,1,2,0.033864,0.0,0.6535729476363179,0.27913739038022917,0,Hibernating / Lost
71f6f948936446cb0dfd5a38b646c460fa1826f8b444d405ed11c5dd04b54d02,1,2,0.033864,0.0,0.6535729476363179,0.27913739038022917,0,Hibernating / Lost
7234f2c624d6e20fa72201f31d4df6023f2667c51fa1056acfc451906a318ad2,1,2,0.033864,0.0,0.6535729476363179,0.27913739038022917,0,Hibernating / Lost
1d3f63f26c47893265287b1368eada093512b25b8ea2bce5a73a66434882d29c,1,2,0.033864,0.0,0.6535729476363179,0.27913739038022917,0,Hibernating / Lost
5c6a05879a080dce1d04068aa449273adec50e7e668f15769bb41e523b7fad1e,1,2,0.033864,0.0,0.6535729476363179,0.27913739038022917,0,Hibernating / Lost
42c31df024233e2d6fa8dac4e2f5716813b9ea7ff529e466e3689e760272d6de,1,2,0.033864,0.0,0.6535729476363179,0.27913739038022917,0,Hibernating / Lost
16b8f8fc0e9740827b1087d7751327a29cd7a3491f52355bfe97767a001e47b2,1,2,0.033864,0.0,0.6535729476363179,0.27913739038022917,0,At Risk
76c5d367dba1b2695851e7718a0186b3e41dc7ae24ed8d49d735fa86d3c54c1a,1,2,0.033864,0.0,0.6535729476363179,0.27913739038022917,0,Loyal Customers
7486f75f51160ddb0eb00ae9780139611c11078cf69f9bae6ae725873f26442e,1,2,0.033864,0.0,0.6535729476363179,0.27913739038022917,0,Loyal Customers
64f3a2273118f0268cf9490bea31287ddbb692c5b86c96bd1cbe87320754af3f,1,2,0.033864,0.0,0.6535729476363179,0.27913739038022917,0,Loyal Customers
5ed81845dcdd16f0330ac395ab353b7db1f5360f6ad4649031b137d9b19df9c6,1,2,0.033864,0.0,0.6535729476363179,0.27913739038022917,0,Loyal Customers
66c24ae93205b14e6b8e7950355fdec4327a43f7c23db73b04379c47cf2993a3,1,2,0.033864,0.0,0.6535729476363179,0.27913739038022917,0,Loyal Customers
15caa4ef48dcf103d422ff6d0fba6e8c1f1c72653f92e516622424a7ea8aa58a,1,2,0.033864,0.0,0.6535729476363179,0.27913739038022917,0,Loyal Customers
10c1fa3e89e7bd9be347028645bc78d71928ce097b05125a745f60851c2b3b8d,1,2,0.033864,0.0,0.6535729476363179,0.27913739038022917,0,Loyal Customers
4921e5a78f3550d449f1aa7d4ea2b18bec1d44e5033d9c8c9a060b42d3ccea17,1,2,0.033864,0.0,0.6535729476363179,0.27913739038022917,0,Loyal Customers
71554b567407df790c6dc68c4761a926e2c85ffa1c2927b6cd9727d4702e3337,1,2,0.033864,0.0,0.6535729476363179,0.27913739038022917,0,Loyal Customers
5f71347e573e9d2dac1aad2d054a59d1340919458f0342fbbc7f6e8e79618243,1,2,0.033864,0.0,0.6535729476363179,0.27913739038022917,0,Loyal Customers
1502c68a9cc25294e51cff87951b77ff087b16e37eda6040f63c3ef746942cc4,1,2,0.033864,0.0,0.6535729476363179,0.27913739038022917,0,Loyal Customers
1ed98cbd59cc83c72ede650001e95e423eaacc7d60c3f22a85dc878b671bd94e,1,2,0.033864,0.0,0.6535729476363179,0.27913739038022917,0,Loyal Customers
5bb0e3c8b969af6ae2b8ed834cb25a522352b4c589e9410aa595fa728e505e07,1,2,0.033864,0.0,0.6535729476363179,0.27913739038022917,0,Loyal Customers
40f8a4c06e8f75507be886b7bf18bfd6c8c41806f302d63c9d3a4db5665668dd,1,2,0.033864,0.0,0.6535729476363179,0.27913739038022917,0,Loyal Customers
62dbb2c2912e8578c9cbeeb628728b7c3559d3d534e7e41e193af92d9862c204,1,2,0.033864,0.0,0.6535729476363179,0.27913739038022917,0,Loyal Customers
1417a528edcf0474dbbb9917d520d5a6dec384e83a619d9e2b255ac3e747ac7e,1,2,0.033864,0.0,0.6535729476363179,0.27913739038022917,0,Loyal Customers
168417ef4bb884487101b3cc75e0fa5bbce50151800724b39cad402d803ab687,1,2,0.033864,0.0,0.6535729476363179,0.27913739038022917,0,Loyal Customers
5b9ebfa950a77d089b9acd30fb87846c123743816b3710fc9dc654060c3ecf4b,1,2,0.033864,0.0,0.6535729476363179,0.27913739038022917,0,Loyal Customers
456cf888bd1b85982840c40b06a6b5f43285359c7bbee427889e24eb8bac5b0f,1,2,0.033864,0.0,0.6535729476363179,0.27913739038022917,0,Loyal Customers
3f536588315ccc8ebd066975076a3c05d67917fd007cc18522783416272e65d2,1,2,0.033864,0.0,0.6535729476363179,0.27913739038022917,0,Loyal Customers
3fe49773c308977b0d294de21f2ab9347d59708fe564f6166c74eff44ad4b49e,1,2,0.033864,0.0,0.6535729476363179,0.27913739038022917,0,Loyal Customers
792f8ce728f5bc4b69e726345cba6c3036ce88b9b497c2a335fdbf18653b2439,1,2,0.033864,0.0,0.6535729476363179,0.27913739038022917,0,Loyal Customers
64b0ada581569b799c0e4291b7d20939f2b60ffced4172e39851102cd68e9210,1,2,0.033864,0.0,0.6535729476363179,0.27913739038022917,0,Loyal Customers
55e3329d621ce28929de812516e59ec6367ba96a46181e987c08191c287556f2,1,2,0.033864,0.0,0.6535729476363179,0.27913739038022917,0,Loyal Customers
5b9f3f600e8deba4e8fc88fc5e83d0a988441e2d94c5ee6f37ee229b451dc599,1,2,0.033864,0.0,0.6535729476363179,0.27913739038022917,0,Loyal Customers
4b71eab59fe2804f40207d9fa66ea903bc35ce4764f2baa1e26968e692725749,1,2,0.033864,0.0,0.6535729476363179,0.27913739038022917,0,Loyal Customers
6e30cd7007216261867f06af8611cf06bd6551b82271dbcd76c88594c65e28c6,1,2,0.033864,0.0,0.6535729476363179,0.27913739038022917,0,Loyal Customers
103531d6fcf4fb05788cd87549932456db4db658e420e7022ffc070a518861a6,1,2,0.033864,0.0,0.6535729476363179,0.27913739038022917,0,Loyal Customers
102f4ff2462eed099f317ddb5f0d707634d1a0dfd4c8e1906c51b9376d1f2b9e,1,2,0.033864,0.0,0.6535729476363179,0.27913739038022917,0,Loyal Customers
138bbf7ae97bd7cda7667e1cf3bb3a3358c64b7c03ee087aa12628863407aa30,1,2,0.033864,0.0,0.6535729476363179,0.27913739038022917,0,Loyal Customers
6e485e4c86d9393f16c20a047ee97bb30912ef5fdf5e0559c8cf79f11a18c253,1,3,0.033864,0.0,0.9803594214544769,0.27913739038022917,0,Loyal Customers
54e62a3cdb64a3703312188fef1be5f2fd8b1a5e58123c785286e5a854f6d18f,1,1,0.033881,0.0,0.32678647381815895,0.27927751959226743,0,Hibernating / Lost
4faaec287095a86878b26eefc8c7c33702476499d3535c6df57eaa0f1690645e,1,1,0.033881,0.0,0.32678647381815895,0.27927751959226743,0,Hibernating / Lost
4e848f0e876c4d4e4f9686aa2b1da44f8044e9c0238a351e27c1eaf45c56f267,1,1,0.033881,0.0,0.32678647381815895,0.27927751959226743,0,Hibernating / Lost
4f8e5240c4d8cb42398dc7d5c50379a62d3ae7474b99f3c1ef7f28d4b0c5f452,1,1,0.033881,0.0,0.32678647381815895,0.27927751959226743,0,Hibernating / Lost
5221a77f99f5be83c8809d2b28b1d3e42b6c01f664ee3fd95e9cd2b248ce699f,1,1,0.033881,0.0,0.32678647381815895,0.27927751959226743,0,Hibernating / Lost
5a002b212b220d7f6783dbe60efc49a4147bc5744ce132d5b998b71482e70655,1,1,0.033881,0.0,0.32678647381815895,0.27927751959226743,0,Hibernating / Lost
4390d0db164d712ed3806a6471dbe29bc3c19114440036538846b46bff3a480b,1,1,0.033881,0.0,0.32678647381815895,0.27927751959226743,0,Hibernating / Lost
3faf09bdd49589f0266eae8505366bef7b5cb342b6c38408bce453850036e5d3,1,1,0.033881,0.0,0.32678647381815895,0.27927751959226743,0,Hibernating / Lost
3fb3810466fb9827fc232bb6a1d4cd73ec1449e63c2a76371fffa45d42fb0a05,1,1,0.033881,0.0,0.32678647381815895,0.27927751959226743,0,Hibernating / Lost
3fd9da71bf20081335ac817016d38122a60e0e6e8e22efa5cea71a6b15a245ae,1,1,0.033881,0.0,0.32678647381815895,0.27927751959226743,0,Hibernating / Lost
3f4d12485d9b3f55843c926954b80bc84563635a89336b643bae525b867a91f0,1,1,0.033881,0.0,0.32678647381815895,0.27927751959226743,0,Hibernating / Lost
470fb9b5e3bde27ffa27a5b1b8fbe1bcd50fc6656afdf232e499f87081a2cb3a,1,1,0.033881,0.0,0.32678647381815895,0.27927751959226743,0,Hibernating / Lost
46a8dd7ea64324d70ed66aa00e711a00b4cd6b71d94938ef3359dfcb2c2de3a3,1,1,0.033881,0.0,0.32678647381815895,0.27927751959226743,0,Hibernating / Lost
48f57658d9b985bd7d22d3d9a67e4ce0b1153845108615b29c7b05bb73deed3c,1,1,0.033881,0.0,0.32678647381815895,0.27927751959226743,0,Hibernating / Lost
7c0b9a466a096abc2b4780ef82563ac256715cada1a04808180294fcb0ed5813,1,1,0.033881,0.0,0.32678647381815895,0.27927751959226743,0,Hibernating / Lost
7e6bf6623359ac50d3a460f9dfd672a5f842ba0aab6f8292bcd728966c150602,1,1,0.033881,0.0,0.32678647381815895,0.27927751959226743,0,Hibernating / Lost
635ef77c975d6e5dbdd2e879c9858405557a01a18d43d65145905ac528cd52a6,1,1,0.033881,0.0,0.32678647381815895,0.27927751959226743,0,Hibernating / Lost
5f90f41a6fac63859b261f9f19343ce16e57e7de2c11a1af5a132f92b76f3292,1,1,0.033881,0.0,0.32678647381815895,0.27927751959226743,0,Hibernating / Lost
6d54f9cd2beca1b363d6ca30d0681aa5749253c03db2884fc048d30d3ebb8cce,1,1,0.033881,0.0,0.32678647381815895,0.27927751959226743,0,Hibernating / Lost
6d1442c3c65c9fd459fb1a579c3b754a59866c0255bc8e3bfc12f471537ad787,1,1,0.033881,0.0,0.32678647381815895,0.27927751959226743,0,Hibernating / Lost
67504a88f0640ccddb30d9d8104dd127d6059f55b57ceb6b1659aaa8175bfc1a,1,1,0.033881,0.0,0.32678647381815895,0.27927751959226743,0,Hibernating / Lost
6834cd6e163ed49c24a69240cb525080fe93ae8e9b755035b676ee1df4d0c43a,1,1,0.033881,0.0,0.32678647381815895,0.27927751959226743,0,Hibernating / Lost
6849be22f9785462e24d422eaba7f2bed1b9cf1c583fb3caeef8b5997f2ae460,1,1,0.033881,0.0,0.32678647381815895,0.27927751959226743,0,Hibernating / Lost
69caefab9d6784842d2909b45a74823fbf18c752f7f327eb154ef272fa174b2b,1,1,0.033881,0.0,0.32678647381815895,0.27927751959226743,0,Hibernating / Lost
15f40ebe19ce265c48035369b1e60ab99db23d9e93f59bacc86f082be37ab031,1,1,0.033881,0.0,0.32678647381815895,0.27927751959226743,0,Hibernating / Lost
10e3427a65aa2ebc56903c1544f46e84d40211309a7d720dbf70c0caedf3888e,1,1,0.033881,0.0,0.32678647381815895,0.27927751959226743,0,Hibernating / Lost
126af14ee80591f35c8e8a153da81eb09d72012a1e073faf7d48e5ed49a6f6ea,1,1,0.033881,0.0,0.32678647381815895,0.27927751959226743,0,Hibernating / Lost
176f36975bf5720139f30ea10c53a4ad506f93c26f9f682b8f8477510f36b1aa,1,1,0.033881,0.0,0.32678647381815895,0.27927751959226743,0,Hibernating / Lost
1772b108f0dee27edc81ad9c3280ecb1bd584233a408115e358ace3d06a78b40,1,1,0.033881,0.0,0.32678647381815895,0.27927751959226743,0,Hibernating / Lost
16ff9af31ce12edfa8081b83f9c2281cae7c5b0051b4eb3ee72cb0900ec3b572,1,1,0.033881,0.0,0.32678647381815895,0.27927751959226743,0,Hibernating / Lost
55c7d435b1a5dd565002fb7c72d688701b8fdb8258cd4458828b3f3f607f2f91,1,1,0.033881,0.0,0.32678647381815895,0.27927751959226743,0,Hibernating / Lost
554c9d81b8ec7e33648dba5bfc44aa1bd263bca01679804a3f02ccec80c19da0,1,1,0.033881,0.0,0.32678647381815895,0.27927751959226743,0,Hibernating / Lost
5e72447af36442f4352f1a63a3b266005b54bc2b2dc41a544fd5029672865888,1,1,0.033881,0.0,0.32678647381815895,0.27927751959226743,0,Hibernating / Lost
45f4cb00561b0cb68798aea285be6b5234ae41d01a46e480721932f22f60f1b6,1,1,0.033881,0.0,0.32678647381815895,0.27927751959226743,0,Hibernating / Lost
4b1c196cf2908c4f23247492c81a83d1a744f9fefecceeabcce1aef07626b2f2,1,1,0.033881,0.0,0.32678647381815895,0.27927751959226743,0,Hibernating / Lost
728793606ed19f2bffeb0ceca01a27d46ec277ecfa31cff2e7957301c51b8a5d,1,1,0.033881,0.0,0.32678647381815895,0.27927751959226743,0,Hibernating / Lost
7259687a49fea5e3bff0624213070ed10049e2fcf7b1a9132a14c1c574cfbe21,1,1,0.033881,0.0,0.32678647381815895,0.27927751959226743,0,Hibernating / Lost
77cc073ecfc323ce6a16c0a54ce36e9ceeb0ad7662c527886409deebca88e667,1,1,0.033881,0.0,0.32678647381815895,0.27927751959226743,0,Hibernating / Lost
79a3972318998dac223633758d7e6ec8cc87007508b497297cd760df29521698,1,1,0.033881,0.0,0.32678647381815895,0.27927751959226743,0,Hibernating / Lost
79f018f02b327a45348793763556af7bdd6fb8878af9c101909f73df29f4857c,1,1,0.033881,0.0,0.32678647381815895,0.27927751959226743,0,Hibernating / Lost
78ce08b78760afbc4ed5596b149bb22a844463db6044812d61440a9a1be7ff0c,1,1,0.033881,0.0,0.32678647381815895,0.27927751959226743,0,Hibernating / Lost
792646c16a9572d0942d78c63c11185ea9b6ea682a8b0508179831a87ed15436,1,1,0.033881,0.0,0.32678647381815895,0.27927751959226743,0,Hibernating / Lost
0fdb6a75eb9e5a85fe5f6affa36d7e4ad71dcd15fd727219cf40f6a6313889fd,1,1,0.033881,0.0,0.32678647381815895,0.27927751959226743,0,Hibernating / Lost
189f245e117b5f63c76490ffb2c5a6cc5eabebd6a9bbe0dd55e906a95ad5c374,1,1,0.033881,0.0,0.32678647381815895,0.27927751959226743,0,Hibernating / Lost
538708b0adf20801f27fe668d55f9c9b39ea2a30c90440b7f42ec913e298224d,1,1,0.033881,0.0,0.32678647381815895,0.27927751959226743,0,Hibernating / Lost
530e1f1a0c680b39f357636f1a333acc52961cce6eefc01b10d35588f537f453,1,1,0.033881,0.0,0.32678647381815895,0.27927751959226743,0,Hibernating / Lost
4fde6e428f069709b927a829701caf0379bff18c6be70040f7738198d6d5d5ad,1,1,0.033881,0.0,0.32678647381815895,0.27927751959226743,0,Hibernating / Lost
50861101786808e3c922ab8fa5b9a9ff23a245b543457975077e43c66baed87b,1,1,0.033881,0.0,0.32678647381815895,0.27927751959226743,0,Hibernating / Lost
52eb51a446d9b4013a2a56c6f38ecc69cecc0dd8aa61c2005edb7849fc8251bb,1,1,0.033881,0.0,0.32678647381815895,0.27927751959226743,0,Hibernating / Lost
5b700211b4a2665285632465a010d6c273123a1e38341d0544adad797bef7641,1,1,0.033881,0.0,0.32678647381815895,0.27927751959226743,0,Hibernating / Lost
5ac9398d6818c86cd3d89ad9d887540672ff3dca9e299c90b8eb8342e69d318a,1,1,0.033881,0.0,0.32678647381815895,0.27927751959226743,0,Hibernating / Lost
597ef2af6252860f7de89eaaa452ee0fde873883fe2970e1dac55845349293e9,1,1,0.033881,0.0,0.32678647381815895,0.27927751959226743,0,Hibernating / Lost
44a64abb82b41bb07b871977131a4eca2314d8d295c10b9adf14d2d174f3cae2,1,1,0.033881,0.0,0.32678647381815895,0.27927751959226743,0,Hibernating / Lost
3e039f5c491135c575bbae1fee753f14bbd235fbccbdf51293e4d4cd66f0c411,1,1,0.033881,0.0,0.32678647381815895,0.27927751959226743,0,Hibernating / Lost
4c5b266da721884a51ccd475fb80fb72c13f2a7dc4e55a10a12c7ada788c03fa,1,1,0.033881,0.0,0.32678647381815895,0.27927751959226743,0,Hibernating / Lost
4d67e3bc1bf4642eb2feca7d34ed9809f471b1d676a1233e283fe3a699cf9bfb,1,1,0.033881,0.0,0.32678647381815895,0.27927751959226743,0,Hibernating / Lost
70ebe67edcc1bee2ff5eb21c89de9d5eac8aa889c406bd3b55fe5c3c9d83cd03,1,1,0.033881,0.0,0.32678647381815895,0.27927751959226743,0,Hibernating / Lost
7713b4cb88dc10bfbcf5e09a9315085597f525761c44225fff7bbd7295a5a8f4,1,1,0.033881,0.0,0.32678647381815895,0.27927751959226743,0,Hibernating / Lost
6cf24e959bab6cf32ee3422d4ef4958ccd243dffc1fd6c57ac37523658a885bf,1,1,0.033881,0.0,0.32678647381815895,0.27927751959226743,0,Hibernating / Lost
6d11f05a9fa00bdef80694a0cd251281378b6a0b8aa39676fbec5f721a0bf08d,1,1,0.033881,0.0,0.32678647381815895,0.27927751959226743,0,Hibernating / Lost
67bf34097e88da146c3fb851b8cb2627fef4b25f829dd1fbf3883024c2b38fea,1,1,0.033881,0.0,0.32678647381815895,0.27927751959226743,0,Hibernating / Lost
68338f5a0abf156fbdc0863b5f1226b99a124ce1121775b750fdb869e3722851,1,1,0.033881,0.0,0.32678647381815895,0.27927751959226743,0,Hibernating / Lost
6a493537df6952ec41dc8cbd0766eb703d1efe3d91f80636b67a55845c6f01d2,1,1,0.033881,0.0,0.32678647381815895,0.27927751959226743,0,Hibernating / Lost
14b474f9dc788daddbeba23d74c788fe0b1770b9ba9da96d2e55ff6ca23c3d6a,1,1,0.033881,0.0,0.32678647381815895,0.27927751959226743,0,Hibernating / Lost
14db366b5d3b787c02a73e10eeb193311c71860b01fa89a4032a60de16cc047d,1,1,0.033881,0.0,0.32678647381815895,0.27927751959226743,0,Hibernating / Lost
0f50bec51fd5efca37306ada3c92bc7ccbc126038eb46574d3bf558cb3f3ed8d,1,1,0.033881,0.0,0.32678647381815895,0.27927751959226743,0,Hibernating / Lost
12e69d55d5f9f82dccbe2ab599b94680bb7328f79d162e4fa1cd992c11267833,1,1,0.033881,0.0,0.32678647381815895,0.27927751959226743,0,Hibernating / Lost
1870522821c3d0d191c2b370e070d7c86a3037099f391bbc26cf5104946817bb,1,1,0.033881,0.0,0.32678647381815895,0.27927751959226743,0,Hibernating / Lost
1742c3125da011a9b9cffa17583b0d298362802fbf73d565742caf6075474d3d,1,1,0.033881,0.0,0.32678647381815895,0.27927751959226743,0,Hibernating / Lost
fffef3b6b73545df065b521e19f64bf6fe93bfd450ab20e02ce5d1e58a8f700b,1,1,0.033881,0.0,0.32678647381815895,0.27927751959226743,0,Hibernating / Lost
5595d5ea67756db629ad24fcf0770c2c995a247757fc8e88ae5c51de3c0f1779,1,1,0.033881,0.0,0.32678647381815895,0.27927751959226743,0,Hibernating / Lost
4fa0a33b8f3ac095f681925715c4fb4ec69fd26f8355d3797537368c5f705e91,1,1,0.033881,0.0,0.32678647381815895,0.27927751959226743,0,Hibernating / Lost
513f8dddfe3fc5bd7e2453fe177b4801da1bda7d018b803e22bf26daba9e19af,1,1,0.033881,0.0,0.32678647381815895,0.27927751959226743,0,Hibernating / Lost
5d3642b32ac8ba4fe5033d012c44148e51bcf77ee6ae33b751fa284faec69b47,1,1,0.033881,0.0,0.32678647381815895,0.27927751959226743,0,Hibernating / Lost
5d58b9e04cc62c9a4465cb446609814730e65d279f9042073c377f57ec6bca26,1,1,0.033881,0.0,0.32678647381815895,0.27927751959226743,0,Hibernating / Lost
5dcc0a3b5ff3bee4e44a022216bdfed8447db1e8b4e940e80a7578e90cc32bd2,1,1,0.033881,0.0,0.32678647381815895,0.27927751959226743,0,Hibernating / Lost
4410585c6dcad22ea3f5aac1db58b9559cf062ceaa3fa4764c3e39b1aa820c80,1,1,0.033881,0.0,0.32678647381815895,0.27927751959226743,0,Hibernating / Lost
4409cb8bfe08e80eda45cf779110d40e93f36d69c041e7ca9b502a0492447f1b,1,1,0.033881,0.0,0.32678647381815895,0.27927751959226743,0,Hibernating / Lost
444bd8db745cb3b294bddbff2bc20c482979131786a0aedcc761666312d32de3,1,1,0.033881,0.0,0.32678647381815895,0.27927751959226743,0,Hibernating / Lost
428241d6b363b6515c703eff18169e2755d2a3e9fe0fabd90f1568c4efc21277,1,1,0.033881,0.0,0.32678647381815895,0.27927751959226743,0,Hibernating / Lost
455996c01f454eebe624f5036863e6fa902f2d02a153af6799cc8e734b146c6e,1,1,0.033881,0.0,0.32678647381815895,0.27927751959226743,0,Hibernating / Lost
3e3507df137a5cae339a9588b1079c067b93de56bbd22e1a7c4573ea472cb0af,1,1,0.033881,0.0,0.32678647381815895,0.27927751959226743,0,Hibernating / Lost
4848af06c844b14459eae634929f7c32e8ba916c8e2519cbbce3d35e17c9e21c,1,1,0.033881,0.0,0.32678647381815895,0.27927751959226743,0,Hibernating / Lost
4a1cb0e61ade9de4792cd972d55e9d0ad9a11b2d01b8e816287f23f48b70a541,1,1,0.033881,0.0,0.32678647381815895,0.27927751959226743,0,Promising / Needs Attention
6f875a49f05af8f516835bcb5c3635113fa78bc0fbc9704b0b05ea2cc80bdf3a,1,1,0.033881,0.0,0.32678647381815895,0.27927751959226743,0,Promising / Needs Attention
71058cb415a2deadada3d7d837ef44491c33f777d6e92ab5727a287ae5425d8e,1,1,0.033881,0.0,0.32678647381815895,0.27927751959226743,0,Promising / Needs Attention
7c3cd1cb6b158e3669c0b824263d8dade58cc6f189272bb4dcfb635c7827966b,1,1,0.033881,0.0,0.32678647381815895,0.27927751959226743,0,Promising / Needs Attention
7b0f722fa7a08cd1ab70292221b15840bdafdfb096383ed5b0a50898f27e3ec0,1,1,0.033881,0.0,0.32678647381815895,0.27927751959226743,0,Promising / Needs Attention
77f9559e3de9715be3dd700d3565f91dcf33fb843ee0ce9baaad63f836811eb6,1,1,0.033881,0.0,0.32678647381815895,0.27927751959226743,0,Promising / Needs Attention
641ac445e0fd7bba5dad6661a17c6a9a479ccfed548c75fbdb0670553decbef1,1,1,0.033881,0.0,0.32678647381815895,0.27927751959226743,0,Promising / Needs Attention
5fad2473cd8b6a2a6069f1a6cddea8082c3e7eaaaa56b58af09e5bfc8e39abf5,1,1,0.033881,0.0,0.32678647381815895,0.27927751959226743,0,Promising / Needs Attention
5fbedd842c0bbde6fae0affb8c30087bb742258e47eec17a6d35ce708e56b4ac,1,1,0.033881,0.0,0.32678647381815895,0.27927751959226743,0,Promising / Needs Attention
5fc26a87ec6cf48374fe6a0804e983ac3d96ddb443492bffd0f4a01464d2b0f3,1,1,0.033881,0.0,0.32678647381815895,0.27927751959226743,0,Promising / Needs Attention
609df92034cfb3a87cea15b46cb9dbe5c580bd87c88034bcb71b31620c991509,1,1,0.033881,0.0,0.32678647381815895,0.27927751959226743,0,Promising / Needs Attention
6b09fe1b162846a74f87a1d91fceea30652b64f69f800a766d657878b7670bf2,1,1,0.033881,0.0,0.32678647381815895,0.27927751959226743,0,Promising / Needs Attention
6e477661eff40e25be0b6f5a1937ddc013cae9a2b2aef829eff2fb73b11e29bd,1,1,0.033881,0.0,0.32678647381815895,0.27927751959226743,0,Promising / Needs Attention
68222556c04e9f3fd89479af53adf3b5fe700f0f7d66d5c095975561db628fde,1,1,0.033881,0.0,0.32678647381815895,0.27927751959226743,0,Promising / Needs Attention
0f81249dc232269a529a170ee67547431e9012398c370f60e92452d45855e9af,1,1,0.033881,0.0,0.32678647381815895,0.27927751959226743,0,Promising / Needs Attention
11676ca1233ef966606066f7ffc5934c1693afb78547760db0fbdd8ac82fdffa,1,1,0.033881,0.0,0.32678647381815895,0.27927751959226743,0,Promising / Needs Attention
1bd4000ad2f161c03092d29bb6261da2431fd3835b648f0865cc3f381fe2d7a1,1,1,0.033881,0.0,0.32678647381815895,0.27927751959226743,0,Promising / Needs Attention
1e2e50789c85a9cbee6ca1e3c9d32f95f1037941cd69aa56f062707d25dae630,1,1,0.033881,0.0,0.32678647381815895,0.27927751959226743,0,Promising / Needs Attention
1e450cad2c31b07feee0ae758a11751485c38f25d0e66d4fab02839bfc3040e8,1,1,0.033881,0.0,0.32678647381815895,0.27927751959226743,0,Promising / Needs Attention
17be44a326b2b5b9218cb6ddcca6e3da1d689f0dfbb28fa03d8974115844c707,1,1,0.033881,0.0,0.32678647381815895,0.27927751959226743,0,Promising / Needs Attention
53d894ef004472123c51784d6de628ae9efbb823c1295bc4d8b318e7bd0050a2,1,1,0.033881,0.0,0.32678647381815895,0.27927751959226743,0,Promising / Needs Attention
55d67cb284ee32cc7a9ffbb07a1d20e7549716b3dd8354007e00187f82a8dc25,1,1,0.033881,0.0,0.32678647381815895,0.27927751959226743,0,Promising / Needs Attention
5078f8fd9ae8d391ae586ef9d47dbe27062abc4ed63c526c93865dc6032358e5,1,1,0.033881,0.0,0.32678647381815895,0.27927751959226743,0,Promising / Needs Attention
52863c4f7a42064c3bb4d53c3382b733ef75c89894c0ec43c0da70ddab5a3f8c,1,1,0.033881,0.0,0.32678647381815895,0.27927751959226743,0,Promising / Needs Attention
518e2725532d5a67e97583f3e8ee7766a2a5057724e670592d99667e18e0eb05,1,1,0.033881,0.0,0.32678647381815895,0.27927751959226743,0,Promising / Needs Attention
5e382292de26d8cce2a23a46c82059cf36c764d33577531026817f6c7eacf85c,1,1,0.033881,0.0,0.32678647381815895,0.27927751959226743,0,Promising / Needs Attention
5b2109d9707be12be7304f6a63507957854588ddeb8e375e82f5948c0ee0bf0e,1,1,0.033881,0.0,0.32678647381815895,0.27927751959226743,0,Promising / Needs Attention
59bfd6aaf94551f357f78e5afd74bd9e0176690d577115a8aec7d6f5a92d49c8,1,1,0.033881,0.0,0.32678647381815895,0.27927751959226743,0,Promising / Needs Attention
4439e5f4587079936c2caa05e86de3aaed8a2c23aaddae43fb1b383cf465636c,1,1,0.033881,0.0,0.32678647381815895,0.27927751959226743,0,Promising / Needs Attention
44f173f89f5305b76fd0cfe81bf734f3c0846c9108120abdc38f09314fb774f4,1,1,0.033881,0.0,0.32678647381815895,0.27927751959226743,0,Promising / Needs Attention
46e9e0c4591dc106cbef56bf1c98ad368c433d65bb3a30d6f4a5588a2a51be42,1,1,0.033881,0.0,0.32678647381815895,0.27927751959226743,0,Promising / Needs Attention
490aed9eb696886772eacb52c5e0d4305bf19ea4f595c1fbca7751f19efc21e9,1,1,0.033881,0.0,0.32678647381815895,0.27927751959226743,0,Promising / Needs Attention
74206d07c28babc22a0c7af2660da8e42c616e18b7f89cbafbe30889585fb2bf,1,1,0.033881,0.0,0.32678647381815895,0.27927751959226743,0,Promising / Needs Attention
76ce4e24ac615c3ee95b27af2b54bd210c9b1cc41d401d7394df424e60c5d4e4,1,1,0.033881,0.0,0.32678647381815895,0.27927751959226743,0,Promising / Needs Attention
71474b9d05c128521346936d175c02e768cf7728f76d044941d52e52fd0536b4,1,1,0.033881,0.0,0.32678647381815895,0.27927751959226743,0,Promising / Needs Attention
7b9bd641f37f22a8e679fc75454c9e80ded77aaf580eac12cde3ee9a6276f2ae,1,1,0.033881,0.0,0.32678647381815895,0.27927751959226743,0,Promising / Needs Attention
77d4f3a9a59ac64161b40c7a0bdbbaea94bceb0b32e4d91943467929f1c8ed13,1,1,0.033881,0.0,0.32678647381815895,0.27927751959226743,0,Promising / Needs Attention
61b436eca1fe2ddc14dbcc4d4f656d3301d3240a2c952dfe51d6979cd5733c2d,1,1,0.033881,0.0,0.32678647381815895,0.27927751959226743,0,Promising / Needs Attention
14da26298a91d7d0314ce7189a1a60053ee62a260aee1b83e0007c076cbe49fe,1,1,0.033881,0.0,0.32678647381815895,0.27927751959226743,0,Promising / Needs Attention
17567b07ce8a2bc126ad7831f686cb3367d31c7d5cd7a5ea74ebde4b2299d6fb,1,1,0.033881,0.0,0.32678647381815895,0.27927751959226743,0,Recent Potential
55f9e3ef2cfcf3ab7e71771514f7fbab8dd47352dfeeab6d9a9bb1aa8ada084f,1,1,0.033881,0.0,0.32678647381815895,0.27927751959226743,0,Recent Potential
525e5fee05eadcb45ab0161dc4a8558495399d5d4690cbfe1a85f80223cd3f76,1,1,0.033881,0.0,0.32678647381815895,0.27927751959226743,0,Recent Potential
515a3f8c8ef321e53de1650e6be199aa5dc42fd3ef209daa70cad1601a1731cd,1,1,0.033881,0.0,0.32678647381815895,0.27927751959226743,0,Recent Potential
5751a7c03968d9b61099c3f4e5fa96600cf9026a5397ab0d7f5ca8b8d7a68912,1,1,0.033881,0.0,0.32678647381815895,0.27927751959226743,0,Recent Potential
5aa0ae38a94ad4ee939db393b896bdfb4581cd9596e10740c8e681f775bc14ce,1,1,0.033881,0.0,0.32678647381815895,0.27927751959226743,0,Recent Potential
446bd39f0960a09913d2acc27efb3523c6d6a9ae110cd21636b393b3d51180e7,1,1,0.033881,0.0,0.32678647381815895,0.27927751959226743,0,Recent Potential
44f539f6c91c818827692e78b448c48237f722e5fb7638da560011004e5c76d8,1,1,0.033881,0.0,0.32678647381815895,0.27927751959226743,0,Recent Potential
4168a4d11f5ba630fa720c9e3c8678ca777d9e95c94f677a2c5c47c81b9dce08,1,1,0.033881,0.0,0.32678647381815895,0.27927751959226743,0,Recent Potential
406382fbd6557ff550a74505aa271df87ecdf4d26e75f1822934ad4883e22f97,1,1,0.033881,0.0,0.32678647381815895,0.27927751959226743,0,Recent Potential
4e23e33fd550f2976fdf61be3c941e380d0059d4277818d2928db52ffd04c304,1,1,0.033881,0.0,0.32678647381815895,0.27927751959226743,0,Recent Potential
711bc0411639f7cec94a4a3a9d1b581a19a76e2a8e03c38c3ce9dd50e0c24356,1,1,0.033881,0.0,0.32678647381815895,0.27927751959226743,0,Recent Potential
7e93a88dbecd3389539cfc76377ba8189457a8b2102cfbd6d5b6b9461c4e34e8,1,1,0.033881,0.0,0.32678647381815895,0.27927751959226743,0,Recent Potential
7f564eafa30dbeb60bb265f907a95474df98fc95ed62211751df13a584b2cebb,1,1,0.033881,0.0,0.32678647381815895,0.27927751959226743,0,Recent Potential
7d131bfc8fc82acba6b9d05fd8aae01cf1bdc0ce9ed9d3c85115293d2060bca2,1,1,0.033881,0.0,0.32678647381815895,0.27927751959226743,0,Recent Potential
773a0cd8c97d28ae52888acaf457b62307bca5c5e35068632f4077e45e95756d,1,1,0.033881,0.0,0.32678647381815895,0.27927751959226743,0,Recent Potential
6393c9e7c332237a430d5bd35dbdd6fbabf989c7fadc7a5efc0c14e15fd15eb1,1,1,0.033881,0.0,0.32678647381815895,0.27927751959226743,0,Recent Potential
6e041804eda88eeacd05be16fef7b86c9719cccd3bba5dabdc2230b4a7f7707a,1,1,0.033881,0.0,0.32678647381815895,0.27927751959226743,0,Recent Potential
6e3830c602d00c47881795398031be1b354c3867cbde896dd7ac41d869d74568,1,1,0.033881,0.0,0.32678647381815895,0.27927751959226743,0,Recent Potential
6969bee43e05d5330532015d88a68f10516ad141bb7d5ea6186911f83c8df586,1,1,0.033881,0.0,0.32678647381815895,0.27927751959226743,0,Recent Potential
68ad87bd03523ceeb7f21e588a6a3a36773c504e19764ebf79c29ced0e6c2195,1,1,0.033881,0.0,0.32678647381815895,0.27927751959226743,0,Recent Potential
155141acca7718f7d31a135d1038dd0b2346f10376ed61c99bbe8e3ff09ae9b7,1,1,0.033881,0.0,0.32678647381815895,0.27927751959226743,0,Recent Potential
157f2db30063ed35a914e5f6c04ecb83b85812382317d0e8c8d7d9c85cf5bcd3,1,1,0.033881,0.0,0.32678647381815895,0.27927751959226743,0,Recent Potential
103f727d88928b27e4cb43d92aa9bc129cedc74edd736337017bf8c5a6d9e264,1,1,0.033881,0.0,0.32678647381815895,0.27927751959226743,0,Recent Potential
1e3eee2f9ee235b3d30af49d58595924800eca3c99213ac6e1dca64ce99f8d56,1,1,0.033881,0.0,0.32678647381815895,0.27927751959226743,0,Recent Potential
17175dc56c8c35d83aeec2114d5f97892910af541bb773e68223078374d83170,1,1,0.033881,0.0,0.32678647381815895,0.27927751959226743,0,Recent Potential
4edebdb072db6e633c14367877cd06d9f6d4bd4d93b482312ef04874534533c5,1,1,0.033881,0.0,0.32678647381815895,0.27927751959226743,0,Recent Potential
4f7911347e3584eb2bbec976c5b73538f5aeaacae8d50674b94cfa99f9edd1ef,1,1,0.033881,0.0,0.32678647381815895,0.27927751959226743,0,Recent Potential
4f8d50d8e45bf2c55276928b6ed5f0956a691c5a27044081e14416e732d768f8,1,1,0.033881,0.0,0.32678647381815895,0.27927751959226743,0,Recent Potential
50f9d5a8208cbe660914b3aa170c68d40e6c53fef6feb16ba2f171028dc91f15,1,1,0.033881,0.0,0.32678647381815895,0.27927751959226743,0,Recent Potential
5c033a7b574cb4c527187787fd7940d6f339c21fbd09b8d26188f0320464a507,1,1,0.033881,0.0,0.32678647381815895,0.27927751959226743,0,Recent Potential
5bcc7ab06314cceb4eccac2e37a7e536a79221f3dac7ecabc2704fe1af24b5a8,1,1,0.033881,0.0,0.32678647381815895,0.27927751959226743,0,Recent Potential
42ca8c46516cbbfddfc1bfe53ba064722f38ddf291d6a81756ca577c0fdaaffe,1,1,0.033881,0.0,0.32678647381815895,0.27927751959226743,0,Recent Potential
45985d8498a0afd308ebf2d00317273897581de1fcc9ff3a9123fa0043845d16,1,1,0.033881,0.0,0.32678647381815895,0.27927751959226743,0,Recent Potential
3e23994f9299d8500f2e4ef0b58e0e5058d36d7b9a381cb3c560ffa03ef974f0,1,1,0.033881,0.0,0.32678647381815895,0.27927751959226743,0,Recent Potential
4a9427828f6ef6c1bbf8d8119dda4cbe7811db2025f6c98fc9eaa5755cef568e,1,1,0.033881,0.0,0.32678647381815895,0.27927751959226743,0,Recent Potential
46ca6f3a021eedc05d019c0e75f56257339ea76abb6213c6d2aefa1dd242eb78,1,1,0.033881,0.0,0.32678647381815895,0.27927751959226743,0,Recent Potential
46c32a47cb01f2843029af7f1352fe469ab73449ffb7a0ffe41781c68b4df962,1,1,0.033881,0.0,0.32678647381815895,0.27927751959226743,0,Recent Potential
764cb09820b7b2c04a8da41de452b465466b35a3c4144f194432440f31283256,1,1,0.033881,0.0,0.32678647381815895,0.27927751959226743,0,Recent Potential
7ba4302374fb01a95e15f36f32d8324cc2b46b96cc2b6388e4691cee4d5b52f6,1,1,0.033881,0.0,0.32678647381815895,0.27927751959226743,0,Recent Potential
7b0135b7fee52c7568c449eb5f6193d112294d5c3c44814c7ff373dca5c6e89c,1,1,0.033881,0.0,0.32678647381815895,0.27927751959226743,0,Recent Potential
7b47f1b2420dea952c0954ae97df6aaace7635d5531c6c65dc9f37fa4311a4e8,1,1,0.033881,0.0,0.32678647381815895,0.27927751959226743,0,Recent Potential
7e02d6fe2d6e1c182194b6b4ccd450d56d9f31f1843266ac8183bbdfd2f84966,1,1,0.033881,0.0,0.32678647381815895,0.27927751959226743,0,Recent Potential
63c927dcd76de14fda7026d243672bbabe717beca2b52467ef92951993b820c2,1,1,0.033881,0.0,0.32678647381815895,0.27927751959226743,0,Recent Potential
65044fdc52d53c907f199e29b6df06466e9ed531c6adb123c5a04149cfe43744,1,1,0.033881,0.0,0.32678647381815895,0.27927751959226743,0,Recent Potential
65040ad367c548796f076f96bf30fd796caf7a225652a7c17a240fd5ceefc902,1,1,0.033881,0.0,0.32678647381815895,0.27927751959226743,0,Recent Potential
5fbdfc044706449c63312ea3d77d75d556871999db0b02a7f6fdd7b54106c5c3,1,1,0.033881,0.0,0.32678647381815895,0.27927751959226743,0,Recent Potential
5f410707826f1a51628570e20cababfd57589846acbb1ca678ca6ee5d6877b14,1,1,0.033881,0.0,0.32678647381815895,0.27927751959226743,0,Recent Potential
615eae99cd8a25f3f5df4495f52a84d3f852140ac503e57ba9370b1f3fe59faf,1,1,0.033881,0.0,0.32678647381815895,0.27927751959226743,0,Recent Potential
614c57bcb95fce958ecfd9727dd7c5385025a5aeefddeb1bd368463cc9ec9142,1,1,0.033881,0.0,0.32678647381815895,0.27927751959226743,0,Recent Potential
6e5b2d125895f9facb53c878fd961630c242bf6ba5bfe010ae745829608d226b,1,1,0.033881,0.0,0.32678647381815895,0.27927751959226743,0,Recent Potential
6d29cfd36b6770695b46c13492ad53b6de7a61a5cd26f4ff6a08458f1353dd1e,1,1,0.033881,0.0,0.32678647381815895,0.27927751959226743,0,Recent Potential
151e763753256fb17089b68ef094f483d4040b15816d1734a42bebe76131bd4b,1,1,0.033881,0.0,0.32678647381815895,0.27927751959226743,0,Recent Potential
1604b0d095fc9bc7981a6e173b1d53dce6ea70ea6eed128f20130c811852df55,1,1,0.033881,0.0,0.32678647381815895,0.27927751959226743,0,Recent Potential
11c0084c5dfc2cf8d0226b496c63759bde340b382167fa769052addbfc89f845,1,1,0.033881,0.0,0.32678647381815895,0.27927751959226743,0,Recent Potential
1e5be5e30909bf615ceb8fcd9e6a6dcf6664ba1894813728a4b99076e9deb00c,1,1,0.033881,0.0,0.32678647381815895,0.27927751959226743,0,Recent Potential
17291481f3117ea9b1b1f4c8562d9103bcf98ef6fe08289967ad59d740be6bfe,1,1,0.033881,0.0,0.32678647381815895,0.27927751959226743,0,Recent Potential
50c50d72bacadd944a6311f800865d8a8cdd896e2f46ce44355fddcaf1baa0ab,1,1,0.033881,0.0,0.32678647381815895,0.27927751959226743,0,Recent Potential
5d199e9953050d15c7018418604a805e1baf49f4e6c7b6f79b0315ea6a792703,1,1,0.033881,0.0,0.32678647381815895,0.27927751959226743,0,Recent Potential
5daeb2c97e87380d5f63f4c17745e2a3acd56cefc7a769656a027d5bbbd2a005,1,1,0.033881,0.0,0.32678647381815895,0.27927751959226743,0,Recent Potential
59754d2e39170cd4a182a15a4f10db5e387db852b974cb0577f2bc8b8fce6b91,1,1,0.033881,0.0,0.32678647381815895,0.27927751959226743,0,Recent Potential
59b23215710aa34f524365579c3f2e09e1fd309611400ae8f9462d3a06d216bc,1,1,0.033881,0.0,0.32678647381815895,0.27927751959226743,0,Recent Potential
40adc85104a11281649c4d6814a07ad36dbe85ab0cf3384efa77bb8cc54e8ad4,1,1,0.033881,0.0,0.32678647381815895,0.27927751959226743,0,Recent Potential
4aa9fd1d09e664d67deefe48b018e59a11f9eb7a45636b838aa3c01fbbbcfd22,1,1,0.033881,0.0,0.32678647381815895,0.27927751959226743,0,Recent Potential
4c8c8ff97fa61d8d3d966cfa5b9c046b5e25f3b3736740b1429c091e706f8443,1,1,0.033881,0.0,0.32678647381815895,0.27927751959226743,0,Recent Potential
4d171b8df34699beb11ed382edf9e61daf663ba9f5643a8edfdfd8c8f9407178,1,1,0.033881,0.0,0.32678647381815895,0.27927751959226743,0,Recent Potential
489de37049265ddba6242dff9851b41b785617ba7370911a69607d8083d48070,1,1,0.033881,0.0,0.32678647381815895,0.27927751959226743,0,Recent Potential
73fca3470bb625d49f0e8417e07dfe063d06c1a284756d3d5a6fb0f292cf6f4b,1,1,0.033881,0.0,0.32678647381815895,0.27927751959226743,0,Recent Potential
755904f42a6ca86a76ec4a77428dff6c359aa3a8d26f3fcbcbc3d96baee78748,1,1,0.033881,0.0,0.32678647381815895,0.27927751959226743,0,Recent Potential
6f7b31f102541ce08bbd52fcef8f42cdc19d6ff8a679848524d47303ec6c666f,1,1,0.033881,0.0,0.32678647381815895,0.27927751959226743,0,Recent Potential
728c75903c2a0c2a7d734fb167a56f2e3bf7b5a8a541cd5239f89eb4afd778c1,1,1,0.033881,0.0,0.32678647381815895,0.27927751959226743,0,Recent Potential
7ac4afb11f9b7c00be4583d2ef89546cb4046d4621ed70a00a709396ee0167ed,1,1,0.033881,0.0,0.32678647381815895,0.27927751959226743,0,Recent Potential
7ea000b1b18f2f2f272ea5e8e1377fae1cd8c5bd5b5507b97c85a3cf9b5775fe,1,1,0.033881,0.0,0.32678647381815895,0.27927751959226743,0,Recent Potential
77ac1d27969580d567904999c8692a0689755786d8a082ab76d62e00c3605304,1,1,0.033881,0.0,0.32678647381815895,0.27927751959226743,0,Recent Potential
79df58f12e1005ac7f5de21c206ef43226e7f27f35ef1cb358b2034979ba0ab9,1,1,0.033881,0.0,0.32678647381815895,0.27927751959226743,0,Recent Potential
5fb0f1b9d07e2fec29302b4846a167a14f6b0893bff904b10d9bb0868de7ab30,1,1,0.033881,0.0,0.32678647381815895,0.27927751959226743,0,Recent Potential
67ed4cfe9e746acce3163aca1b2c78eafdb69d695afce39e02530fdfc6810977,1,1,0.033881,0.0,0.32678647381815895,0.27927751959226743,0,Recent Potential
69636f8d6df30555e36a249ccc3e81aaab90a9b86bc927674457e330f64e37db,1,1,0.033881,0.0,0.32678647381815895,0.27927751959226743,0,Recent Potential
149bd808689c29e4cf80faab01ad37bad217f5b31cdc046189169dc91977da67,1,1,0.033881,0.0,0.32678647381815895,0.27927751959226743,0,Recent Potential
10bbd890905d8a632542bc5d6d3a3ea997016b0dbe5753e8d7f7065dd236a407,1,1,0.033881,0.0,0.32678647381815895,0.27927751959226743,0,Recent Potential
1005d49b0724a26371915545692774d4745dd8ebe9bf557a50006ecc0b6fced3,1,1,0.033881,0.0,0.32678647381815895,0.27927751959226743,0,Recent Potential
1c03348ccb6727a7aec52c3fff41c28075e83ff788c4d4854160ac76979273c5,1,1,0.033881,0.0,0.32678647381815895,0.27927751959226743,0,Recent Potential
1851e1e7467fb30b9af9f3e0a9cded632e3418d60681d109e1ed5cc249cf3fe0,1,1,0.033881,0.0,0.32678647381815895,0.27927751959226743,0,Recent Potential
16f7e6c493c216a90004e2863e3fc2c46c3ba2d8cca2fdcb9086d8933b180386,1,1,0.033881,0.0,0.32678647381815895,0.27927751959226743,0,Recent Potential
46560d8037b8eccee938866b08164b0ed35d1e1769b6742e720e430f7f97e871,1,1,0.033898,0.0,0.32678647381815895,0.2794176488043057,0,Promising / Needs Attention
57077b7ff87681013cbc9ad71ffb4a3ac0702bfd9ed08c26b86b63ddc5faa945,1,4,0.033898,0.0,1.3071458952726358,0.2794176488043057,0,At Risk
7412b182551e6f67758b2be1dda2b1f366f025b775da77a2f73efb589acc4fae,1,3,0.034695,0.0,0.9803594214544769,0.28598723598045267,0,Loyal Customers
720259c9916115d63de9dabc4fe81eb444476d417b50edac51eb03e78a095a19,1,3,0.03522,0.0,0.9803594214544769,0.29031475576398746,0,Loyal Customers
443eb0cae3ea45d825c2aef35b711b26677e9157902d5f97ee995b79ba33172c,1,3,0.035542,0.0,0.9803594214544769,0.29296896789788873,0,Loyal Customers
168fbab716d9b6407b558050e5f68540135d7288900fe077121d8dcdf5bddf15,1,2,0.035559,0.0,0.6535729476363179,0.293109097109927,0,Hibernating / Lost
18578c437deafc43bcc563a5e869a2263a41f47abc0a1c4d4edb6b236f9363ae,1,2,0.035559,0.0,0.6535729476363179,0.293109097109927,0,Hibernating / Lost
4ed5ad3db7b50d15eeb5c749576cbc7fde9d4840134e21cf4323c543a73e9423,1,2,0.035559,0.0,0.6535729476363179,0.293109097109927,0,At Risk
76bf60f0de0435468e61a3073467f97a5438f483d743879ca24a8f89a2cdf98d,1,2,0.035559,0.0,0.6535729476363179,0.293109097109927,0,Loyal Customers
180ef0f8c5dc9c33c6bd9f00bff3bb2304dab5ff7415858edb62f570529694e1,1,2,0.035559,0.0,0.6535729476363179,0.293109097109927,0,Loyal Customers
1750f3ab4500235acf5c77448269cfeb69afda954ad9525a9cc719a3e23b289c,1,2,0.035559,0.0,0.6535729476363179,0.293109097109927,0,Loyal Customers
6e3ab7d08e1b146d2ec6d6b8ec1125ccd2e0af9fdfdf9c4d49a5d82e05417c94,1,2,0.035559,0.0,0.6535729476363179,0.293109097109927,0,Loyal Customers
636c9fc90ab7e8dceca2f3859a30ced633fec2250a2f08ed4ed7fd8979da802b,1,2,0.035559,0.0,0.6535729476363179,0.293109097109927,0,Loyal Customers
47713f0bbb6d8e4e3b45b238282e5b890a5587ea9abc8228235897d47c854ba8,1,1,0.035576,0.0,0.32678647381815895,0.2932492263219653,0,Hibernating / Lost
5856cec0169729156bd8913fdbab683314348a99e80737e0cb454cf23d3ef078,1,1,0.035576,0.0,0.32678647381815895,0.2932492263219653,0,Hibernating / Lost
3dbce9331c891e702e142c6ba5afeb37526bca622298759729c6481c06154482,1,1,0.035576,0.0,0.32678647381815895,0.2932492263219653,0,Promising / Needs Attention
4ae1360c3c90b11457379c024f70349fef5b6ca5f1c3d91de51095962e3deac4,1,1,0.035576,0.0,0.32678647381815895,0.2932492263219653,0,Promising / Needs Attention
5920868df63ea57129954ba6be2d17dd06d7001010019285e4e620655cadb692,1,1,0.035576,0.0,0.32678647381815895,0.2932492263219653,0,Recent Potential
3de756966dbc322eb671b564029ec62374a8f4f3fdf27d95e758563814930d41,1,1,0.035576,0.0,0.32678647381815895,0.2932492263219653,0,Recent Potential
4b856d08089180e3d8118401e4d822ad69e7dc427a28a2b935a850e7a3e2d296,1,1,0.035576,0.0,0.32678647381815895,0.2932492263219653,0,Recent Potential
6ed4d097760c2de38a2a670700f41dce1a7c7fa9bfe9463396b86162fd9ec275,1,2,0.035983,0.0,0.6535729476363179,0.29660408451605796,0,At Risk
3e1b738661a7ca338fe88ec4c98ab5a1e53610d2bb9eadff3c7f2881f3488ece,1,2,0.035983,0.0,0.6535729476363179,0.29660408451605796,0,Loyal Customers
7aa07440749df0d1e6cfb1d84fe97063b352c56e2025f43adf06f03a8aec5315,1,1,0.036,0.0,0.32678647381815895,0.2967442137280962,0,Promising / Needs Attention
68e94d55743958461b56f0b6be185d3288d33d962a89fa2f8a587a01c0b07c07,1,2,0.036407,0.0,0.6535729476363179,0.3000990719221889,0,Loyal Customers
541b1c784855a03d8546546fe802b38e03488f9dd31d8b157df082b2af3eb51b,1,4,0.036542,0.0,1.3071458952726358,0.3012118627236692,4,Loyal Customers
58ea97c94b0256171d2834afb35eff9458655f04936f26062cde78449ef06c58,1,3,0.036559,0.0,0.9803594214544769,0.3013519919357075,0,At Risk
502138fe735210bbe0e75fd7ef077c68d3c3604da94a28979256724b60fa9d67,1,3,0.037237,0.0,0.9803594214544769,0.3069406746275866,0,At Risk
662e8285f18b4ee6e871a3ca2f95938a36e9746a2c43c26b041f104aa6f1ce0a,1,2,0.037254,0.0,0.6535729476363179,0.3070808038396249,0,Loyal Customers
642cd4ee8325ad85e67f9e087110de70070e772d471a4c560d27b51c9cf07d32,1,2,0.037254,0.0,0.6535729476363179,0.3070808038396249,0,Loyal Customers
479cd3fb5e08d276b0570eca02f08453d03b5301f8a6dab662a69a69e4870aea,1,1,0.037271,0.0,0.32678647381815895,0.30722093305166315,0,Hibernating / Lost
657d00aae3134266f2a129bdd4371c1e4c328486ae7a04cf1accc3bb4f479771,1,1,0.037271,0.0,0.32678647381815895,0.30722093305166315,0,Hibernating / Lost
6eca1505ee42ea38c80e78a03311c75ec59a2c118f2fa35cb143ef69423d5832,1,1,0.037271,0.0,0.32678647381815895,0.30722093305166315,0,Recent Potential
6bfb5a3c594af9b738d78f32fb3eaaec41c8d8c2848c67f1a98450dec9f1e83c,1,2,0.038102,0.0,0.6535729476363179,0.3140707786518867,0,Loyal Customers
66a95dc3afc1e84977402dc60ff8fd69ea9c25d11dca839c312346e98147aee7,1,2,0.038102,0.0,0.6535729476363179,0.3140707786518867,0,Loyal Customers
4f74223fc275254965d90df67a15ec813009e315a040afe7d2c2c764a1550b8c,1,1,0.038119,0.0,0.32678647381815895,0.31421090786392497,0,Hibernating / Lost
65775d0fe1c9ad941180813668ea710707682e404351bafea22f67f541524921,1,1,0.038119,0.0,0.32678647381815895,0.31421090786392497,0,Hibernating / Lost
57238183218acf9bc584ee6734b2405a69ea16b4939153f3dcf8ce8b87dcbad5,1,1,0.038119,0.0,0.32678647381815895,0.31421090786392497,0,Hibernating / Lost
4d2e9911925daa910827f89c029db0825815095d77d1b97814d0ea8a3f08fccd,1,1,0.038119,0.0,0.32678647381815895,0.31421090786392497,0,Hibernating / Lost
0f444e67aaff3d631d4c50456712be54dea867c902190380013ec86ba73bbc38,1,1,0.038119,0.0,0.32678647381815895,0.31421090786392497,0,Promising / Needs Attention
5d556dae21fc2d400cc1019566acfe03d96eaf0169f6e1b14a819af4c2759c5a,1,1,0.038119,0.0,0.32678647381815895,0.31421090786392497,0,Recent Potential
7e6a971a26eb5f6313136d938cd45427b1616b97dc99d988d33aa50d4292cb13,1,1,0.038119,0.0,0.32678647381815895,0.31421090786392497,0,Recent Potential
6a27e4aa27087db72856fb971738d103f07a5f347c1e65e19b9d212a734108b2,1,1,0.038119,0.0,0.32678647381815895,0.31421090786392497,0,Recent Potential
6944ef4aa56730ee3ffc62e27ba21887ae4270053360000989f651dbd43e7801,1,1,0.038119,0.0,0.32678647381815895,0.31421090786392497,0,Recent Potential
42b4cea113237eb2be89b4685d87533eb1c668f7b5679b573315f6de4a416254,1,1,0.038119,0.0,0.32678647381815895,0.31421090786392497,0,Recent Potential
121b75f62ffc1422964bd715aabc4e6c41f34f0b3ab6d55e87d780eba9a610c9,1,1,0.038119,0.0,0.32678647381815895,0.31421090786392497,0,Recent Potential
6105e607057a64ce68722bf76468ce4a787c65cb0931efcc73dab5038b2c4108,1,1,0.038508,0.0,0.32678647381815895,0.3174173939511536,0,Recent Potential
7d7b730664db4873dbc59c9d816eb6175965eee7df35b9bac85d10e2a4c3681a,1,3,0.038932,0.0,0.9803594214544769,0.3209123813572845,0,At Risk
1484d54910ea22234bf025df73193f9549dcf1396bf95dd7344c58fb92b90793,1,3,0.038932,0.0,0.9803594214544769,0.3209123813572845,0,At Risk
0f5280a446c64c0ce3dfdb51fca2decd0d7cfcda201788dc92292af3746100d1,1,3,0.038932,0.0,0.9803594214544769,0.3209123813572845,0,At Risk
13fbbd815f6eafbecdc49e7b79da884f8be580d7d5fd2733e11bf33afe178d27,1,3,0.038932,0.0,0.9803594214544769,0.3209123813572845,0,Loyal Customers
141663c2ade96e95f1cd26b033dee2f3d687afa8099e02dba315584f31f78564,1,3,0.038932,0.0,0.9803594214544769,0.3209123813572845,0,Loyal Customers
60a0f051d9ccde448ae827c475e89265fa025247d06db358f8b731a5f7bf226f,1,3,0.038932,0.0,0.9803594214544769,0.3209123813572845,0,Loyal Customers
6066372df31d10c5c556a59ee51570fcae2ffa256dcdda6908e96c0438d0b486,1,4,0.038932,0.0,1.3071458952726358,0.3209123813572845,4,Loyal Customers
746eef3d1c8727039bd95669a4573872abf004a0666237931dd4d24b04f228ef,1,2,0.038949,0.0,0.6535729476363179,0.3210525105693227,0,Hibernating / Lost
62a0562c6b0c230caa2705aeac805091b85df0a6e7caf065caa6a8d5f8bbd0b1,1,2,0.038949,0.0,0.6535729476363179,0.3210525105693227,0,Hibernating / Lost
49a6e6323e3692b9cea73a003049a261e44ccb74e98a8f8a397646fd7ffd12cb,1,2,0.038949,0.0,0.6535729476363179,0.3210525105693227,0,Hibernating / Lost
679987c64c4d82797239d08bcbff88d44ee379e49da683c1ef769d6885624b07,1,2,0.038949,0.0,0.6535729476363179,0.3210525105693227,0,Hibernating / Lost
40aff7e5490b5302fa9f1f7f4c26bf40e39eede7e1c457afe3b1a685401ad7c7,1,2,0.038949,0.0,0.6535729476363179,0.3210525105693227,0,At Risk
4c6a54d6ad443fcd2edad363f7ff02aa0d784554194e92c8a00f1849341a07b2,1,2,0.038949,0.0,0.6535729476363179,0.3210525105693227,0,Loyal Customers
170bb7b314dff660a227316f3b02f79dba068fd27a5f995af6fc19be137ebe3c,1,2,0.038949,0.0,0.6535729476363179,0.3210525105693227,0,Loyal Customers
607bde8769e0d7ea2c19e025db2eecfdc68620312c73c28d9f9a45b1385eeeba,1,2,0.038949,0.0,0.6535729476363179,0.3210525105693227,0,Loyal Customers
70e3731397cd5db93f17c9f95cbe8593c9588fb78ace8e92934c0eff1599778a,1,4,0.03961,0.0,1.3071458952726358,0.3265010640491636,4,Loyal Customers
3e0ed70c3fe2b37b1467bf752d83b2bfe2b4aefe0b55ee7a11c1494509b67dba,1,1,0.040102,0.0,0.32678647381815895,0.3305565683034476,0,Hibernating / Lost
1baa4a029af5020b1cb324c1ac09fcca5b58648855cd5fef7c8fecc0a266a9e8,1,3,0.040627,0.0,0.9803594214544769,0.3348840880869824,0,Loyal Customers
77e6247f918606d3b67a33e3a347979009a2a6e75dfad1fc628a8e426f1cdccf,1,3,0.040627,0.0,0.9803594214544769,0.3348840880869824,0,Loyal Customers
79b166c5597acc5ab1e41664ed14a0d0dcecc16ffd2a2af58a3d52b30feff809,1,3,0.040627,0.0,0.9803594214544769,0.3348840880869824,0,Loyal Customers
6195ec89c9b208d8a9d0a21233b87fa06c7b98bb77bf874693992bad9fbc9780,1,2,0.040644,0.0,0.6535729476363179,0.3350242172990206,0,Hibernating / Lost
610e6a577bff0b5eb5286aeb177beee25d2ba5979731db99ae233ea2c56c19f0,1,2,0.040644,0.0,0.6535729476363179,0.3350242172990206,0,Hibernating / Lost
0ff1f0af5b2494711af8f4f0dfaf982ede630f6565fc6e4e8a76e49fbd487dd2,1,2,0.040644,0.0,0.6535729476363179,0.3350242172990206,0,At Risk
6e8e05c67cde0119a19ad8f6f5ebc68d1c4e295a9d92289a9aca23a787151910,1,2,0.040644,0.0,0.6535729476363179,0.3350242172990206,0,Loyal Customers
46bc9607c76604274186c5170f80ddbb1b4e88823734fabe868ce795652ab254,1,2,0.040644,0.0,0.6535729476363179,0.3350242172990206,0,Loyal Customers
1dc59f44930e27709985be7fe2a15c21d2b8afa6a22240852b55b8d4a1f989b3,1,1,0.040661,0.0,0.32678647381815895,0.3351643465110589,0,Recent Potential
594a18ee2db38ef8d0e609998c28dc1d17faf001b784820e2cd1fe41fee2de36,1,1,0.040678,0.0,0.32678647381815895,0.33530447572309713,0,Recent Potential
6242d4b0872719ae359037fc47d78ff8b72129c4e0a8956474adc46446facbc4,1,2,0.041068,0.0,0.6535729476363179,0.3385192047051515,0,Loyal Customers
60c4af68887daa94b29a329db9fae23654115b5753bf76d05636f0e7a96ec03b,1,1,0.041169,0.0,0.32678647381815895,0.33935173708255534,0,Promising / Needs Attention
1046a37a37ece6cfa5279a6beaad95fcc1f98c3db8b2ecf833ee75aef0f0a875,1,4,0.042305,0.0,1.3071458952726358,0.34871566560464196,4,Loyal Customers
7f6e64eb2d8ffdba35a82c4505ad16975b08f49257032e015467cfbd799c5482,1,3,0.042322,0.0,0.9803594214544769,0.34885579481668016,0,Loyal Customers
591ca28bf8278b4776bd081fcfcf968ba67135f5ae7e15c716a422c70bee69a2,1,3,0.042322,0.0,0.9803594214544769,0.34885579481668016,0,Loyal Customers
1544ebf2ed44e11d5620df0eaea05e323e7218c9d6264d9d0421280b76dffba9,1,3,0.042322,0.0,0.9803594214544769,0.34885579481668016,0,Loyal Customers
7c74485f3e36210a5a37f942ee8fef93b0d259560187bceab924c0dc1274b408,1,3,0.042322,0.0,0.9803594214544769,0.34885579481668016,0,Loyal Customers
40731ba9349864f1e0d69f69396de7ad0cbdcf61a5d70075fa2e06dcacce6265,1,2,0.042339,0.0,0.6535729476363179,0.3489959240287185,0,Hibernating / Lost
4e096a105588d8fd9a8b85c9aab24d2022278ce48d722abe02850e9dbad0e229,1,2,0.042339,0.0,0.6535729476363179,0.3489959240287185,0,Hibernating / Lost
4d8b29c0c6642c96a1a6580c161dcabcf46ff05c255713921b2d555ca54b75d9,1,2,0.042339,0.0,0.6535729476363179,0.3489959240287185,0,Hibernating / Lost
757f71697bd233e34b454cbfaa15d42021f1930e860693ab8b1ca5c198d90282,1,2,0.042339,0.0,0.6535729476363179,0.3489959240287185,0,Hibernating / Lost
59ea9c8c0f1c07113471d4a60057f84ffb6ffdaa898d8a2f52b4134758ef77f3,1,2,0.042339,0.0,0.6535729476363179,0.3489959240287185,0,Hibernating / Lost
3ef546dcf8aaace2e4af42aa518f5183cefa266a2f4913f106b66042f7af8dc4,1,2,0.042339,0.0,0.6535729476363179,0.3489959240287185,0,Hibernating / Lost
6fb4e56095f66ac48b2888476fe59f94fc0395761a546c544277ef0341a2110e,1,2,0.042339,0.0,0.6535729476363179,0.3489959240287185,0,Hibernating / Lost
77028908668a2271983a56586305eb679a18824e4359db9ecf0e6eda640ccba7,1,2,0.042339,0.0,0.6535729476363179,0.3489959240287185,0,Hibernating / Lost
676753415add6b0e7ae3367ee8db7c1e081b6d50ebdfcbed7ba02354f98682e1,1,2,0.042339,0.0,0.6535729476363179,0.3489959240287185,0,Hibernating / Lost
6878863945890c344d34dfa84b3c4dfaf3fea6f957cb161f3cf0c58ba7f632e8,1,2,0.042339,0.0,0.6535729476363179,0.3489959240287185,0,Hibernating / Lost
5b3cc082f1c23a66468260cfd7256c3272117e8f99900988c7aba7a5cca2108e,1,2,0.042339,0.0,0.6535729476363179,0.3489959240287185,0,Hibernating / Lost
4241f4646a017106a5877effcec8eb723cd688ce045c97b1d0c83dbd5d7c66d4,1,2,0.042339,0.0,0.6535729476363179,0.3489959240287185,0,Hibernating / Lost
47cf9e8427f54f0f8f6fef0f9aa8a612ce43e166e4c823159a0c0162f244888a,1,2,0.042339,0.0,0.6535729476363179,0.3489959240287185,0,Hibernating / Lost
64628a45f688e16f99ec93f8262f6dc4fabbd4c9b0502303875935b5f0547177,1,2,0.042339,0.0,0.6535729476363179,0.3489959240287185,0,At Risk
6b452640449fa1a68553cdc0a0a02403edc547efca44908f3b23afa0169ffd71,1,2,0.042339,0.0,0.6535729476363179,0.3489959240287185,0,At Risk
68e47396f59b3a29205fcffd9e6632d6e6c04a96ca09faa628715e1e75446ee5,1,2,0.042339,0.0,0.6535729476363179,0.3489959240287185,0,At Risk
42c6276680bb2319994b06655f07ed58f8e167a950ea992987c0fe53a75c0fec,1,2,0.042339,0.0,0.6535729476363179,0.3489959240287185,0,At Risk
1699a74902c0caf115f745959c124b8896aeddf88cff8ec10cb87e962201ddca,1,2,0.042339,0.0,0.6535729476363179,0.3489959240287185,0,Loyal Customers
4d494f6992e5ba124edc52b8017c8e9baa3174e402c4ddacf695e6386ba5a534,1,2,0.042339,0.0,0.6535729476363179,0.3489959240287185,0,Loyal Customers
5c62f471325fa357a9f5828469350a011d5bf1f594194e1f26afc5e9a538158a,1,2,0.042339,0.0,0.6535729476363179,0.3489959240287185,0,Loyal Customers
44c9a8f99099adcdc88df1eb82dd7450823330a96278c57fc9a15002ae759800,1,2,0.042339,0.0,0.6535729476363179,0.3489959240287185,0,Loyal Customers
41bd1d5faf1dc4373805043273919c2d8d02f28427947c51cfcb75438bfd9e5f,1,2,0.042339,0.0,0.6535729476363179,0.3489959240287185,0,Loyal Customers
4205a12cb1db7dd387220ed37d22b74feb47654ac5b910a7a7c10b84f57611fb,1,2,0.042339,0.0,0.6535729476363179,0.3489959240287185,0,Loyal Customers
7e91b579ac6b07fcfe89e5fb6e6df4c02bc7ebf77e6b7539d2d43be395a100be,1,2,0.042339,0.0,0.6535729476363179,0.3489959240287185,0,Loyal Customers
50d71bebbd5bf65f17fa1c97282a20be7cd074605c18a0fe219957c97d2e88a3,1,2,0.042339,0.0,0.6535729476363179,0.3489959240287185,0,Loyal Customers
50c0f1f3d34b62427482cdeb945c26db1c81ca0a462678a4106a1e068d96c2af,1,2,0.042339,0.0,0.6535729476363179,0.3489959240287185,0,Loyal Customers
5e7ffcae42cfef8c5e48802ca0caa5d1b6da8cb0294ee178c26c02d1f24ef89b,1,2,0.042339,0.0,0.6535729476363179,0.3489959240287185,0,Loyal Customers
5dbeff0d80b2c93fa49ed7baaf0280df1c3c8fd071f16d4bf0c671f44c2b4e54,1,2,0.042339,0.0,0.6535729476363179,0.3489959240287185,0,Loyal Customers
5fd90b76e6ba0e9ca7b4c2b96cc78a838b78c02737a374a26e3bdd4f63b0259a,1,2,0.042339,0.0,0.6535729476363179,0.3489959240287185,0,Loyal Customers
6c493b8087260c0e1bc3b564490f5dbba2fa160c8dcc2c10067d21b7212aaf1f,1,2,0.042339,0.0,0.6535729476363179,0.3489959240287185,0,Loyal Customers
5cf3651b61c8bd861055b68d2756e4cca7df9f06bbeb3a11f131a26ff7f4444a,1,2,0.042339,0.0,0.6535729476363179,0.3489959240287185,0,Loyal Customers
7ccb24cc352b549c118439afd0cbb68e1556c3553921553c89dafb4581b81a6b,1,2,0.042339,0.0,0.6535729476363179,0.3489959240287185,0,Loyal Customers
7f391b3629d596171a99e8a531e8b4246b9d730dec94ab0171f6eba8cd6de6a6,1,2,0.042339,0.0,0.6535729476363179,0.3489959240287185,0,Loyal Customers
183148552b4b43f09e99d52f45244730d1cfff6a7821f2853899a65f4dc3c176,1,2,0.042339,0.0,0.6535729476363179,0.3489959240287185,0,Loyal Customers
54f96e54d48fcfbe897258598463ed25230c1117ce15218cd90fa2eabf15c7f9,1,1,0.042356,0.0,0.32678647381815895,0.3491360532407567,0,Hibernating / Lost
42d00e3b6f4bd1dc3cf285da795e19d3b0cfc39709535883155f2ee7bdb00da0,1,1,0.042356,0.0,0.32678647381815895,0.3491360532407567,0,Hibernating / Lost
48635951be8ac099e8e8d40b06f1ab667e57ceae99d964ef01d82a83b85f5d7e,1,1,0.042356,0.0,0.32678647381815895,0.3491360532407567,0,Hibernating / Lost
46df9f967b56e50b3f216903496f1487937c8b2441e74f8293d9590dad045b56,1,1,0.042356,0.0,0.32678647381815895,0.3491360532407567,0,Hibernating / Lost
72f34962737edbfe9d6c821dbd22d9e564ae685685a0195eb221fd1193b5a0d8,1,1,0.042356,0.0,0.32678647381815895,0.3491360532407567,0,Hibernating / Lost
764009e2ac0e8b470497bd2ce9a5e273477f51145c78094af791d7f4e240010e,1,1,0.042356,0.0,0.32678647381815895,0.3491360532407567,0,Hibernating / Lost
6529bd9623274e96ca094c970af068b6df39a207c718464ae4eb5b6a17eb2f52,1,1,0.042356,0.0,0.32678647381815895,0.3491360532407567,0,Hibernating / Lost
6140865b45552f59fbcf373b8805fb8bb46c2211221437529be6d55c74b4ba29,1,1,0.042356,0.0,0.32678647381815895,0.3491360532407567,0,Hibernating / Lost
686b439e991e311b7631b30fe2bedbffb8647ab7257d5cf6c5d474a906d7eaab,1,1,0.042356,0.0,0.32678647381815895,0.3491360532407567,0,Hibernating / Lost
11926808e62838c864d7b934364c177d686d69cde61cbef2427777db32813cdc,1,1,0.042356,0.0,0.32678647381815895,0.3491360532407567,0,Hibernating / Lost
1c78a3904bec7ce58c82db426f15b847973e404681857514e0158d8691d1a6a1,1,1,0.042356,0.0,0.32678647381815895,0.3491360532407567,0,Hibernating / Lost
54e82352838f2d814c2248c0b3eaa20aa0fc528509cb29729e78b8d979264003,1,1,0.042356,0.0,0.32678647381815895,0.3491360532407567,0,Hibernating / Lost
5c9ba44a04d3007dd515349b51dfb0fd83e8a0e7dbf5f57f7e7eaa6f523f073b,1,1,0.042356,0.0,0.32678647381815895,0.3491360532407567,0,Hibernating / Lost
5853a1bf4c349e6cb5f08bae5f251e5d7710b4bdc6f59067abf36125a1b775c3,1,1,0.042356,0.0,0.32678647381815895,0.3491360532407567,0,Hibernating / Lost
4486a470c9355e730fcc52612ec7a7dca202f7afc0885f67282a282220a31130,1,1,0.042356,0.0,0.32678647381815895,0.3491360532407567,0,Hibernating / Lost
4d4d1f74684f11fdfea7def85d719669141cfb0721f4a585044cdd5e4235c078,1,1,0.042356,0.0,0.32678647381815895,0.3491360532407567,0,Hibernating / Lost
475de0d7618deb4ffbadc1397693cff8d55d01a5a89ba3ecd3dcb8a8af04bddf,1,1,0.042356,0.0,0.32678647381815895,0.3491360532407567,0,Hibernating / Lost
72f01e6a10296f55bbb24d973abacdeaffa1ef4e9fe07681896bf2516e68c46f,1,1,0.042356,0.0,0.32678647381815895,0.3491360532407567,0,Hibernating / Lost
76bf64a3daf08a7c1fb47f810e1608f328f5d1a6b619b401791b59bc59c4be8f,1,1,0.042356,0.0,0.32678647381815895,0.3491360532407567,0,Hibernating / Lost
723ef4d11ec436a3586a6f8d0e44b2c777ca681171a341304eb4740d631f546f,1,1,0.042356,0.0,0.32678647381815895,0.3491360532407567,0,Hibernating / Lost
70bd9f37c443a8521572dea6fb4dbb064060048540acd5db8860fd48bd4e90f6,1,1,0.042356,0.0,0.32678647381815895,0.3491360532407567,0,Hibernating / Lost
7b52b50ba7e19f328a44ca71000b06154e0714164a360f8aff15bc4f89c63840,1,1,0.042356,0.0,0.32678647381815895,0.3491360532407567,0,Hibernating / Lost
60aaedad79a0b1e8970766999d185bff0fcd13b1fa094cf4c75748e5e9aa1165,1,1,0.042356,0.0,0.32678647381815895,0.3491360532407567,0,Hibernating / Lost
6de701ef971bb4fdf3f729c473d19a819d02d0868feb568694ccdb872db97ebc,1,1,0.042356,0.0,0.32678647381815895,0.3491360532407567,0,Hibernating / Lost
1d4c07187ae5c2b546217166c0ce4a3ee0f08e33538eb712f4e3415cb8d499e2,1,1,0.042356,0.0,0.32678647381815895,0.3491360532407567,0,Hibernating / Lost
1799f81ff01d971d7fbb2408d6eb501e8d40c5f33e0937e304f5e465e18014dd,1,1,0.042356,0.0,0.32678647381815895,0.3491360532407567,0,Hibernating / Lost
51b864386762f23ccc854f01fa676eea87ff38b757a8d70210a671c7065e7a56,1,1,0.042356,0.0,0.32678647381815895,0.3491360532407567,0,Hibernating / Lost
51bb4a2f7f60e73686a4605d5c9617385a4177b481ddaac830583f45a1cc755c,1,1,0.042356,0.0,0.32678647381815895,0.3491360532407567,0,Hibernating / Lost
5da09ddd30b819e915af9a00fcfcc28546d610b9d0c1d2fe6825b319e4e83f9f,1,1,0.042356,0.0,0.32678647381815895,0.3491360532407567,0,Hibernating / Lost
4353997d1ab3446cbe91c0422a1bfd994460029ed5cc7fcc7b1aa8a7b55dc93a,1,1,0.042356,0.0,0.32678647381815895,0.3491360532407567,0,Hibernating / Lost
3f2f3655fe7c9d332121b4a09e395eafd60bfa9f652ac3095e5e97794a99cea4,1,1,0.042356,0.0,0.32678647381815895,0.3491360532407567,0,Hibernating / Lost
3dce8ca798f2bf202685e98b88b838afa8e3126151e4c284de30bbbbed040d33,1,1,0.042356,0.0,0.32678647381815895,0.3491360532407567,0,Hibernating / Lost
400a1d239daaaf8c858696e8edf983e6fe1be85402fc1313b2d70ac58b1997c8,1,1,0.042356,0.0,0.32678647381815895,0.3491360532407567,0,Hibernating / Lost
4ad61fbeb8547effca76dde3f666ee1e6cf28e4b58b0abca996b4c55e4c77407,1,1,0.042356,0.0,0.32678647381815895,0.3491360532407567,0,Hibernating / Lost
4cae363fe7b0d9962f92a2df28c9465448c3e9c51774ccdaec739534fde707cb,1,1,0.042356,0.0,0.32678647381815895,0.3491360532407567,0,Hibernating / Lost
49acd6b580873774c2f66f88ab98a44e551b14e9d61a33dbd275e0d7a23cd973,1,1,0.042356,0.0,0.32678647381815895,0.3491360532407567,0,Hibernating / Lost
74720e9b80b9fd96d07cfbee9eb09f076cad74b54c0903329223d734c0206596,1,1,0.042356,0.0,0.32678647381815895,0.3491360532407567,0,Hibernating / Lost
64e2e9b68ceb64799a848da2b259fc649a5f3befe254105eb17c06f8c7ba3d82,1,1,0.042356,0.0,0.32678647381815895,0.3491360532407567,0,Hibernating / Lost
5ff2c8ddad3432a3e8a61fce475630671ca800cf2799a6d51222e32e08a6a106,1,1,0.042356,0.0,0.32678647381815895,0.3491360532407567,0,Hibernating / Lost
602168134b8452b3c7b79d75f949b9456f1d595a5a6faebe3518e64839f3d278,1,1,0.042356,0.0,0.32678647381815895,0.3491360532407567,0,Hibernating / Lost
5f0a188bb8f8ced67cd52ad40d8443e2ec92bbc31510eee0d1f93a254aacb1ee,1,1,0.042356,0.0,0.32678647381815895,0.3491360532407567,0,Hibernating / Lost
622b10b811a2e32892bbbeaab34a242a964a05428cb1164f701fc3b18542171a,1,1,0.042356,0.0,0.32678647381815895,0.3491360532407567,0,Hibernating / Lost
6093911ac586f53c1215f60ec84a798f09ccc7067fef242b49c1c804f184ab6b,1,1,0.042356,0.0,0.32678647381815895,0.3491360532407567,0,Hibernating / Lost
6d1d935cf3232a301c9aab9915f4f166a3884ce0c0d3d36da1381b78aa079e0d,1,1,0.042356,0.0,0.32678647381815895,0.3491360532407567,0,Hibernating / Lost
13b4caa9e47adedb47c65300b03259a0fc7e7d741f7f49f9a2511ad7665f6f7f,1,1,0.042356,0.0,0.32678647381815895,0.3491360532407567,0,Hibernating / Lost
186175b4a5e032de17c5381b44ba49a364b85fbe27e599eeb10c8ffa8893c1fe,1,1,0.042356,0.0,0.32678647381815895,0.3491360532407567,0,Hibernating / Lost
55cbc27e80b6e564f5c98027e7cb1863e9dd4006be3798a8619ccc6ba17523cc,1,1,0.042356,0.0,0.32678647381815895,0.3491360532407567,0,Hibernating / Lost
5793ce65e1d25cf60a293baf16f63ec04296ae2a322c27d61e199f0fb8eb9e5d,1,1,0.042356,0.0,0.32678647381815895,0.3491360532407567,0,Hibernating / Lost
6ff26e393f497a21b3c7dc016f435b55c3c3b4a9bb34e9d2b1834a4491424c73,1,1,0.042356,0.0,0.32678647381815895,0.3491360532407567,0,Promising / Needs Attention
7d707b33e2c7a6e34f1ddd9252b0a5dda03e609c748c27c4df87493ad008ad25,1,1,0.042356,0.0,0.32678647381815895,0.3491360532407567,0,Promising / Needs Attention
782f9cd69eb20b78a8f24508c8971b66aa9f9f98d21d30b9a09ca2c0162609e3,1,1,0.042356,0.0,0.32678647381815895,0.3491360532407567,0,Promising / Needs Attention
6316dff0a02dbdb2da1c28b43078a2d8c4ce061375b0bcefc4f2fd70f40a6125,1,1,0.042356,0.0,0.32678647381815895,0.3491360532407567,0,Promising / Needs Attention
60e9eadac8700d5e3809f2398a99832600aeb789a5d0fc25ad5a6d5e371f4758,1,1,0.042356,0.0,0.32678647381815895,0.3491360532407567,0,Promising / Needs Attention
6b72cba9bbc7368f363ccd19f2ed289d74242feb6fa431e05a38a33e7c3588b6,1,1,0.042356,0.0,0.32678647381815895,0.3491360532407567,0,Promising / Needs Attention
6b1581932755ded051841a6fddc3815f551eb60b5390dc18d313411c9039901b,1,1,0.042356,0.0,0.32678647381815895,0.3491360532407567,0,Promising / Needs Attention
53caf4c7c5d3636d569935968414d6a1735cf1bd18169c3af3ba5b8e5fc754ca,1,1,0.042356,0.0,0.32678647381815895,0.3491360532407567,0,Promising / Needs Attention
50cb9598cc414c997011331b7e2579ac84b6eda57363ad284310efecc8a59f85,1,1,0.042356,0.0,0.32678647381815895,0.3491360532407567,0,Promising / Needs Attention
4e49c7f5db1de8d082edc9aa9ec86d8d15053b8102819242cad553315d46f305,1,1,0.042356,0.0,0.32678647381815895,0.3491360532407567,0,Promising / Needs Attention
4cf46cbff96b428cee4b6af03a221120dc5f5c0e58686962b245f0ac1d2c3e4c,1,1,0.042356,0.0,0.32678647381815895,0.3491360532407567,0,Promising / Needs Attention
49fcd473e471f371a17d272113722b74acb33c48bdf761ec5cbaa359b17c0046,1,1,0.042356,0.0,0.32678647381815895,0.3491360532407567,0,Promising / Needs Attention
7b463f621c1edd5bea7835c0beaccd6d1387f49e3c5f6d86229dc5fc0cbf31b4,1,1,0.042356,0.0,0.32678647381815895,0.3491360532407567,0,Promising / Needs Attention
68ab4000b6221ee332fbced3bc104782ec77cad7476f8f02bcb40af0f8d02f8c,1,1,0.042356,0.0,0.32678647381815895,0.3491360532407567,0,Promising / Needs Attention
13c6f80e155e8fbcbe9fe4480b69fe4a5bacd08dcf2c2e416d60703269c2c66d,1,1,0.042356,0.0,0.32678647381815895,0.3491360532407567,0,Promising / Needs Attention
108525c7d615ec1bc3ee4e3be7df15e99726502beae4bb88a7fea96446070d0b,1,1,0.042356,0.0,0.32678647381815895,0.3491360532407567,0,Promising / Needs Attention
1b8b727dbe67e50a234b42da28a91747f3a03befb4235cc72da4c0217a8b5118,1,1,0.042356,0.0,0.32678647381815895,0.3491360532407567,0,Recent Potential
55afc583bda7374691cf1715b5a179630b24769ce856dbe2719d0e734f8556d4,1,1,0.042356,0.0,0.32678647381815895,0.3491360532407567,0,Recent Potential
4ed9daac041dd44f448e1dd7e5df2c2fa7693db4923035ae91a7bc4ae80ab64c,1,1,0.042356,0.0,0.32678647381815895,0.3491360532407567,0,Recent Potential
4ea275a705af6f9502d525683ee6747c602bbd1930ff9f06d1136cd3b4f9318a,1,1,0.042356,0.0,0.32678647381815895,0.3491360532407567,0,Recent Potential
5bb9a17aea9cebed776516d4a8879d7f9e013167a98d21fa7211d30251c1df11,1,1,0.042356,0.0,0.32678647381815895,0.3491360532407567,0,Recent Potential
4bfdb6625ad72d953d4ddc4e0b5f667e8d10defc4ac1261c939ca35ffe1d9bc7,1,1,0.042356,0.0,0.32678647381815895,0.3491360532407567,0,Recent Potential
4d48f003c718f00d452449ed09371566ec800b84649d06993366ecf63965a8eb,1,1,0.042356,0.0,0.32678647381815895,0.3491360532407567,0,Recent Potential
47869cda889defa28f01a24ac95f96950905fdfd117ece5f956ad596be0f3dd6,1,1,0.042356,0.0,0.32678647381815895,0.3491360532407567,0,Recent Potential
46f1e9cb96079cfb14b829a3150a613aeb304a420d114d9352700b14dee386e8,1,1,0.042356,0.0,0.32678647381815895,0.3491360532407567,0,Recent Potential
71ec2ac8ff2f384e3904c3b53ef03f6ca525300b7a386448de1de4851674919f,1,1,0.042356,0.0,0.32678647381815895,0.3491360532407567,0,Recent Potential
76e2e2b62607c5a18903d0414bc04e7f4317d861f3c006a6973e9886041fe29e,1,1,0.042356,0.0,0.32678647381815895,0.3491360532407567,0,Recent Potential
63e922758c00bcdf8f3ca527c36722790f90674154754163b247671207930de8,1,1,0.042356,0.0,0.32678647381815895,0.3491360532407567,0,Recent Potential
5fb1403edbfeecff050d848ca118117e08acbbedd97f3d2a66d42168d75196a7,1,1,0.042356,0.0,0.32678647381815895,0.3491360532407567,0,Recent Potential
6ce3d330c30a7009c887d8a332fd1c82842ddbcf9514b257cd8ef77702e1fee5,1,1,0.042356,0.0,0.32678647381815895,0.3491360532407567,0,Recent Potential
5d4d10393d3fb533be48e9cec471133683a2a10cd4701616ab0ec9780d09cd51,1,1,0.042356,0.0,0.32678647381815895,0.3491360532407567,0,Recent Potential
5dc59dce4b2a9fb1a16ad5690d35289dc9e07754d9261aea4e407bbf9d0afe36,1,1,0.042356,0.0,0.32678647381815895,0.3491360532407567,0,Recent Potential
44940cda59443bbf478f148f3c4b2b57919d5583b675b0990142ba848dd7760d,1,1,0.042356,0.0,0.32678647381815895,0.3491360532407567,0,Recent Potential
470c7ffee0ccf15b3ddddbb87ce18ef332ee0a45a4260c12495bee5ff982765a,1,1,0.042356,0.0,0.32678647381815895,0.3491360532407567,0,Recent Potential
4902975a75224fe0a7d498081305df8d2d4a46a7723ec0f3c4f94fb65e0d54f5,1,1,0.042356,0.0,0.32678647381815895,0.3491360532407567,0,Recent Potential
748fc9d3398809243022c010baf5a4dbd9ca439bd7515623c2f40307020d8b56,1,1,0.042356,0.0,0.32678647381815895,0.3491360532407567,0,Recent Potential
70a28fa031570dc7a429479cab5a2671a3b3c69f0cba581b8f000080af62783d,1,1,0.042356,0.0,0.32678647381815895,0.3491360532407567,0,Recent Potential
793341ef976363543eae9985a48b2f350f529b35e9378ddd72b4ee4f8b523dac,1,1,0.042356,0.0,0.32678647381815895,0.3491360532407567,0,Recent Potential
6209b3a5e5c7a1b9948d94e4e7ccb794846b8c23de87b0b390708d671fdc0a4c,1,1,0.042356,0.0,0.32678647381815895,0.3491360532407567,0,Recent Potential
6bf1a149691776507afb0f65680edb711cc5068fcd075c8e95c8344b0cf2982c,1,1,0.042356,0.0,0.32678647381815895,0.3491360532407567,0,Recent Potential
6d6d0d61920931931c9e6b99501b2527d1cbbdd8bd704279abb06163e7e63795,1,1,0.042356,0.0,0.32678647381815895,0.3491360532407567,0,Recent Potential
683f5096ca2e7349e75fd731891df575f571bf93873e1870a02f007b1d871137,1,1,0.042356,0.0,0.32678647381815895,0.3491360532407567,0,Recent Potential
1bac7bc2a109688b6905af84e8917bb69ad0bb546ef4f06d8ea169d8ce44d07c,1,1,0.042356,0.0,0.32678647381815895,0.3491360532407567,0,Recent Potential
461ad9a247f947547938040446f987b60d88e0e77c5f80dc56fc45e277619927,1,1,0.042356,0.0,0.32678647381815895,0.3491360532407567,0,Recent Potential
44e722818ab6379582ff213493c0c5a482b9249d1cbe5ac153b23a6474577412,1,1,0.042356,0.0,0.32678647381815895,0.3491360532407567,0,Recent Potential
4c316cb0932f592554fff496fcc283c6162d7e372ac31f1157c03faa1f04a695,1,1,0.042356,0.0,0.32678647381815895,0.3491360532407567,0,Recent Potential
4860b88201d006b3d7c7e9d8eb82a230485a2da1c03d2552a3121fbe7169578e,1,1,0.042356,0.0,0.32678647381815895,0.3491360532407567,0,Recent Potential
47ec6647467a55f5fa9f2cfc1fd3675c7ca114fc9bccf3356598c7fc7e10b7f9,1,1,0.042356,0.0,0.32678647381815895,0.3491360532407567,0,Recent Potential
46ee13c259465d944b27ec0b99947fbd71fe04c3d53c47bfa872c6375fc60b9d,1,1,0.042356,0.0,0.32678647381815895,0.3491360532407567,0,Recent Potential
6821db4ed5f8dd72247dc5153a1d0480414a049c8825787deefe6dde21f55009,1,1,0.042356,0.0,0.32678647381815895,0.3491360532407567,0,Recent Potential
1be0e013a1a370cfe5bf433c73aed34091c72719e4626470384bb9e9119a8f98,1,1,0.042356,0.0,0.32678647381815895,0.3491360532407567,0,Recent Potential
630fe85044d4416a3e12acb8ca41ad4a140cae2d58a44d70c18cbfef164abe93,1,2,0.042356,0.0,0.6535729476363179,0.3491360532407567,0,Hibernating / Lost
6fc483d5546d516b76f830681374fc0aa343c4bb8e974f5d2fe6f5de047e616a,1,1,0.043203,0.0,0.32678647381815895,0.35611778515819276,0,Hibernating / Lost
3f88a715b60ff5fddba8601d1eda6ddc22ae6dbd54ac53ed25a12fca8fd32101,1,1,0.043203,0.0,0.32678647381815895,0.35611778515819276,0,Hibernating / Lost
7c66da75c82aaae1a6b11d48ab9353407e2e8c7512b2d29df56c7139b3016182,1,1,0.043203,0.0,0.32678647381815895,0.35611778515819276,0,Hibernating / Lost
457ca09cee6008f6e3523e3ab2bcd8ec69f31940f5eaac0592fe5df993f02ba9,1,5,0.043322,0.0,1.6339323690907948,0.35709868964246066,4,Loyal Customers
58da40c2d2d450073b2c8fbe1abb7b324c8825f5a377a36f548dd2e2f9c909f6,1,3,0.043593,0.0,0.9803594214544769,0.35933251414024714,0,At Risk
1662f6223e788448be0c71ab0ebc06b03b696d3a04091f18346d22006ecb3d09,1,3,0.043593,0.0,0.9803594214544769,0.35933251414024714,0,Loyal Customers
3f6fae5cc5e1d272df0f96e520011e4aa0f0fe9862d7acb1bb32348484cb9b92,1,3,0.044017,0.0,0.9803594214544769,0.36282750154637805,0,At Risk
6e9085023c710d9304430e04245a166e29a6f5fc28996b84e4110817cbec079a,1,3,0.044017,0.0,0.9803594214544769,0.36282750154637805,0,At Risk
7596522b9103743e79b7607632766c023283ace85c8b7667547016558112e8cd,1,3,0.044017,0.0,0.9803594214544769,0.36282750154637805,0,At Risk
68c3192a9aebcc816c694b34d36f2d7b23fdaf74ae0cffebc865207cf7334e90,1,3,0.044017,0.0,0.9803594214544769,0.36282750154637805,0,At Risk
5b954296d6802c91b83687351addd45d35caf45fb40fd14ccedef3325007acd2,1,3,0.044017,0.0,0.9803594214544769,0.36282750154637805,0,Loyal Customers
3e3eb92fde8074f2af21753bcd108bc9a9e4c1d2850a2b200ad854f1e6e1903e,1,3,0.044017,0.0,0.9803594214544769,0.36282750154637805,0,Loyal Customers
1b078299d9d4acb31a82aa827aff831120ed21a634af70b66a3f21574f4644fa,1,3,0.044017,0.0,0.9803594214544769,0.36282750154637805,0,Loyal Customers
48b73081d70ded422e1c6f572ac65bb56eb2a6b2770680ad5cac929a2ae5fc8f,1,3,0.044017,0.0,0.9803594214544769,0.36282750154637805,0,Loyal Customers
5b4b07e5364c72671e8aa7e030cbda8ff5c5908fa1ffa80cb932aea576ca28ed,1,4,0.044017,0.0,1.3071458952726358,0.36282750154637805,4,At Risk
741fb94be878ca76e0ac72e954f08f9b61e8f0358f4cd13d4f1d7436ba323879,1,2,0.044034,0.0,0.6535729476363179,0.3629676307584163,0,Hibernating / Lost
757d384b3d025e28e595dc959360c88576a8fd589ef60eafe061430beb622e00,1,2,0.044034,0.0,0.6535729476363179,0.3629676307584163,0,Hibernating / Lost
7cca919408bded92efa3a3a26603891b04082e7eb5890baab160714da37d46d0,1,2,0.044034,0.0,0.6535729476363179,0.3629676307584163,0,Hibernating / Lost
102281f2c0f97fb4f2a7f7105cd48e1288dd075519547e72f9844d3a1b5860fc,1,2,0.044034,0.0,0.6535729476363179,0.3629676307584163,0,Hibernating / Lost
76f76e3d8e4262c9f58b41325a44578b5ad8216aaa652d63e024a0544806936f,1,2,0.044034,0.0,0.6535729476363179,0.3629676307584163,0,Loyal Customers
107ca89c90693277718e30e51709383dd8b8723ec90a45d634c32dd0076adc4a,1,2,0.044034,0.0,0.6535729476363179,0.3629676307584163,0,Loyal Customers
1331243a972a48f29165dde0c2bbc744ff27b935655772660e853971eef4d06d,1,2,0.044034,0.0,0.6535729476363179,0.3629676307584163,0,Loyal Customers
1c074d2101c22b867596ed7474fe0b3d5ab9a1278d7e7f0ce971f87dfa898923,1,2,0.044034,0.0,0.6535729476363179,0.3629676307584163,0,Loyal Customers
514d35ee7796e55f1be1e153cbb31e9e831f614eb80f4f0e6838fe8734d29650,1,2,0.044034,0.0,0.6535729476363179,0.3629676307584163,0,Loyal Customers
51e11acfb8dc3637c49a29b5ecfbf9ecda8e8cde5cea7ee4ce5345cd32e133b3,1,2,0.044034,0.0,0.6535729476363179,0.3629676307584163,0,Loyal Customers
42ba8d3b799a05853686d9786a2c4285cd114d0ce8b28e764562bccacbf24490,1,2,0.044034,0.0,0.6535729476363179,0.3629676307584163,0,Loyal Customers
4558d53a3166e6495139f648af7f95a446e4988a1ad7212cdeade5dd6a2383b9,1,2,0.044034,0.0,0.6535729476363179,0.3629676307584163,0,Loyal Customers
77fb6b29fdbff63cd8ee1ccaee8a589022df3d49af6d1bcd0ce2699c8bad45a9,1,3,0.044034,0.0,0.9803594214544769,0.3629676307584163,0,Loyal Customers
78f6560a80d42cb86237ffd2205f8c8fca7850465b732a5696c1d4a6b27a9e3a,1,1,0.044051,0.0,0.32678647381815895,0.3631077599704546,0,Promising / Needs Attention
4bedc5d65f24b9f290582357129dcd33b8a47d60f9cca79119f4d468a44c9763,1,1,0.044051,0.0,0.32678647381815895,0.3631077599704546,0,Promising / Needs Attention
54669cd453fcda81a9ba6228dba0fa05fc6a16c8173003eb5dc8d806af3d84a5,1,1,0.044051,0.0,0.32678647381815895,0.3631077599704546,0,Recent Potential
6c4fc21b60ee9bfe7cd7cc06de954e3e8605b7a60c22bad3bd6bb1c3992b3437,1,6,0.044661,0.0,1.9607188429089537,0.3681359258141807,4,Loyal Customers
68bad9bbe5772004cb4ad4caaffbfb89ef958a4ce235aa70333cd8435bbc93f7,1,5,0.045695,0.0,1.6339323690907948,0.37665907906403767,4,At Risk
4c5b0cc25c90e2c4d133ce12d5fd7dcfd3d499ade1a8b9a2e172651f7d5db969,1,3,0.045712,0.0,0.9803594214544769,0.37679920827607594,0,At Risk
70c77573c07fad6f6bfa1be2afdd61fdc39f7b8f96aa195c4c6a16799ad63f76,1,3,0.045712,0.0,0.9803594214544769,0.37679920827607594,0,At Risk
520e2d5ecdd40a9dd21ed205bedd74ddd9a24b2184ff9243d21863e89ae879a1,1,3,0.045712,0.0,0.9803594214544769,0.37679920827607594,0,At Risk
5c1764c675f820a20ba8448255ad83bbfc0e892a6165d24f8c40e420ca1d938c,1,3,0.045712,0.0,0.9803594214544769,0.37679920827607594,0,Loyal Customers
1eabb27b3ebc52fcbd3a64dbcb7a73780c355b2df9fb3be03cb01b2184796e74,1,2,0.045729,0.0,0.6535729476363179,0.3769393374881142,0,Loyal Customers
46dfbef4267840edd2e1e8803e857e66aba3f23067d97d637edc9ddd2ad2fdf7,1,2,0.045729,0.0,0.6535729476363179,0.3769393374881142,0,Loyal Customers
6eee8183219adbb5243d07299af9d746e487385fa1d8286bf3bd2d5cc7ab2785,1,2,0.045729,0.0,0.6535729476363179,0.3769393374881142,0,Loyal Customers
4c5ac4759ab508c446335cafb41e5ffbef115875935edd03958909344d56e050,1,2,0.045729,0.0,0.6535729476363179,0.3769393374881142,0,Loyal Customers
742c025fe347735bf755d35d7c10d7acf74b494c8a2ea4e0a959fab206ea5736,1,2,0.045729,0.0,0.6535729476363179,0.3769393374881142,0,Loyal Customers
5240c696f3e56a4275186cf1902548b4071494bed407f878bea46f042854f73f,1,1,0.045746,0.0,0.32678647381815895,0.37707946670015247,0,Hibernating / Lost
563ef27b3303f261d0088810a4cb7b94996e50d5353d803c02cc5bdf20645c07,1,1,0.045746,0.0,0.32678647381815895,0.37707946670015247,0,Recent Potential
5758798750b8df916758c9e0074ca17739b46ef2cdeaee8c372c01e529c50fc1,1,4,0.04739,0.0,1.3071458952726358,0.39063078579373556,4,Loyal Customers
3ec63191c27f23a3f5ca08e241292c3135f6b54f94b33e0b67c99eb93b8944bf,1,4,0.04739,0.0,1.3071458952726358,0.39063078579373556,4,Loyal Customers
4efcf5a59485c81caf7a16546b1037c3aebc93ff12f795a711f2974c99309e0a,1,3,0.047407,0.0,0.9803594214544769,0.39077091500577377,0,At Risk
13c21be4a6a10b05086731737d44f4581c39ea55fc1df0f2e8763f0be07d1b64,1,3,0.047407,0.0,0.9803594214544769,0.39077091500577377,0,At Risk
730eaabae870672c05feb7010d9d52cb9807b6ab3e9833dc4fe3a74e65bac99d,1,3,0.047407,0.0,0.9803594214544769,0.39077091500577377,0,Loyal Customers
694e20783bc3e05977a67258cc9f549f24246995088ab2ef27e7d6d2be3f0afe,1,3,0.047407,0.0,0.9803594214544769,0.39077091500577377,0,Loyal Customers
716cc0efea56cf19fac45333c1cf1e40b23ad6785b23f38c81b2694984a6979f,1,3,0.047407,0.0,0.9803594214544769,0.39077091500577377,0,Loyal Customers
514b866c16088ea63f75151174c1b702a69894c6cc8c6a08acb4d8629717e346,1,2,0.047424,0.0,0.6535729476363179,0.3909110442178121,0,Hibernating / Lost
5c6a3eaacc777a740ab83f961f3379d7c7018f6b7a54e7f5b481d883b713135b,1,2,0.047424,0.0,0.6535729476363179,0.3909110442178121,0,Hibernating / Lost
459f99d66874caa3bc3f286e2120fd310d6719a76e9efe6842cb0475d9e9d219,1,2,0.047424,0.0,0.6535729476363179,0.3909110442178121,0,Hibernating / Lost
75e06f33c264b64ffad4d59f6fd7fdc7efd7da0b6f4417b90cacfc07cc57f3a4,1,2,0.047424,0.0,0.6535729476363179,0.3909110442178121,0,Hibernating / Lost
636f7b9160d8ce75787aeca15cf1b077bded99e8fe54dfa952fb2cfe16dfb071,1,2,0.047424,0.0,0.6535729476363179,0.3909110442178121,0,Hibernating / Lost
11e6a59b461cd8f1c91c0656ffcdaab24a771c651eed2d4fddcf07841cb39b93,1,2,0.047424,0.0,0.6535729476363179,0.3909110442178121,0,Hibernating / Lost
154e1804508a3f730e116d9c0639134edeed0aae250c8298275b1d87c2449dd9,1,2,0.047424,0.0,0.6535729476363179,0.3909110442178121,0,Hibernating / Lost
1052abbecd9c53900ab5b32b94d3ce543dadb5e27666f4cee93e7228c4322820,1,2,0.047424,0.0,0.6535729476363179,0.3909110442178121,0,Hibernating / Lost
6e3897303f46c65d6bd1974fb1b3f67d60daab4cb32d6f4bcd2cd9a2bdaa4cae,1,2,0.047424,0.0,0.6535729476363179,0.3909110442178121,0,At Risk
14ab3e4504ffecc6bf2433b5728adaa851439235c02a4e54735170cad53d828a,1,2,0.047424,0.0,0.6535729476363179,0.3909110442178121,0,At Risk
77292bd1ae03c97063d142bf54d565f21502c39f46aaf6d4e5c6f2eb4a087858,1,2,0.047424,0.0,0.6535729476363179,0.3909110442178121,0,Loyal Customers
559e19260b3be7076cb3abc69229ea1c3485b76c51d1a1d8d1372aee5df329c0,1,2,0.047424,0.0,0.6535729476363179,0.3909110442178121,0,Loyal Customers
5c1c6766611fbded676fdabf36b78412a29d19c52b99503439945d13a08fd5c3,1,2,0.047424,0.0,0.6535729476363179,0.3909110442178121,0,Loyal Customers
57e16b76cf69fc5aef0fb3aed835cd9107c149e1c725cd7b49a7aafdf6f529aa,1,2,0.047424,0.0,0.6535729476363179,0.3909110442178121,0,Loyal Customers
4a181b406409c6db21c7a8b6c0ac4bc141af0534f229bb17e33495bf6c50bed1,1,2,0.047424,0.0,0.6535729476363179,0.3909110442178121,0,Loyal Customers
52354f66ed3ca4a7fa91fe0ac8ff38f82ed766327f155e307c6fd9241c547614,1,2,0.047424,0.0,0.6535729476363179,0.3909110442178121,0,Loyal Customers
4827bfe2fb84770ca6058d630ef0b39d56f85b12aa488684a073fc20514997fa,1,2,0.047424,0.0,0.6535729476363179,0.3909110442178121,0,Loyal Customers
7b9a7c30c13b28df8a9b2b34eafb50110bbcf8a418f7a098d58afb3d34408609,1,2,0.047424,0.0,0.6535729476363179,0.3909110442178121,0,Loyal Customers
63980336336d22a310113880ddad4fa165c7a985c4682217638bef73f04d56c5,1,2,0.047424,0.0,0.6535729476363179,0.3909110442178121,0,Loyal Customers
6b0ed8e17d5286d3acac14d96c41b4c650694772f37eebfbe673e397b79cc07b,1,2,0.047424,0.0,0.6535729476363179,0.3909110442178121,0,Loyal Customers
1491a225bf6bc10e09b2676feb1024a2928cda8d31bf1128a88b79737f06ee30,1,2,0.047424,0.0,0.6535729476363179,0.3909110442178121,0,Loyal Customers
1227a242dc64c1c025c1865253d11f8b606a22ae6135a10e0b45570c99ed396e,1,2,0.047424,0.0,0.6535729476363179,0.3909110442178121,0,Loyal Customers
59320f5d43a84289ea960c8a4fb9eb1d307a3db8a2598c4e9445a5a2b420017e,1,2,0.047424,0.0,0.6535729476363179,0.3909110442178121,0,Loyal Customers
62306bec38473507f39b2cd3ae1a72ee9a50a4928705d95ad4c3788bbdf7945b,1,2,0.047424,0.0,0.6535729476363179,0.3909110442178121,0,Loyal Customers
6829d254e21e9e0d86c88aa7195b837753b29765a20efc96168c31beb50e2043,1,2,0.047424,0.0,0.6535729476363179,0.3909110442178121,0,Loyal Customers
1bf3cc71fb507009e658923accda71b150bafe7a3ef44f5899232a7c50acd87d,1,2,0.047424,0.0,0.6535729476363179,0.3909110442178121,0,Loyal Customers
3f7255badee7e3e7fb7474fc0592cd48f50e21e54faaf25f0ae7f15244366874,1,1,0.047441,0.0,0.32678647381815895,0.3910511734298503,0,Hibernating / Lost
76fccb2372df8bc47f5d5e549e63d99509e0620bcb211c0944dfbf44f07bf9d3,1,4,0.048407,0.0,1.3071458952726358,0.3990138098315542,4,Loyal Customers
4516ba670dcd1e93978468af7d973c374c503a69b9ecbd1bed055ef0998b6ea2,1,3,0.049102,0.0,0.9803594214544769,0.40474262173547165,0,Loyal Customers
49ff7db45cf3bf53f8ff8dccdfea7119d95d5110803db10dbada5f99740274f5,1,3,0.049102,0.0,0.9803594214544769,0.40474262173547165,0,Loyal Customers
428ba82ded3f32ab9747f8b340cfe8e21d83331b65f7d2e8d06b64b2e3d3957c,1,2,0.049119,0.0,0.6535729476363179,0.40488275094751,0,Hibernating / Lost
46ff6f8c8d79f2d190afe62492b761cc63ee4e07ee3ab2036027d8e7b865b7c5,1,2,0.049119,0.0,0.6535729476363179,0.40488275094751,0,Hibernating / Lost
16eb383cd95f06156b199751f09b4a26aa872ebe17cf35e624a7e18b57f79ce1,1,2,0.049119,0.0,0.6535729476363179,0.40488275094751,0,Hibernating / Lost
410fb21e84204de630b22336f2b9353ed704c67fa792e98f5034b3624315e064,1,2,0.049119,0.0,0.6535729476363179,0.40488275094751,0,Hibernating / Lost
7ae0ab3c0136335be37e2bd9da3ac32e8cd1066aeeb33cb5b2de88297dc92eb8,1,2,0.049119,0.0,0.6535729476363179,0.40488275094751,0,Loyal Customers
1b340d5129daa8c9c30ec2b1072fbc65d2bbe8e67bd2a450b19f9bbea7b4c2c7,1,3,0.050119,0.0,0.9803594214544769,0.41312564577329036,0,Loyal Customers
1478a4c834fb810b9a1311b5a19d38b5cfba8d6e3eafea77d229d420704c7639,1,2,0.050305,0.0,0.6535729476363179,0.41465882421088557,0,At Risk
4cb2040f35d9d859b799fecef82794290077e859010edc3c415bcf15eac11e35,1,6,0.050746,0.0,1.9607188429089537,0.4182939408290547,4,Loyal Customers
3dcf8a715e894d716883eabc15cac4ea31ad42e58f24ed66ac5ecd6131bef532,1,5,0.050763,0.0,1.6339323690907948,0.418434070041093,4,Loyal Customers
3ee23bbed753a6bbb3737104d2e563954e613f16a6d4b9415478546d9f4147ef,1,4,0.05078,0.0,1.3071458952726358,0.4185741992531312,4,At Risk
5d89006024e4174317320aa69355515e146e3518097fde560ec09c2a3f6dd359,1,3,0.050797,0.0,0.9803594214544769,0.41871432846516954,0,At Risk
42387c24620a889cabcd9129f7e7f43110fd0a245dfa0598023e815eb419cb36,1,3,0.050797,0.0,0.9803594214544769,0.41871432846516954,0,At Risk
1584b3172e71d7f6c5d74f94c66a215b656547167691bec762bb1df917ce6cf9,1,3,0.050797,0.0,0.9803594214544769,0.41871432846516954,0,At Risk
4a2fee5d178d9e76649cfbed1b38b3ca18e676934a0018dd8fe14c9bc2829c0e,1,3,0.050797,0.0,0.9803594214544769,0.41871432846516954,0,At Risk
74a0423e64674b1beb3e12aa4fe2c5d1e84581704c721e9178154b910ccf7be3,1,3,0.050797,0.0,0.9803594214544769,0.41871432846516954,0,At Risk
13c218b5c562d9bc0b197ccc2b364d592b46320cdd1ae8798d3bffce0ff8ea58,1,3,0.050797,0.0,0.9803594214544769,0.41871432846516954,0,At Risk
15db003ae458429818b43145c8dd046b3ac4490f55e14cae0edb0bf9e4e3a57c,1,3,0.050797,0.0,0.9803594214544769,0.41871432846516954,0,Loyal Customers
176382924918fea72247b0e35bb515fe18f51226086ded9da03a83b0c4743a2f,1,3,0.050797,0.0,0.9803594214544769,0.41871432846516954,0,Loyal Customers
5e7da8d9d160dbe935a81a3030ff43a383b90b50dcb81958889ac57807d0ba36,1,3,0.050797,0.0,0.9803594214544769,0.41871432846516954,0,Loyal Customers
77b3248ea4a4ee752034971fc9d5779b1f3276f46892f09bfeb63418e3853c5b,1,3,0.050797,0.0,0.9803594214544769,0.41871432846516954,0,Loyal Customers
115ed60700c644ecfc068b776cde10170f95e7e5cbbe1236f2977e7874b03ce9,1,3,0.050797,0.0,0.9803594214544769,0.41871432846516954,0,Loyal Customers
4654c66c98ee810a40d88218c642d8a1b16c1274401e581f2516a04a248c6100,1,4,0.050797,0.0,1.3071458952726358,0.41871432846516954,4,At Risk
5cccf56f801c531132c14486ac8b5667f60c5e23480621d7fa8c5d4573a0bbb3,1,2,0.050814,0.0,0.6535729476363179,0.41885445767720775,0,Hibernating / Lost
58f57d7614602738b54e260e5ab8c4fe05889e1fd726d7ede147f8bf57e93ff6,1,2,0.050814,0.0,0.6535729476363179,0.41885445767720775,0,Hibernating / Lost
5aa5faade6c1de0a97f5d54af13a3d2cf4a2b3c2d1c6b0c51c79a8ed99c4b9b6,1,2,0.050814,0.0,0.6535729476363179,0.41885445767720775,0,Hibernating / Lost
4c4b5337392def1ed408aaac0056e1c5fb3246968e5498531131f79d9fc2781e,1,2,0.050814,0.0,0.6535729476363179,0.41885445767720775,0,Hibernating / Lost
4ada16b50791317a48538cf980663b395bc3f1b0b8b9fe9013e65fc987be9985,1,2,0.050814,0.0,0.6535729476363179,0.41885445767720775,0,Hibernating / Lost
72ba3ada56a27d0c10eeab12f76d57e2dd4f875bc43ecb2fc3f3922dcaa3a7f5,1,2,0.050814,0.0,0.6535729476363179,0.41885445767720775,0,Hibernating / Lost
75db61d860fc16743da877c5ef7b86a20d645861658dce2be77df54676d1efcf,1,2,0.050814,0.0,0.6535729476363179,0.41885445767720775,0,Hibernating / Lost
7c75ceb16e934fafe5cadec7e3de94f472a008182aaa2991b75a2e4e656ff917,1,2,0.050814,0.0,0.6535729476363179,0.41885445767720775,0,Hibernating / Lost
6155c80c389780d65e46a90b83d359254442b0aaacf5c60e2df6afdc1dafea15,1,2,0.050814,0.0,0.6535729476363179,0.41885445767720775,0,Hibernating / Lost
6d84d7ce186a6b176be7142e323ce89dec58a512eade9ccb5a0421c553be1c81,1,2,0.050814,0.0,0.6535729476363179,0.41885445767720775,0,Hibernating / Lost
5c54a705fd7d3a3c6755ad96dd49a809336334412d2b99f28572eb6cf09e9b65,1,2,0.050814,0.0,0.6535729476363179,0.41885445767720775,0,Hibernating / Lost
43aca8c921b55f2a01b2a97783579809b6378cdcfbafec6ba080bf204fa44347,1,2,0.050814,0.0,0.6535729476363179,0.41885445767720775,0,Hibernating / Lost
4223ded0aaf0063db0247054031a6fac33828c188daecedc30f96696e6eee268,1,2,0.050814,0.0,0.6535729476363179,0.41885445767720775,0,Hibernating / Lost
6e37b7b1a4d0fb9670501fa319abeeed21e7d403b3d0dfec735ca1aa68cba5a9,1,2,0.050814,0.0,0.6535729476363179,0.41885445767720775,0,Hibernating / Lost
1327c0ceae62f732fce1c75206e367aa4932249c5c57d970ec7aff305192ef42,1,2,0.050814,0.0,0.6535729476363179,0.41885445767720775,0,Hibernating / Lost
5d650b6074f762171900d2ca974eb490592e5005627c066c839fd733dad58dc1,1,2,0.050814,0.0,0.6535729476363179,0.41885445767720775,0,Hibernating / Lost
6f13ae1bee0868b64cffd4cf637c96d5c27139094a1e46a4a2423bddd13c1126,1,2,0.050814,0.0,0.6535729476363179,0.41885445767720775,0,At Risk
7297e06a237b4dc760dcbc7af11da4fae7b1d3758fe87c0af684c379cf0485d3,1,2,0.050814,0.0,0.6535729476363179,0.41885445767720775,0,At Risk
7b2d29ad668f2b7a0f3d5b693c9e91cd5e7d72c9d260bd96195dd81fdd7213ef,1,2,0.050814,0.0,0.6535729476363179,0.41885445767720775,0,At Risk
6380701d0c167424fd48a6c46b97b95be36dd20fe022b42c4da177a82b16f6c1,1,2,0.050814,0.0,0.6535729476363179,0.41885445767720775,0,At Risk
600b13a154d7abffd3f4b10256e0b888b8376e54e87642458ef0e8603f4ffb1c,1,2,0.050814,0.0,0.6535729476363179,0.41885445767720775,0,At Risk
663a469ff43375bdf223454b8ea602903004aa415c4d84b20f8b9a6becb83193,1,2,0.050814,0.0,0.6535729476363179,0.41885445767720775,0,At Risk
56883cbe6ab885e7866c4fe564121cc1a86741a8874b681d3338d41d38409433,1,2,0.050814,0.0,0.6535729476363179,0.41885445767720775,0,At Risk
7661555f182c6f3a7b3e36ef8d29f07c1720e3c7ce78afacd10f1273bea29810,1,2,0.050814,0.0,0.6535729476363179,0.41885445767720775,0,Loyal Customers
759d1f8061e169f55843a10c7d6a83a7af6c3099c79bd464216c8fb534871293,1,2,0.050814,0.0,0.6535729476363179,0.41885445767720775,0,Loyal Customers
6377776a6cba1c22f1bd9f518ba83e0058acdc4e10c38130e1a0ba2c5e9074e4,1,2,0.050814,0.0,0.6535729476363179,0.41885445767720775,0,Loyal Customers
62867b373d27626e1a738398200fe01aba546428fd32591ea38283ba679ec71c,1,2,0.050814,0.0,0.6535729476363179,0.41885445767720775,0,Loyal Customers
5d86252c21283d69b490b0cbb4da2949924ce5e1c4bface81969de93ce27160e,1,2,0.050814,0.0,0.6535729476363179,0.41885445767720775,0,Loyal Customers
4386c156ea7e9dec745ad935ed6e9c5fe25b4fc4dced397307e243e48d4ee555,1,2,0.050814,0.0,0.6535729476363179,0.41885445767720775,0,Loyal Customers
467bc828c9a5146d22a0392296dc68553db201d52b0e12367924eec80f8ed4c2,1,2,0.050814,0.0,0.6535729476363179,0.41885445767720775,0,Loyal Customers
3e37f7b7f2e995b351b362b000e0e970874df926522ba650239bbaf6fd39c42f,1,2,0.050814,0.0,0.6535729476363179,0.41885445767720775,0,Loyal Customers
3e61a98e6925b1e7c73638a10aa6db114865b36c06830a1ca54d42e06b067641,1,2,0.050814,0.0,0.6535729476363179,0.41885445767720775,0,Loyal Customers
408b48003b81fad84a1b7704bfd08f95f2640b905c0b5b3243556dc23d4c3293,1,2,0.050814,0.0,0.6535729476363179,0.41885445767720775,0,Loyal Customers
7341751593530a77c99650e6872b98b9e79e4c8f5123c11dfec83062d69856be,1,2,0.050814,0.0,0.6535729476363179,0.41885445767720775,0,Loyal Customers
7c918a0b51835e6ae4105767c81d028e8131fff0c6418fed5f9ac2a4e903e68a,1,2,0.050814,0.0,0.6535729476363179,0.41885445767720775,0,Loyal Customers
7eceb59741c4655545797466e61ba06051ba2417e6be9f2ba5003b114e582fcb,1,2,0.050814,0.0,0.6535729476363179,0.41885445767720775,0,Loyal Customers
16d6658353a80f7e0b2bd62e38c255596caf8aff2f518eb53cd60adb21dfe7c8,1,2,0.050814,0.0,0.6535729476363179,0.41885445767720775,0,Loyal Customers
1bbd0b38a543b34be05ceac6b603232d35e3e63c92da980782fcc22ae1dfc0f6,1,2,0.050814,0.0,0.6535729476363179,0.41885445767720775,0,Loyal Customers
5ce8418a69df84674d1345a84a12f50a567cee59dc139db387be7986d6c5a12b,1,2,0.050814,0.0,0.6535729476363179,0.41885445767720775,0,Loyal Customers
45573669471dacdfe7e358ccc1780104dfe004379538052753d5329760776b30,1,2,0.050814,0.0,0.6535729476363179,0.41885445767720775,0,Loyal Customers
4174710af35fd8e8bcfebe7ff0733e7664291fa88d6e65d094a5449d1fd23c0d,1,2,0.050814,0.0,0.6535729476363179,0.41885445767720775,0,Loyal Customers
4764aff32880683f7364bf7ed343414d61decda484c3fc833179164ac58a485c,1,2,0.050814,0.0,0.6535729476363179,0.41885445767720775,0,Loyal Customers
718d8bf2e109bedfae316d2a4e8901091c4cef2bae2ba3730a312b335dcf0a61,1,2,0.050814,0.0,0.6535729476363179,0.41885445767720775,0,Loyal Customers
60abd1ebd9e3a99e4df41865ba040946aaa23a2b1fc34b23a228c156c8b4efed,1,2,0.050814,0.0,0.6535729476363179,0.41885445767720775,0,Loyal Customers
14cfe23ba7c911bf88bc4a73d18bdb758306e52db64e1f3fc4bbe932e24b7af6,1,2,0.050814,0.0,0.6535729476363179,0.41885445767720775,0,Loyal Customers
166d881965f29f15fc48366112a1f5ea8eaab5ce47af14eb4c2a3ed9360c04de,1,2,0.050814,0.0,0.6535729476363179,0.41885445767720775,0,Loyal Customers
1ddbd4aee17fb44361f192c21fec9410e292f5472579b09e8491751e3e949c9d,1,2,0.050814,0.0,0.6535729476363179,0.41885445767720775,0,Loyal Customers
1ddf01615c9d6cd43fd504cd28f130cae4f073d900bc54bc06654532fa6add62,1,2,0.050814,0.0,0.6535729476363179,0.41885445767720775,0,Loyal Customers
527cbad8cc071ca8aeef711fb05eb76b6f29b9c03ceea94474b1c29ea7a42ed6,1,2,0.050814,0.0,0.6535729476363179,0.41885445767720775,0,Loyal Customers
52014b98d5df93415cdfbb7d382f16e322e5dbcbe81b123798d1847efdbf255c,1,2,0.050814,0.0,0.6535729476363179,0.41885445767720775,0,Loyal Customers
5c4231651923f4a3b10afd2cacb63e02fc77b39e60eb6f2d627293534fb9eec9,1,2,0.050814,0.0,0.6535729476363179,0.41885445767720775,0,Loyal Customers
5e6b53a9777d8949833e8cb0bcf044ca7d8c6f0b981b0f5949e8e9c4db15f8d2,1,2,0.050814,0.0,0.6535729476363179,0.41885445767720775,0,Loyal Customers
43d322d8008b8d0714103238772d724d06f8777ef1d393eed22b6309aab155e2,1,2,0.050814,0.0,0.6535729476363179,0.41885445767720775,0,Loyal Customers
40317a250c1908501a28274dcd6b64c6a1f5134384ae671e1992188f701eab9e,1,2,0.050814,0.0,0.6535729476363179,0.41885445767720775,0,Loyal Customers
6282d293c428b63166504a0e8e6e636ae69b66ea7c7540556e9f17e3c19a8663,1,2,0.050814,0.0,0.6535729476363179,0.41885445767720775,0,Loyal Customers
5eb8aa02c517403d7448f690c6ba35ea54532b4832373ce49997dff5f213ab15,1,2,0.050814,0.0,0.6535729476363179,0.41885445767720775,0,Loyal Customers
6cd00c939a399f236b0b7f25ca831bce96e7b657ad8c766fb9194cad51b5d500,1,2,0.050814,0.0,0.6535729476363179,0.41885445767720775,0,Loyal Customers
101550306fa8e7d25a573cc88075f7457d0bbffff3332476ebf1334b5c322c17,1,2,0.050814,0.0,0.6535729476363179,0.41885445767720775,0,Loyal Customers
542046d1abea41a17e5e5a50101be4173d207241e74c673308ff89b7ffc74708,1,2,0.050814,0.0,0.6535729476363179,0.41885445767720775,0,Loyal Customers
5067652cef22111378f292b5d4b4984d066bbbcb1fe1b10f4788d52149969f87,1,2,0.050814,0.0,0.6535729476363179,0.41885445767720775,0,Loyal Customers
5cb3e5c40fe6a8e5fc08dfd950ebfbc05fe7d588da14c48e175609fed3f9e09b,1,2,0.050814,0.0,0.6535729476363179,0.41885445767720775,0,Loyal Customers
69fa8c5b8336e97954fc15fc5079ceb83ea75ad6e8bc6476f65753a75369f7f7,1,2,0.050814,0.0,0.6535729476363179,0.41885445767720775,0,Loyal Customers
13e43485075a2a6cce39ae64a4fce844a8237f35cbf2c37e83d15c5059b0b648,1,2,0.050814,0.0,0.6535729476363179,0.41885445767720775,0,Loyal Customers
5b2a88386813f1596681d359d29cba56439a003f93f2a202e6f8274bb3171d87,1,1,0.050831,0.0,0.32678647381815895,0.41899458688924607,0,Hibernating / Lost
424ca7b6db7230b5471f591e1edad82c76825daaf3fc0cdc714dd26b23432674,1,1,0.050831,0.0,0.32678647381815895,0.41899458688924607,0,Hibernating / Lost
400dca61cf9245e6c8ccf00647c9b9394bfd5e76ac7599f63102963a157e3b49,1,1,0.050831,0.0,0.32678647381815895,0.41899458688924607,0,Hibernating / Lost
7ba38403759e4def6e01debac92bf8cc96c431c1c525f975043e5ae4d3ead351,1,1,0.050831,0.0,0.32678647381815895,0.41899458688924607,0,Hibernating / Lost
7e4c1277d4d14995c641a5681cd6576bae0b1ab4cddf53f16e5f4e71126d6439,1,1,0.050831,0.0,0.32678647381815895,0.41899458688924607,0,Hibernating / Lost
7ded1f94b6b6580ca5d650b448ff045820ac49f95749ae5722abf03c605685d6,1,1,0.050831,0.0,0.32678647381815895,0.41899458688924607,0,Hibernating / Lost
788e200d0c19df27da9bd98c3dba2ba16520bda2ae3bae7e42f3c6fdb25dd857,1,1,0.050831,0.0,0.32678647381815895,0.41899458688924607,0,Hibernating / Lost
791c0d25f6901bcc0177e6f034d25083dea11cc9eb0f4c900e379784d3f29642,1,1,0.050831,0.0,0.32678647381815895,0.41899458688924607,0,Hibernating / Lost
617912e3ab43cb2ecd21165b89cedd6a7346f422a372178104363d1c5755f797,1,1,0.050831,0.0,0.32678647381815895,0.41899458688924607,0,Hibernating / Lost
667cfcb7081bdd487ca5ec254e2045094d3ae8b694dde6515a70cb654660ecba,1,1,0.050831,0.0,0.32678647381815895,0.41899458688924607,0,Hibernating / Lost
13c76d84a5dd7bf2160aade8219f21ad488bf94c84abb2172e114ea8d6674fe9,1,1,0.050831,0.0,0.32678647381815895,0.41899458688924607,0,Hibernating / Lost
137b4523ad3b2cd2f6ce90f47cf2d0ef0c7b364bd2cc77ffae731a472fafc1ee,1,1,0.050831,0.0,0.32678647381815895,0.41899458688924607,0,Hibernating / Lost
139e2187c7b8515c507dea857a28604e60c5aad987344855c5b8a10fea60701a,1,1,0.050831,0.0,0.32678647381815895,0.41899458688924607,0,Hibernating / Lost
55b2b3890a1cc162ee5342d0e92fcaa5ff6d9fe5facf0df8c3bdde0f75226021,1,1,0.050831,0.0,0.32678647381815895,0.41899458688924607,0,Hibernating / Lost
4e85625042ead6f4230616721a0d964747958bc3cd6211a58120fb07fafb6c7b,1,1,0.050831,0.0,0.32678647381815895,0.41899458688924607,0,Hibernating / Lost
4d5dae7e3a473a2f2e8a9b649c2d3ef6396e06ac65508fbbcd4b1ac208f82648,1,1,0.050831,0.0,0.32678647381815895,0.41899458688924607,0,Hibernating / Lost
4827833269ec23cd1d2a42e97d7624d0f9e993ce98ca6998c9513ad3c79245e5,1,1,0.050831,0.0,0.32678647381815895,0.41899458688924607,0,Hibernating / Lost
79d6e5ce1da9994b74df99af146bf8cc7a726be3a513b980547f676ea7f062a4,1,1,0.050831,0.0,0.32678647381815895,0.41899458688924607,0,Hibernating / Lost
65991b5b6d5215e84eee2cbf0d3879e2de1b4e016cc958964e3ea48f0be00b56,1,1,0.050831,0.0,0.32678647381815895,0.41899458688924607,0,Hibernating / Lost
5eba853fc5e0bada868881074bf22e5d59e03041e89051d229e4b9bbf025f0c1,1,1,0.050831,0.0,0.32678647381815895,0.41899458688924607,0,Hibernating / Lost
6c88a29ab4d72a2b65ee0ab8ce2b4b6d3ff893e0f9f4672929aba34ee1749f08,1,1,0.050831,0.0,0.32678647381815895,0.41899458688924607,0,Hibernating / Lost
6ca31dd7bf412820b6db3f3c195ceb9feb5c56978d5b6316404d58d8a4c8439e,1,1,0.050831,0.0,0.32678647381815895,0.41899458688924607,0,Hibernating / Lost
55acc8470f72664689cf0be605e4fa0191ee3707514653a0822b73a2ae159a5d,1,1,0.050831,0.0,0.32678647381815895,0.41899458688924607,0,Hibernating / Lost
5ce97b31c7dae475eb652c1874e2f27f87649bbce3866b0cede521eb755c4c3f,1,1,0.050831,0.0,0.32678647381815895,0.41899458688924607,0,Hibernating / Lost
58dc1b7e7bc663bf0262518e818d03423fd4078488e8e52c39a414f44fc4648c,1,1,0.050831,0.0,0.32678647381815895,0.41899458688924607,0,Hibernating / Lost
57971dbe11685535c722fa5d367e74f58e918bd1bca8e507bc90ea1f81b372c7,1,1,0.050831,0.0,0.32678647381815895,0.41899458688924607,0,Hibernating / Lost
44110239f679364c065ad06ef984f9d80f9dfb1ac947e39d7539c493a781d055,1,1,0.050831,0.0,0.32678647381815895,0.41899458688924607,0,Hibernating / Lost
453c805afc1cc9c4790a1ce57abea4ca59d165281b1d4819fc52fed08e727a2e,1,1,0.050831,0.0,0.32678647381815895,0.41899458688924607,0,Hibernating / Lost
485ef1799ef184c6d0744cd1daced7d371345fad03cfc8c36ce3e48aefbc4d6a,1,1,0.050831,0.0,0.32678647381815895,0.41899458688924607,0,Hibernating / Lost
718df5a4b6d8548e0bbd22dc0fe853014932e2a55fb7adb30c146e9ee862dc31,1,1,0.050831,0.0,0.32678647381815895,0.41899458688924607,0,Hibernating / Lost
65eb8c99167bfa9750d268cb98df5797229fc23f22335822953be195e535ab38,1,1,0.050831,0.0,0.32678647381815895,0.41899458688924607,0,Hibernating / Lost
66686a5512d1173359b85ffaeda0e7faa8bc9932ec3e787aee30b72b4d7de322,1,1,0.050831,0.0,0.32678647381815895,0.41899458688924607,0,Hibernating / Lost
13a9f9a8db76789ce354ba42e6981f21d04249d413fb9c5f1313e5aa3d5261c9,1,1,0.050831,0.0,0.32678647381815895,0.41899458688924607,0,Hibernating / Lost
122891f2242ddfcd9dab5f70cb6af96e77ee8754e52066aa8c4ee07eaccd2ff9,1,1,0.050831,0.0,0.32678647381815895,0.41899458688924607,0,Hibernating / Lost
5921389c69dd57fdc4b7f9756d1cc67e2dd232fb83882aa7c14983a5f833e757,1,1,0.050831,0.0,0.32678647381815895,0.41899458688924607,0,Hibernating / Lost
3fee7e37cde778708a64ae9f97d3aadf74f8c804df960a6cbf54e2f90d14c39b,1,1,0.050831,0.0,0.32678647381815895,0.41899458688924607,0,Hibernating / Lost
472790c7a44143b4cadca959c198943a45764489c4c1141bf2050761c10f9ff3,1,1,0.050831,0.0,0.32678647381815895,0.41899458688924607,0,Promising / Needs Attention
75326a48462c6720743bc781df8fbe9ea10fe43a4de1ee4d33138d71d74e9023,1,1,0.050831,0.0,0.32678647381815895,0.41899458688924607,0,Promising / Needs Attention
7ec6b6cb6c806378768e0b6d34babb76df5c7f7b55e0836a1eda56905046a74e,1,1,0.050831,0.0,0.32678647381815895,0.41899458688924607,0,Promising / Needs Attention
79e513f173f41f49cfaac935050dc500f4dbafd24d14c71b573c9bc06693383b,1,1,0.050831,0.0,0.32678647381815895,0.41899458688924607,0,Promising / Needs Attention
6573c3b0eebef6a78eb378c7909d1020b5d85450588374bb27550a13a40e5c60,1,1,0.050831,0.0,0.32678647381815895,0.41899458688924607,0,Promising / Needs Attention
16e8cb53da0a89e0e2219367597b7b6831cb6daf1bef401841749a36e1108786,1,1,0.050831,0.0,0.32678647381815895,0.41899458688924607,0,Promising / Needs Attention
12bc07874d18000aa68d04eb1ef71a46bac748e9788ac7e4a5d268df76c1d385,1,1,0.050831,0.0,0.32678647381815895,0.41899458688924607,0,Promising / Needs Attention
128e2643034f8df0812e1a16e8333d0c1fa41e2fbaa8480e0caf0714ddcd6363,1,1,0.050831,0.0,0.32678647381815895,0.41899458688924607,0,Promising / Needs Attention
130200b570ee5a11ab8321ff2a999c24f59eac990f502549a817c2168a7d35ce,1,1,0.050831,0.0,0.32678647381815895,0.41899458688924607,0,Promising / Needs Attention
1cf85783cce987df6fb321fb18e9bc34679172a57837f1c6966d2dbe1f3bfaca,1,1,0.050831,0.0,0.32678647381815895,0.41899458688924607,0,Promising / Needs Attention
50b568326eb224ad586a72d12a163785cf9dddbef71d7aa0f469eeb9402111ce,1,1,0.050831,0.0,0.32678647381815895,0.41899458688924607,0,Promising / Needs Attention
5aa9cacf31129a977229d4d1fe32453638e7163cebb8ca140ca1a5c10c4cbe1d,1,1,0.050831,0.0,0.32678647381815895,0.41899458688924607,0,Promising / Needs Attention
41d0a3e48238a99a35f70a2f41ddc7b813cb6f3166f8d303a73371ff3925b1c0,1,1,0.050831,0.0,0.32678647381815895,0.41899458688924607,0,Promising / Needs Attention
4aa4b3ba7066b9a0d5038680f43cafce01f2dba570d18dbf9e59d719e4c82739,1,1,0.050831,0.0,0.32678647381815895,0.41899458688924607,0,Promising / Needs Attention
4e4ad490cba1bfa38defd006b859c84491390ac11a27818ae98a4f5e8a9b7b49,1,1,0.050831,0.0,0.32678647381815895,0.41899458688924607,0,Promising / Needs Attention
472068815d08cc0e320770aa6fa95cf3ed0cc83a5b7082fff95415898d5c2a79,1,1,0.050831,0.0,0.32678647381815895,0.41899458688924607,0,Promising / Needs Attention
7af61921bf8b0febd1059cdb47f8fb24e3c02bcfe9b4afeab6e2a131ec7c885a,1,1,0.050831,0.0,0.32678647381815895,0.41899458688924607,0,Promising / Needs Attention
7839e09a85cdc41146a6312a6496fd8709a77db58f47cbe3c4d74cd8c43d8085,1,1,0.050831,0.0,0.32678647381815895,0.41899458688924607,0,Promising / Needs Attention
601484997751fa1873493fb1a403413e9502fbb5fa3db637b0a38dd846564f6a,1,1,0.050831,0.0,0.32678647381815895,0.41899458688924607,0,Promising / Needs Attention
6633f4d6e25d30bd6f641159c780d7d1093637315e80e0cd08a80353eb6ff045,1,1,0.050831,0.0,0.32678647381815895,0.41899458688924607,0,Promising / Needs Attention
1ee6520beca1ef13d1cb9eb8da20281df31cd38c8773e14f017026fcf8108d7d,1,1,0.050831,0.0,0.32678647381815895,0.41899458688924607,0,Recent Potential
508cf0fdb95bf7cc504d6f185c90524ec5334ad05f2ed23534755f83a04fba7b,1,1,0.050831,0.0,0.32678647381815895,0.41899458688924607,0,Recent Potential
50da7ccd19d333e494b80055cd1786c4f75afb00eebe14c8d9589dbf4ce6a98e,1,1,0.050831,0.0,0.32678647381815895,0.41899458688924607,0,Recent Potential
5c4abeba28bfc8659fca8d4f21a3d21893323519ad1e4287c44e71a2247f49fc,1,1,0.050831,0.0,0.32678647381815895,0.41899458688924607,0,Recent Potential
5a995e94efeaac4b0e1c4366b81db5e525ccbc4cb78b72b4cdbbe345edaa8b8b,1,1,0.050831,0.0,0.32678647381815895,0.41899458688924607,0,Recent Potential
59700ab99cd71a9ba6794103cef1cddab29f2fc421c7247fdeca6a06ae8dd560,1,1,0.050831,0.0,0.32678647381815895,0.41899458688924607,0,Recent Potential
419248d3794a58451708fe37f7c7796c77d6555b25fda971ff3151af0b2c2b36,1,1,0.050831,0.0,0.32678647381815895,0.41899458688924607,0,Recent Potential
4034ba92aff62e08154f902f158aaa31bf702998e363c41c6994b7aeeee1442d,1,1,0.050831,0.0,0.32678647381815895,0.41899458688924607,0,Recent Potential
4b0dd80725434bab165d4f7951e31de7d7be3a610ce0b4b10f94014b03e88d49,1,1,0.050831,0.0,0.32678647381815895,0.41899458688924607,0,Recent Potential
6e7c6b5a76c37c87f3216ad9f1ff3bb8cd2b1e0433fed9eae3b4d72b8f814094,1,1,0.050831,0.0,0.32678647381815895,0.41899458688924607,0,Recent Potential
7c595893a13c5668009b5dfaf8dc62381b6ceb86dc9ba2ca53101e4c39fceda6,1,1,0.050831,0.0,0.32678647381815895,0.41899458688924607,0,Recent Potential
7ab3f2bc81712cafd703ac702c8f950ff80552846139b5de2ec20047ec3f54c8,1,1,0.050831,0.0,0.32678647381815895,0.41899458688924607,0,Recent Potential
7d8521ea1cce57f26aacf098d8817c9d37fdc7c7224dda48c46f2c0fec95f5e4,1,1,0.050831,0.0,0.32678647381815895,0.41899458688924607,0,Recent Potential
6e005909fd8f5b9f03abf3bf00c54d01714ec418da704f832e4fa4cad4e289dd,1,1,0.050831,0.0,0.32678647381815895,0.41899458688924607,0,Recent Potential
10f60d2c9a14dfe638e1f2c20c45fa5a6fe0497a2199111586575dd6d090914b,1,1,0.050831,0.0,0.32678647381815895,0.41899458688924607,0,Recent Potential
1097a43ab4a3ad87fca85525ff1a855a153c823c58a3e1eea52688f3e315048e,1,1,0.050831,0.0,0.32678647381815895,0.41899458688924607,0,Recent Potential
11619f8f9fe7b658fdff097358f5c365385774ecb0cc859203d905a877dcce54,1,1,0.050831,0.0,0.32678647381815895,0.41899458688924607,0,Recent Potential
5333462d571c9d0215d2156c87a3b6c9986638193e2c20609e51d66e3e071d61,1,1,0.050831,0.0,0.32678647381815895,0.41899458688924607,0,Recent Potential
5e4a87ba03aca3c47ce8f094d55fd1348b94a1daba600034a918d1aaf2e62bc3,1,1,0.050831,0.0,0.32678647381815895,0.41899458688924607,0,Recent Potential
3ec671166bdd9304bedea49cfe67bb2fd0fb98431a6da990fc7f359aa0da6f30,1,1,0.050831,0.0,0.32678647381815895,0.41899458688924607,0,Recent Potential
3fb9d4f5db6c4c2f00ae5aadf65fc1910b52873c598bbe5ace9e42c9f17ecd55,1,1,0.050831,0.0,0.32678647381815895,0.41899458688924607,0,Recent Potential
4c1c5b6d63c0d183389e67b905ae49740a2da4c93f4c97d2af68efa8e73b73dd,1,1,0.050831,0.0,0.32678647381815895,0.41899458688924607,0,Recent Potential
4a3faa35e46bfa5754ec8cfc1aaba3f9b418e0606a46998791c0a45e71857947,1,1,0.050831,0.0,0.32678647381815895,0.41899458688924607,0,Recent Potential
7ed61dd4297c9d28ddad7ede9773a3e3d7f2aae9de09af2f6960514e41cfea4b,1,1,0.050831,0.0,0.32678647381815895,0.41899458688924607,0,Recent Potential
7d28386cfe810694c237d51270e0aafc92639df5c39a8f4d4212d01c462aa596,1,1,0.050831,0.0,0.32678647381815895,0.41899458688924607,0,Recent Potential
5e9ae0ded9cfe8ca8965fc7b3b85c3043d840accb07514244265396aaa01f1b1,1,1,0.050831,0.0,0.32678647381815895,0.41899458688924607,0,Recent Potential
60790503e826206bb358d07b5b4f8103aaf38bc124f2916dbd56333fd4995c92,1,1,0.050831,0.0,0.32678647381815895,0.41899458688924607,0,Recent Potential
6afb3b5c6a12978ef2276b83cf4561ef54865f18f59d44bef7d5c697ea98b570,1,1,0.050831,0.0,0.32678647381815895,0.41899458688924607,0,Recent Potential
6d1e4fb061f7b0a73a2b9c5ebb92b6975f26e9fed97016e3c6d768935dcdf61a,1,1,0.050831,0.0,0.32678647381815895,0.41899458688924607,0,Recent Potential
69a34cc3495ca5174f8e48a07477035b3bf0cf464857871e35b8c7b139089799,1,1,0.050831,0.0,0.32678647381815895,0.41899458688924607,0,Recent Potential
164cfcb119c9c7d089c5f610ffacbd1f38f3ac4df1a6f7e35a8dbcdd1b942a6b,1,1,0.050831,0.0,0.32678647381815895,0.41899458688924607,0,Recent Potential
1b44e4a4c04f187de55af14ef256159f5a178f2a709b4f04fd98c81a1d5a240f,1,1,0.050831,0.0,0.32678647381815895,0.41899458688924607,0,Recent Potential
1ecb71736288704bd89f26c1cc4bbd1410a6746a916fdb00248f8f11c7d5633b,1,1,0.050831,0.0,0.32678647381815895,0.41899458688924607,0,Recent Potential
5379ee3ca12cd4807fbfe2caa8c06b8facf813c1f90dcad95178b9b89e661929,1,1,0.050831,0.0,0.32678647381815895,0.41899458688924607,0,Recent Potential
4f580cd7c657cf0b5394fe09140a51b08ef329e5dfb0cf4de08df0f6b9b1a1ef,1,1,0.050831,0.0,0.32678647381815895,0.41899458688924607,0,Recent Potential
3eece1db0c84f93eb2a8683f30cb2b1ff6769a5e68192cde40e6ad9fae392630,1,1,0.050831,0.0,0.32678647381815895,0.41899458688924607,0,Recent Potential
491ff7e33adc4f2875e1ae16bd89f8e4563e0a0c8d91f176dc85ff8bd7eb32ba,1,1,0.050831,0.0,0.32678647381815895,0.41899458688924607,0,Recent Potential
6f58f23dc9054e2ebeff013f68572cc09062eb24a9b803b37a49c1b448a9947c,1,1,0.050831,0.0,0.32678647381815895,0.41899458688924607,0,Recent Potential
7d1cd90ab182b2d93eea3c11c269466d56aca5979e58c030e765f2d039a646dd,1,1,0.050831,0.0,0.32678647381815895,0.41899458688924607,0,Recent Potential
77359298d7e399cdce36a5b973eb61f18bfdeeb32e5f5b5384b2ae4293bbe442,1,1,0.050831,0.0,0.32678647381815895,0.41899458688924607,0,Recent Potential
77845bfbeaca6e9e5d1fdedb798d7f6d6ca0622329e2be85f1bc8c15444ef21c,1,1,0.050831,0.0,0.32678647381815895,0.41899458688924607,0,Recent Potential
6390c0ecec48bcb6d4eed88fedaf4002a0413e9bb59c6d900371576d09064e96,1,1,0.050831,0.0,0.32678647381815895,0.41899458688924607,0,Recent Potential
6501a6a663aabcb11d8974bdb9d4b4938c5a376906a94a7f01931195e20ea9b1,1,1,0.050831,0.0,0.32678647381815895,0.41899458688924607,0,Recent Potential
60566bfa6a80cea3e4f0f58875bb3cd9e9ec83e5a24ac59ce87b6d8957ad2b18,1,1,0.050831,0.0,0.32678647381815895,0.41899458688924607,0,Recent Potential
5e9a3d540f4b95cdfdf1f8000b304bb89cea833f6e48e9691e67aad416a0bb6a,1,1,0.050831,0.0,0.32678647381815895,0.41899458688924607,0,Recent Potential
60cc32b80339d069b66a4e615d38d549850d68cd45dd286d0c8c08d65ea358df,1,1,0.050831,0.0,0.32678647381815895,0.41899458688924607,0,Recent Potential
67c2d335946c5aad3b1370825e58e8594e7136bb9ababfdb7d9a329f99f13a98,1,1,0.050831,0.0,0.32678647381815895,0.41899458688924607,0,Recent Potential
6692e8367014a08f80f945f798ec8375c313bf4bab7e48cf3e3644d291a58707,1,1,0.050831,0.0,0.32678647381815895,0.41899458688924607,0,Recent Potential
69442b72b60dbfa110ef054372762d1c074c1b23576010a6c8b3309576487408,1,1,0.050831,0.0,0.32678647381815895,0.41899458688924607,0,Recent Potential
14dda637bf395233d40a16a96b7191d995572df370a20fd8e35af1eb85dd499a,1,1,0.050831,0.0,0.32678647381815895,0.41899458688924607,0,Recent Potential
1679878a45652816e66646d88e965e9447594dcc1301ff81d7e2fd0226d7bb88,1,1,0.050831,0.0,0.32678647381815895,0.41899458688924607,0,Recent Potential
6ab833a9f86eb9eef5e4a001ba48f4852a9b859744ff63a3095e4016ed4277ff,1,2,0.051322,0.0,0.6535729476363179,0.4230418482487042,0,Hibernating / Lost
62bb7c8f42c6f700cc27109b5c866b77bd772a96966fe312d3b08307c155a866,1,1,0.051525,0.0,0.32678647381815895,0.4247151558983377,0,Hibernating / Lost
55caabaf139825a083e9b8eedfc173d3a48d4a5a8cc8f128fda8a0ffebb2ae86,1,4,0.051627,0.0,1.3071458952726358,0.4255559311705673,4,Loyal Customers
1020f331679f618698b2e12045cff028cfb5734e6f7103f2d1d486fbfd645f3b,1,4,0.052475,0.0,1.3071458952726358,0.4325459059828291,4,Loyal Customers
494cffd6321548556a8d53dfc156a5fc1c6483381fba91d5a930d13ca690fb62,1,3,0.052492,0.0,0.9803594214544769,0.43268603519486737,0,At Risk
1868bc8bcfa0ee4c00a14a89bce88356a856dc4f70d81e1074ff2c0bffe69f94,1,3,0.052492,0.0,0.9803594214544769,0.43268603519486737,0,At Risk
7db01af4ca92e3a361c9dc91e0461e01f0747419fd5aa5244bfd9ad047c44505,1,3,0.052492,0.0,0.9803594214544769,0.43268603519486737,0,At Risk
4ba72ebfd44e8417086cd81c16213d9a3d2b8737413deed169989a5b137acc37,1,3,0.052492,0.0,0.9803594214544769,0.43268603519486737,0,Loyal Customers
6e0b753c230b71eecddaf20bad5fb47db111a43d621ecf81031e44cd04c3f746,1,3,0.052492,0.0,0.9803594214544769,0.43268603519486737,0,Loyal Customers
1cb9d2accdd73692ae053f31a1845dfed8aee92217d62a64e569f3fc783d8a6b,1,3,0.052492,0.0,0.9803594214544769,0.43268603519486737,0,Loyal Customers
7157d62f5976913140e137ee449f9302abd9bec41c659d5224fd92d310aaee1f,1,2,0.052508,0.0,0.6535729476363179,0.4328179215120799,0,Hibernating / Lost
5864a8e1b016671023ca6faaa8815be22ac7446d9121e937ef5c2b9750dcac53,1,2,0.052508,0.0,0.6535729476363179,0.4328179215120799,0,Hibernating / Lost
61e7f3ceef7c58dd110876636e2fa16f3c5bc8873d79000aa36afae14596a447,1,2,0.052508,0.0,0.6535729476363179,0.4328179215120799,0,At Risk
692892ecd98818222426d549629aa9407b5a4fb9add80e88690d9b10168d0f88,1,2,0.052508,0.0,0.6535729476363179,0.4328179215120799,0,At Risk
40c9057575e0e37c29c0a2ee1a1478f833757d7510f377a96680d82cdc0b0cf4,1,2,0.052508,0.0,0.6535729476363179,0.4328179215120799,0,At Risk
73c1602d9d9b9d02f16e57299f67cd3f0e0da03e833d37c690f36bf12d6effef,1,2,0.052508,0.0,0.6535729476363179,0.4328179215120799,0,Loyal Customers
1ec4ed103d3e2eb01da45fdc536c4a7dc6c85ae991f2f484c855870f34ca634f,1,2,0.052508,0.0,0.6535729476363179,0.4328179215120799,0,Loyal Customers
1d568e90d3a7445135b700a7208cad2ed794ccc0a7a26478106706ffbb0f8d47,1,2,0.052508,0.0,0.6535729476363179,0.4328179215120799,0,Loyal Customers
1e55da88e2ac4e1238058044eb4e60197ea092c4f4e136db019c8d3ea24b690a,1,2,0.052508,0.0,0.6535729476363179,0.4328179215120799,0,Loyal Customers
639b4d4727652baacb4db38edd4076f5b015f109f7219696ad3d0c15001e95fe,1,1,0.052525,0.0,0.32678647381815895,0.43295805072411814,0,Promising / Needs Attention
169a844cab18e42f21e9dec3182cbf4e38ca08426fb0576eb0342e187bf51059,1,2,0.052932,0.0,0.6535729476363179,0.4363129089182108,0,Loyal Customers
7e355eba9cadf309e1eb021081cd0dc9dd6cad9537bc1662745d7dd7a07691db,1,2,0.053356,0.0,0.6535729476363179,0.4398078963243417,0,Hibernating / Lost
1566c77ff71c5ddf964df83aa08c85939a7fc1b9728318090a01ce5a38abbd3a,1,2,0.053356,0.0,0.6535729476363179,0.4398078963243417,0,Loyal Customers
48584c294642d925cc2a887e2ac43d86c805da4e39e29067c2968ebbc94aeb14,1,2,0.053356,0.0,0.6535729476363179,0.4398078963243417,0,Loyal Customers
3ed49076ee163975ac770acbcedf061c6b69e87e543a0d948d49d1206e19c02f,1,2,0.053356,0.0,0.6535729476363179,0.4398078963243417,0,Loyal Customers
676a30ec19222e14eb864d49ba1d22417d7866b4796851715401917818a9e4b2,1,2,0.053356,0.0,0.6535729476363179,0.4398078963243417,0,Loyal Customers
439d328fe915bd490af0bc91f82a643c5eef7374a2cda3d600a6b9caf13d7275,1,1,0.053373,0.0,0.32678647381815895,0.4399480255363799,0,Hibernating / Lost
4af1099edaa8674eec19d1b407ce98e4becd20111202885739fabd11be9a62bd,1,1,0.053373,0.0,0.32678647381815895,0.4399480255363799,0,Recent Potential
471902e1fe4da96678885946074c09aa9dc5560b37caaab037642bbf20b4c2cf,1,1,0.053508,0.0,0.32678647381815895,0.4410608163378603,0,Recent Potential
605c9e61143d6d89e09ae419107088c673274c1c300acec8da547230531bf09c,1,2,0.053763,0.0,0.6535729476363179,0.44316275451843434,0,Hibernating / Lost
6f20ac5ccb96d85e28e4d269fb045f3a86560a2fb9af0cf3cbdc2173af92778c,1,4,0.054169,0.0,1.3071458952726358,0.44650936981770123,4,At Risk
68c733f14e482a32edad522cd6e3f933be299a47a2e13cb5702e2a2c67f7b6dd,1,4,0.054169,0.0,1.3071458952726358,0.44650936981770123,4,At Risk
6cb2cf634ff21a13f0b00bbc0c18b4e41fd554e62f3675efec27a1ea2d1d8965,1,4,0.054169,0.0,1.3071458952726358,0.44650936981770123,4,Loyal Customers
15081022fe9bdd9cf562ab1539e8b69f0046d5905ba4d6add23a9863c91cde27,1,3,0.054186,0.0,0.9803594214544769,0.44664949902973944,0,At Risk
66b3f4bf5f442b24edd7556b159cbb25edfcb70205942ee3eae13f86d6fe7faf,1,3,0.054186,0.0,0.9803594214544769,0.44664949902973944,0,Loyal Customers
47e666a8c24c5ea1cf850b663c23e9dd8d1db5f37638349f63ec336da81aa375,1,3,0.054186,0.0,0.9803594214544769,0.44664949902973944,0,Loyal Customers
1e59cdec34aee85aefbdeb7732407b9ef82b52794cf496ef2cb63f3005845b2e,1,2,0.054203,0.0,0.6535729476363179,0.44678962824177776,0,Hibernating / Lost
6f7d375f1ad6428baae9525c8396a8d107abdef6df5b7e2a6a2307cd1b8f7e5a,1,2,0.054203,0.0,0.6535729476363179,0.44678962824177776,0,Loyal Customers
6e31514710315f59f48b5d859b3ba2699972f452bc49e9e3e85982fc15cc50ad,1,2,0.054203,0.0,0.6535729476363179,0.44678962824177776,0,Loyal Customers
63d43153c046ac591639c9558a5a5c55b52ec127a711a45aab5906347f9d0049,1,5,0.055,0.0,1.6339323690907948,0.45335921541792473,4,Loyal Customers
547fba49491927e9f670d15cc917c02ebcd60c41fa9c64844bd39912cae50a50,1,3,0.055034,0.0,0.9803594214544769,0.45363947384200126,0,At Risk
6b0877e1240247778a3e2705c9de60013bf3e4e0467040bc07d9d268fdd8e3a9,1,4,0.055864,0.0,1.3071458952726358,0.46048107654739906,4,At Risk
52cbc9b3d11666d6a0da8b290732bb5cd12d4969acf8dc12c7fbba0d75b94788,1,3,0.055881,0.0,0.9803594214544769,0.4606212057594373,0,At Risk
551ab5a675deb8a344c83332db4e4820372ba5d611cd97f771416a9191d0e470,1,3,0.055881,0.0,0.9803594214544769,0.4606212057594373,0,At Risk
5532a2c5cefd0351be25b83372c3337f2a31ecf436dc155a49d682d5a66c892f,1,3,0.055881,0.0,0.9803594214544769,0.4606212057594373,0,At Risk
704f439b6e48954b349e98283a78d514017ba7805f532f49ca952dbc393796b4,1,3,0.055881,0.0,0.9803594214544769,0.4606212057594373,0,At Risk
4fa60c085e18b981eeac03ed02541130bf57161e4e40a611b1850e5644e0a1bc,1,3,0.055881,0.0,0.9803594214544769,0.4606212057594373,0,At Risk
6970ef98a20e75393b4b4b7223c12d7459b7905338f7f451127af9fd5d7dc747,1,3,0.055881,0.0,0.9803594214544769,0.4606212057594373,0,Loyal Customers
6a54907855ef27a512183bbf1b8a9748b273c1aa107f3e1533ef9822a514d784,1,3,0.055881,0.0,0.9803594214544769,0.4606212057594373,0,Loyal Customers
79010df8b7945a21f48ccc4e2f14e6af780f2a8315633f42a5d8ac3121160545,1,3,0.055881,0.0,0.9803594214544769,0.4606212057594373,0,Loyal Customers
499bdfc969b01d123a7bfd0b931232522d5fbf747fdb2539b65ac453e99da227,1,2,0.055898,0.0,0.6535729476363179,0.46076133497147564,0,Hibernating / Lost
7c835d84abc656393e992d1bbab4b3827eec3504336d3ffcaeeb98c79d5667ff,1,2,0.055898,0.0,0.6535729476363179,0.46076133497147564,0,Hibernating / Lost
689f4eda82fdf3d9bfe8e524bbd0d931c4d7690f2234d3e48779f924aaf4103d,1,2,0.055898,0.0,0.6535729476363179,0.46076133497147564,0,Hibernating / Lost
687ae5b410f87441516e3ad6df9db2a4812145d95677cf01500f5212c1fa2ddb,1,2,0.055898,0.0,0.6535729476363179,0.46076133497147564,0,Hibernating / Lost
6f240cbc3401d96ac42bbd53cf65c77783d14d5b54ef4488423382c47fa5a413,1,2,0.055898,0.0,0.6535729476363179,0.46076133497147564,0,Hibernating / Lost
3db95c9a8cf48ff43b6b19ceedcf080df0db48ba648ba3459770d838f66318aa,1,2,0.055898,0.0,0.6535729476363179,0.46076133497147564,0,Hibernating / Lost
68efd1cf950f3d208d1b90052e293632b9dcb3246abf2eea4f1f236010345028,1,2,0.055898,0.0,0.6535729476363179,0.46076133497147564,0,At Risk
1470976b0e3c125a4d4e7c0911dce768a458fb5942e8648b30aa168c74075ed5,1,2,0.055898,0.0,0.6535729476363179,0.46076133497147564,0,At Risk
5424f9595da2054d261bffccee7328edc0cf914f0e58719c9990266bc070b847,1,2,0.055898,0.0,0.6535729476363179,0.46076133497147564,0,At Risk
4abd289c8e1fcae6beaea9121eda7491d16423a6f596195c28ac439468432390,1,2,0.055898,0.0,0.6535729476363179,0.46076133497147564,0,At Risk
184f625b660c10f02305ec1e7494a9a4e9d85f50adb4307c0cffb21a08ebc6d1,1,2,0.055898,0.0,0.6535729476363179,0.46076133497147564,0,Loyal Customers
551908e6878c6bc75327b18091b6763e4273977abf992facbffdb29b4dd0b002,1,2,0.055898,0.0,0.6535729476363179,0.46076133497147564,0,Loyal Customers
5c9c6e7b2df58d1bec8798c1459302449edb5fb1b30046a74a159b41f3e4bad2,1,2,0.055898,0.0,0.6535729476363179,0.46076133497147564,0,Loyal Customers
6aff76c109778e1d5a14c17a2ade0ca3d117455e59ef5bb00fdcd080de0f3a00,1,2,0.055898,0.0,0.6535729476363179,0.46076133497147564,0,Loyal Customers
1cc58dbb629311f913137df4f831c4d8e9459e24faeb50b0c9ea3827dc6487c7,1,2,0.055898,0.0,0.6535729476363179,0.46076133497147564,0,Loyal Customers
5dc52cf061cd132ee0b5e0e67e2ef22b24c89f2ccd6c47501ad3e060bdf2abd2,1,2,0.055898,0.0,0.6535729476363179,0.46076133497147564,0,Loyal Customers
79d917be529b11bed95ddc544a43b1fa23aeec373f012bdd3839dd0c3a9f82b2,1,2,0.055898,0.0,0.6535729476363179,0.46076133497147564,0,Loyal Customers
63ddb56f5700b02b8149c4f69fa9f6a9d2e9d8ba136396735aa0cb666ebd2f3a,1,2,0.055898,0.0,0.6535729476363179,0.46076133497147564,0,Loyal Customers
6defdffea6c0bda82e75d5717396411fd0ce697a2f86d5da1cfdd88b84630a3a,1,3,0.056305,0.0,0.9803594214544769,0.46411619316556824,0,At Risk
6b62ece54492b6780c239022b902dd33bb6787b1e1692bc61e7486d3ff195711,1,2,0.057169,0.0,0.6535729476363179,0.4712380542950425,0,Loyal Customers
52b1ed1740a0b294224ea54f476a60f72ebda32b0b8894a3d6b55b15764819cd,1,1,0.057186,0.0,0.32678647381815895,0.47137818350708083,0,Recent Potential
14f9c2cb664f6039a3b65786aea77514fe44aab6d6c626815562f715872c22b7,1,4,0.057559,0.0,1.3071458952726358,0.4744527832770969,4,At Risk
0f5b5fa3df4d62ef9a2c70b34674cd4291703c37c03bf28337b98c345e2c8fc3,1,4,0.057559,0.0,1.3071458952726358,0.4744527832770969,4,Loyal Customers
51e58af5de62afc49a3e7f1690d641529423272bd5dde1271a214fe8b34a2fb7,1,3,0.057576,0.0,0.9803594214544769,0.4745929124891352,0,At Risk
6e7ce1c29d52e8f85537930c50fcc4d326c166d4b39c8d570f25a95b3213af9a,1,3,0.057576,0.0,0.9803594214544769,0.4745929124891352,0,Loyal Customers
672dee1fd1111a78a9d87123cf113505a98a77cce09a98984c7a08ed987477d0,1,3,0.057576,0.0,0.9803594214544769,0.4745929124891352,0,Loyal Customers
1b2867a6205a7a5285e819ee824f664bd8d1a76ae25cacf8c6dd146850b6afd9,1,3,0.057576,0.0,0.9803594214544769,0.4745929124891352,0,Loyal Customers
5d424f931aa49f46c143994d10875407f458ceb5a44adfe5618d847ef4334614,1,2,0.057593,0.0,0.6535729476363179,0.4747330417011734,0,Loyal Customers
1bb46c273a0d9fdf7220873c0a7b5bcad67803a82559744dac771dfb7315d6a2,1,1,0.05761,0.0,0.32678647381815895,0.47487317091321174,0,Hibernating / Lost
5dc559a3a4a8af58eed19d6fb0b3b1829fb795dd39c7978e77859d1c2c609269,1,3,0.057915,0.0,0.9803594214544769,0.47738725383507474,0,Loyal Customers
3ee76569bac8dd92b3d52facc1b81b72bb80e9e00ddc2e7dc618eafaa428baa5,1,2,0.057932,0.0,0.6535729476363179,0.477527383047113,0,Loyal Customers
78a33e5ceb2fb04e98ac873e6b00ddfaaa9325c61e13167ebbb2598854689c44,1,5,0.059237,0.0,1.6339323690907948,0.4882843607947565,4,At Risk
6bd3e6a007fe23cea6363ab34be6b41305091908634065824402c2cabd922333,1,4,0.059254,0.0,1.3071458952726358,0.4884244900067948,4,Loyal Customers
4a9bd5b644674c20dd5b14b49d830844e45fe433e1bc1f53a37e53cb3bf00506,1,3,0.059271,0.0,0.9803594214544769,0.48856461921883304,0,At Risk
17ec75ecd3e330f6e71f0cd59066bfa96997d7bbf0f60ee4b2bdbee47684c38a,1,3,0.059271,0.0,0.9803594214544769,0.48856461921883304,0,At Risk
135b79ea4919497f6c47a04fab1bb96676ec680769974badcac42b5385b4b899,1,3,0.059271,0.0,0.9803594214544769,0.48856461921883304,0,At Risk
4f8280f01469b257b59373f7242cb52f77f7377ae7d1ba116a724801c183b912,1,3,0.059271,0.0,0.9803594214544769,0.48856461921883304,0,At Risk
45b46d8568ffc8ca568d0978dd662f221d165d9a428389eb0af40b53169f7a68,1,3,0.059271,0.0,0.9803594214544769,0.48856461921883304,0,At Risk
551045b9c9038115e03fe3de2d4931bab367baf734bfb51a5ce2671f75fe9807,1,3,0.059271,0.0,0.9803594214544769,0.48856461921883304,0,At Risk
4cf8c9e9d3fa7729b38020893337d9e01873a555911ec1c37ef09b7c8ed548cc,1,3,0.059271,0.0,0.9803594214544769,0.48856461921883304,0,At Risk
48ee2ec4c214e3c953fe8e2caf9f3aca6e8854876fe0c87cee48ef5e550ff59a,1,3,0.059271,0.0,0.9803594214544769,0.48856461921883304,0,Loyal Customers
619fc881d2481be59f95ac286e7c8358a146c71efd7cf90d2078b31109deafa4,1,3,0.059271,0.0,0.9803594214544769,0.48856461921883304,0,Loyal Customers
6896523a259bed0705046599b4806dc03aff75f25cb7b8e82520e48daa76a209,1,3,0.059271,0.0,0.9803594214544769,0.48856461921883304,0,Loyal Customers
6dad4ca850249a58df9a8a0da0b21684ac72ec183adc7534ea2f035fdc5ef9b6,1,3,0.059271,0.0,0.9803594214544769,0.48856461921883304,0,Loyal Customers
4eb7d9a9c4c0240a1577e6be5dfa7ec06c6338f5df9ed14c7030bf3e56ad945f,1,2,0.059288,0.0,0.6535729476363179,0.4887047484308713,0,Hibernating / Lost
57bed423134ca51dad70f13174d661ca88795c1ef03ec78af1a11b85b2a6a2e0,1,2,0.059288,0.0,0.6535729476363179,0.4887047484308713,0,Hibernating / Lost
41a7680df91dccbe2e52d046601330a720019bd94258ebe719f6206625fdb155,1,2,0.059288,0.0,0.6535729476363179,0.4887047484308713,0,Hibernating / Lost
64b3672b06acbb36cf78a5d279f1ba4ea8b3fac1d670e6f02137f2abc9ce14cd,1,2,0.059288,0.0,0.6535729476363179,0.4887047484308713,0,Hibernating / Lost
6ab1afa7b2b28cc1b0a08de2ae1aa577bd9c756bced4955ee54e075099647d80,1,2,0.059288,0.0,0.6535729476363179,0.4887047484308713,0,Hibernating / Lost
4808f182801638da82db89ecca709d77ef0de878466118062a5299c3f9b760fc,1,2,0.059288,0.0,0.6535729476363179,0.4887047484308713,0,Hibernating / Lost
7116dbe2ac4adb67f382dd886a0b01aa938e21e83b15ca8b1716a83393166c02,1,2,0.059288,0.0,0.6535729476363179,0.4887047484308713,0,Hibernating / Lost
78842102e79ed16d1aaefd994bfcdd3f7e44c517e048f0db1789bc6330bb8170,1,2,0.059288,0.0,0.6535729476363179,0.4887047484308713,0,Hibernating / Lost
1b0338ffe53d2332a4efd5f799c7df0dd6bab3699b356713996236d8ece56b4b,1,2,0.059288,0.0,0.6535729476363179,0.4887047484308713,0,Hibernating / Lost
55d92531316413cf8afe9e319fda56feb90b3170bb339f407bddd84f6034b411,1,2,0.059288,0.0,0.6535729476363179,0.4887047484308713,0,Hibernating / Lost
4f9ff0bef17adfd2fa5074df59597537f705a1b68e10567ced7998ee68938782,1,2,0.059288,0.0,0.6535729476363179,0.4887047484308713,0,Hibernating / Lost
597de811f1790d126c4afbc43645509f659de28a6b3f4fe0f9003cbafc912767,1,2,0.059288,0.0,0.6535729476363179,0.4887047484308713,0,Hibernating / Lost
6b9d4b6a117435f624effd6b2876b1978d15938c44b2ef3142d27b15858caff4,1,2,0.059288,0.0,0.6535729476363179,0.4887047484308713,0,At Risk
0ff00e3bb4a310879920cf205583c1fced4607971470017bc9de239bfeda45ad,1,2,0.059288,0.0,0.6535729476363179,0.4887047484308713,0,At Risk
180625e4449bcd959d5b65dc2bdce160a854fe8dc59d0460aca9c3e83ee39d97,1,2,0.059288,0.0,0.6535729476363179,0.4887047484308713,0,At Risk
4fe9d25e8d4ebd2e180039f966725e57b1e86f783e2440b469033531eb310267,1,2,0.059288,0.0,0.6535729476363179,0.4887047484308713,0,At Risk
49c8cd91f226b0b133b7b5787338e6e8093a5362b9c17becd022b217bd5103d9,1,2,0.059288,0.0,0.6535729476363179,0.4887047484308713,0,Loyal Customers
70d6982f3cff7ff12780375b3532886a6d51f12eeb6dcb1683a71e451c3e365e,1,2,0.059288,0.0,0.6535729476363179,0.4887047484308713,0,Loyal Customers
7eb0a2001dc84641d9965dbb38981152b6a12020593e0c20a281f55a91186cb2,1,2,0.059288,0.0,0.6535729476363179,0.4887047484308713,0,Loyal Customers
1b8b303ec624fa67e337bc5d2d20f77d26967092d9135b67a2517f327d81d0e7,1,2,0.059288,0.0,0.6535729476363179,0.4887047484308713,0,Loyal Customers
5b910883b7879bbd8be8633a5c6e26a12e1ce238db1023e642a1928a5abcc457,1,2,0.059288,0.0,0.6535729476363179,0.4887047484308713,0,Loyal Customers
4c3ffa92dac39baca160f553da4a190c01f63c482357b2bfb503c9ae98bba7a3,1,2,0.059288,0.0,0.6535729476363179,0.4887047484308713,0,Loyal Customers
7c4dbfe5ddab11092d76c158463fadf830632d4a16c2c247f15169cc31d47b04,1,2,0.059288,0.0,0.6535729476363179,0.4887047484308713,0,Loyal Customers
677752814ef08ddcbcea8d9f2a2127688b069353bc8eeeda5c64a82b53746ef5,1,2,0.059288,0.0,0.6535729476363179,0.4887047484308713,0,Loyal Customers
667d255ef7e016f9b066f9469193929684610256a6845f969b55c111e10fa9a1,1,2,0.059288,0.0,0.6535729476363179,0.4887047484308713,0,Loyal Customers
1440b33d64e630ba8c76eb5288e8856de2031e372b4f129841e9b9af90eeb65e,1,2,0.059288,0.0,0.6535729476363179,0.4887047484308713,0,Loyal Customers
53b7c5f30956272b2a6281172a5bf99475a6a6588122b3b7333080e203672dfa,1,2,0.059288,0.0,0.6535729476363179,0.4887047484308713,0,Loyal Customers
744e3615c7eb2ba1dc61fd6b940df66c4d8963f238e3668ed060f0b897c08e5e,1,2,0.059288,0.0,0.6535729476363179,0.4887047484308713,0,Loyal Customers
7d9c016dd0b94e3dcb18bd625be9643ba136faed68dd5a81902076c68ff53fee,1,2,0.059288,0.0,0.6535729476363179,0.4887047484308713,0,Loyal Customers
6a4d83f12ee1312f7e0a2307dc36e1cedc2ef8a83601f5719c2c16dd113f7aaa,1,2,0.059288,0.0,0.6535729476363179,0.4887047484308713,0,Loyal Customers
1601fa3c3f39aa62347de1871b88ae40c9a49a3377ed8fce1b2a655b85b826d9,1,2,0.059288,0.0,0.6535729476363179,0.4887047484308713,0,Loyal Customers
54ff94dacc9406db4e8ebbd060d69108ea3ad1ce53f6039d7fc940005ecb9f13,1,2,0.059288,0.0,0.6535729476363179,0.4887047484308713,0,Loyal Customers
57c581609fcace4bb810f0c59f8a3987c20933f318bdecb813d82892d1480cb0,1,2,0.059288,0.0,0.6535729476363179,0.4887047484308713,0,Loyal Customers
4b82f4179affcb5a27ada4de5b4fce23326550bc417f804afd4249e1d3dad3fb,1,2,0.059288,0.0,0.6535729476363179,0.4887047484308713,0,Loyal Customers
490f0751a33199728f19242a634ed131d2761b637067b4092d12fc3ba491b88e,1,2,0.059288,0.0,0.6535729476363179,0.4887047484308713,0,Loyal Customers
75008f894d1c191ff9c4d8e817532bc53fd6db12a6c42fc9dc40652f2dfd28f4,1,2,0.059288,0.0,0.6535729476363179,0.4887047484308713,0,Loyal Customers
784d0f2e0e612debd5a67db5771074c12ce0cdd06a2d150e50a22a12eef5546c,1,2,0.059288,0.0,0.6535729476363179,0.4887047484308713,0,Loyal Customers
79ef48871fc7c74ecd5d9810e987a5f48b01b6f26d1c5d4a1f51008dee6cd245,1,2,0.059288,0.0,0.6535729476363179,0.4887047484308713,0,Loyal Customers
79f6f5300fd9784ef16b15123e428ce74f9f4761ab6d4b3d2011ee1ec9886ef3,1,2,0.059288,0.0,0.6535729476363179,0.4887047484308713,0,Loyal Customers
64b6772ac344ccb538d2dc2356404f48a8e72490dd199d2be045d18ea6420aba,1,2,0.059288,0.0,0.6535729476363179,0.4887047484308713,0,Loyal Customers
5418bb4d05757aa68e93a32c5bd1ecb61fa7144862c8a1d7386ad484b6289d96,1,2,0.059288,0.0,0.6535729476363179,0.4887047484308713,0,Loyal Customers
5864967f0a273a0b594ea26d509a400fb1d502d4ad172e02a19c5c9f72376fc4,1,2,0.059288,0.0,0.6535729476363179,0.4887047484308713,0,Loyal Customers
5822a8653454ca34cc9ffec2e6201f45de202f4712f3f3826a2a04e0f191f463,1,2,0.059288,0.0,0.6535729476363179,0.4887047484308713,0,Loyal Customers
64b8c8f7358dbc8dda00e52904bd140f0df91b6b87763b0abb7e69b2397e5104,1,2,0.059288,0.0,0.6535729476363179,0.4887047484308713,0,Loyal Customers
67449427647440fd61af5f82057bd9f0be1c69e895db4951e2d5e35ac1432f5a,1,2,0.059288,0.0,0.6535729476363179,0.4887047484308713,0,Loyal Customers
0f88900e59f09811f93bd779f4e304e6881b914314cfd52a0e4c3e2f173974a8,1,2,0.059288,0.0,0.6535729476363179,0.4887047484308713,0,Loyal Customers
11cca7c1b2d81b691e465322895e2d56a0ccffdf6832b7d9740ff6ab5f1405a2,1,2,0.059288,0.0,0.6535729476363179,0.4887047484308713,0,Loyal Customers
4e4e9062c46eb58bb361de1f33cdd54f00f768916472ebf1c4d706fd87309436,1,1,0.059305,0.0,0.32678647381815895,0.48884487764290957,0,Hibernating / Lost
7ae5d68059833a15266e9c611722a2380e7aa0779bf88e4396f32913a9e6b05e,1,1,0.059305,0.0,0.32678647381815895,0.48884487764290957,0,Hibernating / Lost
77c97481be274462269f129c8d067d3b616c4736e613a0d562a6572ab4c8e1a7,1,1,0.059305,0.0,0.32678647381815895,0.48884487764290957,0,Hibernating / Lost
4feb62c59049fa39b7cc1409700b9f0a113cf8542aab53636126694d3b1bbd59,1,1,0.059305,0.0,0.32678647381815895,0.48884487764290957,0,Hibernating / Lost
51898f8bba180e3cb4ef0808115cf8e7d6a35065166c9535054e3c5394829ae9,1,1,0.059305,0.0,0.32678647381815895,0.48884487764290957,0,Hibernating / Lost
46dee17be40b3e05eb2f8515afca8c5cd18c955c7f5198c28651c23c61216e20,1,1,0.059305,0.0,0.32678647381815895,0.48884487764290957,0,Hibernating / Lost
72371ef411582760c10337c290570b22faa4a69842159bdbd93b2e6a69eeb778,1,1,0.059305,0.0,0.32678647381815895,0.48884487764290957,0,Hibernating / Lost
1741b0d1b2c29994084b7312001c1b11ab8b112b3fd05ac765f4d232afdc4eaf,1,1,0.059305,0.0,0.32678647381815895,0.48884487764290957,0,Hibernating / Lost
5b0e738ead3bbc117d9e7bd1fa5217e8f99646cb37763011758e2a380aae8d1d,1,1,0.059305,0.0,0.32678647381815895,0.48884487764290957,0,Hibernating / Lost
413ebfe15b7e7015f8c8faddc55e005909246d161df8b5d8ea468c0c4b43706b,1,1,0.059305,0.0,0.32678647381815895,0.48884487764290957,0,Hibernating / Lost
104670c0fa78b59571c1abe6fe6a569431e70b3f92f0625d2d4735a2f0b604ff,1,1,0.059305,0.0,0.32678647381815895,0.48884487764290957,0,Hibernating / Lost
10db165e2b4809bb569de6ebadd4bd3865613d45f88f0eb6cde31fa77c1d6477,1,1,0.059305,0.0,0.32678647381815895,0.48884487764290957,0,Hibernating / Lost
12a40f0a42d3a6bce3a600f7650cc036f9de421d0d2f20e8368310b6f972dbfe,1,1,0.059305,0.0,0.32678647381815895,0.48884487764290957,0,Hibernating / Lost
4275d5b6875bbac3cd8d0b26ed3254c52228d33000bee77b3454ec365ad8d220,1,1,0.059305,0.0,0.32678647381815895,0.48884487764290957,0,Hibernating / Lost
73cdfc40582db769786cac15841d971e7557dd3045830f56584606799b779442,1,1,0.059305,0.0,0.32678647381815895,0.48884487764290957,0,Promising / Needs Attention
62e9302f0aae9ef4e8e7fc04b92ffc4ee64bc9c4b15e28922f3158422b498d4d,1,1,0.059305,0.0,0.32678647381815895,0.48884487764290957,0,Promising / Needs Attention
5f58fb34b47e02b981357da8d68e942bc234d592a765b6e1d83f0f90230464c5,1,1,0.059305,0.0,0.32678647381815895,0.48884487764290957,0,Promising / Needs Attention
6a42ce94f874f59eb0ee3b62a1e3b53eb052f2b90ee85ebdaa5c5ed04cd2bd25,1,1,0.059305,0.0,0.32678647381815895,0.48884487764290957,0,Promising / Needs Attention
541d604a57bccfe2253353516bcad82800df89a0fc08b91b94eb657cd9bc7091,1,1,0.059305,0.0,0.32678647381815895,0.48884487764290957,0,Promising / Needs Attention
4253fb63ef3934c0c28af41cee525edfbd14f1f698a51bf4da9abc41d23500e6,1,1,0.059305,0.0,0.32678647381815895,0.48884487764290957,0,Promising / Needs Attention
406dff262f86566b2c8a87df1b260044c0f99aba71b961bd1c718a483bdb13e9,1,1,0.059305,0.0,0.32678647381815895,0.48884487764290957,0,Promising / Needs Attention
7bdba66806f57302e2955f3e206d1e0d13a3fa1858b32f5390dd4adee01075a7,1,1,0.059305,0.0,0.32678647381815895,0.48884487764290957,0,Promising / Needs Attention
1d38892b16e9d345a636e09a5a224f49e1a313b646d5de10d9937abbfc8ccfe1,1,1,0.059305,0.0,0.32678647381815895,0.48884487764290957,0,Recent Potential
5210d169025e2c415d172a03080e608363c0ba454089f3415faf2dda1b32400b,1,1,0.059305,0.0,0.32678647381815895,0.48884487764290957,0,Recent Potential
1b024c59b184679c46b941bacd8dddf3c2a0b74d0bbaddad5a292cbe110a71a0,1,1,0.059305,0.0,0.32678647381815895,0.48884487764290957,0,Recent Potential
5531ac835f1e5aa2ce08fa78d954b08a9e2c3c0a8d88f8aa556b4e8c147290cf,1,1,0.059305,0.0,0.32678647381815895,0.48884487764290957,0,Recent Potential
4f44429090f25a7861b3ff35efb4e299de05165303b3532edf309c452c12bf1b,1,1,0.059305,0.0,0.32678647381815895,0.48884487764290957,0,Recent Potential
5973490130ac740193c747907b3277e44ad6519c28da226e44fe3215253d4b7e,1,1,0.059305,0.0,0.32678647381815895,0.48884487764290957,0,Recent Potential
6975cbacee38f14e314ac7f1e8c71421a55ea026276a98132a59b033261ebc21,1,1,0.059305,0.0,0.32678647381815895,0.48884487764290957,0,Recent Potential
68c9f20ba6ba0b0e29867fabd19eb1b34f2f0f9e761d863360f6d64f02a9ced2,1,1,0.059305,0.0,0.32678647381815895,0.48884487764290957,0,Recent Potential
1beb6bd860b546ac9ce3b511339ef5cfbc6c44e4f4de0ddddd1303844d994c59,1,1,0.059305,0.0,0.32678647381815895,0.48884487764290957,0,Recent Potential
1e246880b05617c5091a512f3e888207bdd1c9dfaa7855c474468e36dd2bcfaf,1,1,0.059305,0.0,0.32678647381815895,0.48884487764290957,0,Recent Potential
50343236666369bc83e3b9087c162ccd52cce84141f0f609a0ed455af3a38886,1,1,0.059305,0.0,0.32678647381815895,0.48884487764290957,0,Recent Potential
4071f9b55d4a6c13c3b1a6b45984eb6fbd94694ac9736a2d6143c2332547553a,1,1,0.059305,0.0,0.32678647381815895,0.48884487764290957,0,Recent Potential
61ff294beb3f28f44bd7299ff192fdd631f676b347d312903c29803870644608,1,1,0.059305,0.0,0.32678647381815895,0.48884487764290957,0,Recent Potential
51f1a27bfbba4b9d12d8a1901c5ab98ce41a71af68193e003a5ffe61b86b0d84,1,5,0.060254,0.0,1.6339323690907948,0.4966673848325753,4,At Risk
0f670815c0a9b2783e0876c3cb18870467644bac5c762751726ef2fef9fc448d,1,2,0.060288,0.0,0.6535729476363179,0.4969476432566518,0,Loyal Customers
6e77ecf7130055c812ba6d4acfaada8f1b67b16acd58d40e54c04a9ecbd84ce4,1,4,0.060949,0.0,1.3071458952726358,0.5023961967364927,4,At Risk
5e3331f44dd9d9ba7fd6d30043d1cd005e6b00dcd4b0f8b8254c1fdfe98ba8d4,1,4,0.060949,0.0,1.3071458952726358,0.5023961967364927,4,At Risk
7d13dc2d4a4d01b8d9eadf63cd670c7d397336d715ba54c672a86d9c2c5bc155,1,3,0.060966,0.0,0.9803594214544769,0.5025363259485309,0,At Risk
4c9696397dbfc61e7c494f1dff67d5d9ed6bd8fda756c060d46402b9523d1404,1,3,0.060966,0.0,0.9803594214544769,0.5025363259485309,0,At Risk
1270f2e9d62019ea5f50fcb55498ad2b239ab138cc77d4bc5bf457fbbc1176c0,1,3,0.060966,0.0,0.9803594214544769,0.5025363259485309,0,At Risk
4560d448c2dfeb76cf827a5d357019398ac536a9f48cb4cfbbc8db8999a29e5d,1,3,0.060966,0.0,0.9803594214544769,0.5025363259485309,0,At Risk
61fe14d8633d848099ce0f3b82cb6f780f01070842d8f68431ae501752c92f1a,1,3,0.060966,0.0,0.9803594214544769,0.5025363259485309,0,Loyal Customers
5c99c577b9ee842c7a71d5e028831337372e75495333a888b9f6fe94c4cc2e49,1,3,0.060966,0.0,0.9803594214544769,0.5025363259485309,0,Loyal Customers
4f8ecb21e4ff912cb8f988d34292057e99687a93dc437f58b6943d81ac3b716e,1,3,0.060966,0.0,0.9803594214544769,0.5025363259485309,0,Loyal Customers
5d3aa197d94404ff160be607159ecdc7a05df1e9d825aaa7d67cefed8fc5c0c4,1,2,0.060983,0.0,0.6535729476363179,0.5026764551605692,0,Hibernating / Lost
78d0d531e3c6ddb62a3d9cd19bd4276662ab5472ece00946de4622e6eb05dfdd,1,2,0.060983,0.0,0.6535729476363179,0.5026764551605692,0,Hibernating / Lost
79435e2ced998e3efd5b4bbe9b7264b18e00d6cfe309dbc402f691030dc43017,1,2,0.060983,0.0,0.6535729476363179,0.5026764551605692,0,Hibernating / Lost
17e99d234c016295ec4d63d5fc4ded7c479a03227c0f158a1f499702cd84f59e,1,2,0.060983,0.0,0.6535729476363179,0.5026764551605692,0,Hibernating / Lost
74e658da824c79a52148b277dd67028494cc0f838e58e1266a2b4ab8fb34157f,1,2,0.060983,0.0,0.6535729476363179,0.5026764551605692,0,At Risk
79ade819f779b09f30e210d017a32023e5c33d46039e4241b4b5f52eacc0cc42,1,2,0.060983,0.0,0.6535729476363179,0.5026764551605692,0,At Risk
1e15eef82f867c7ab9dfeb9bfbe7c549432a32ad33fd37320761c571941edb8a,1,2,0.060983,0.0,0.6535729476363179,0.5026764551605692,0,At Risk
5b7e19253891d3fd11a8712126c411418dd9bd0f5f6dfb363cb49e07fcafd0df,1,2,0.060983,0.0,0.6535729476363179,0.5026764551605692,0,At Risk
76a544691d3e1bad78e452b767b374468de1793713dc79b0945fce540283bc6c,1,2,0.060983,0.0,0.6535729476363179,0.5026764551605692,0,Loyal Customers
775bc059ff2f33b5235417747194071fc8cb562c5040daeb262a7315119bdcfd,1,2,0.060983,0.0,0.6535729476363179,0.5026764551605692,0,Loyal Customers
6023265c6e01ef04ba71b867b6823fab3ffc6290f862366edadddfeabc64f900,1,2,0.060983,0.0,0.6535729476363179,0.5026764551605692,0,Loyal Customers
15489c41ee119f621f980edf550bfe12934fa48751baaf5f5651f02f6a45adcb,1,2,0.060983,0.0,0.6535729476363179,0.5026764551605692,0,Loyal Customers
42b401ddf1b2e40a8364a65192009c8d47d84d2ad0936d49d8cb7489e6126ed1,1,2,0.060983,0.0,0.6535729476363179,0.5026764551605692,0,Loyal Customers
7f8a3ac3d41f15672e2d127510274fb71781efceb80f110aca95d9d7d97d3359,1,2,0.060983,0.0,0.6535729476363179,0.5026764551605692,0,Loyal Customers
53a6c87a012b788d613040beb8ef485051b2382bdca63550832566e3072452e2,1,2,0.060983,0.0,0.6535729476363179,0.5026764551605692,0,Loyal Customers
4faaa40086340d3a93ab5b89034ca42a786666c2c5a6717b76c255a264840340,1,2,0.060983,0.0,0.6535729476363179,0.5026764551605692,0,Loyal Customers
52fbdb3f2f15a9564c5b573f04d433e8852f61e8a51c5479bd3e3c076ceeed2b,1,2,0.060983,0.0,0.6535729476363179,0.5026764551605692,0,Loyal Customers
4b19a02908e746c780a773f4866ffc96c85ce98b91dc51a8f681cf15c645fc3e,1,2,0.060983,0.0,0.6535729476363179,0.5026764551605692,0,Loyal Customers
73c09742a501b20d2918d185a2faa3142ccb4b32d56b019cfd39f8abf1d06e4d,1,2,0.060983,0.0,0.6535729476363179,0.5026764551605692,0,Loyal Customers
644792d5f518c076bed4ee8bc1544037e9ed0849037269d5d3620894e4b650e0,1,2,0.060983,0.0,0.6535729476363179,0.5026764551605692,0,Loyal Customers
1481e3e3e6b36404e04f0119a23725a72702407367a05ebf9f9496c83d60022b,1,2,0.060983,0.0,0.6535729476363179,0.5026764551605692,0,Loyal Customers
553812ca9027af1eb4b80235cd966223ac3c24c450b0d4481554ed67a62020a7,1,1,0.061,0.0,0.32678647381815895,0.5028165843726075,0,Hibernating / Lost
46b7d5d6926111003a344a571d84bc67e92101c7b7892d4c1e6fbff65fa0431e,1,1,0.061,0.0,0.32678647381815895,0.5028165843726075,0,Hibernating / Lost
585e5b030cd64f3b0fcd580c7ee916797f49c378f289f6207f31e7d5806240d6,1,1,0.061,0.0,0.32678647381815895,0.5028165843726075,0,Hibernating / Lost
7a914aebab66fc30cb0288615558b9bb8e878239f278aa81e327090efe09b0ae,1,1,0.061,0.0,0.32678647381815895,0.5028165843726075,0,Hibernating / Lost
1017135e55c6ff8923fdf00d264dd3b9c79bccb469973d4518c9e4a1f3cd9284,1,1,0.061,0.0,0.32678647381815895,0.5028165843726075,0,Hibernating / Lost
47857e4e5072127a05a908fb9358baceff34248ec9d47db88520b7eba88a3fec,1,1,0.061,0.0,0.32678647381815895,0.5028165843726075,0,Hibernating / Lost
60362c68fe02e8ec4a3237ef79eff9df8583fc7cfa5510ba1614860c140bc1af,1,1,0.061,0.0,0.32678647381815895,0.5028165843726075,0,Promising / Needs Attention
508f6c738c5654f16b38eafee481c7f055d2a554ef878ef55fbccca2cafbba74,1,1,0.061,0.0,0.32678647381815895,0.5028165843726075,0,Promising / Needs Attention
5779a30e238a27e0d7ef80950481f49e87c564611da3e2c59ee6c4e589bb6d42,1,1,0.061,0.0,0.32678647381815895,0.5028165843726075,0,Promising / Needs Attention
416f0a30992afd1ea9c03e0187d91fb9eeb989d4b6962a209e626ccd83cddc6a,1,1,0.061,0.0,0.32678647381815895,0.5028165843726075,0,Promising / Needs Attention
578e7676c1aa4cdb5e843114bc3b97efb47cdb620c1a6bd533410270e2edf2f3,1,1,0.061,0.0,0.32678647381815895,0.5028165843726075,0,Recent Potential
7e385f5092e294286a3581fc45bb8c304526e487e7261ddc27c1638a8f611387,1,1,0.061,0.0,0.32678647381815895,0.5028165843726075,0,Recent Potential
4ee6b2c87f5cf33a98edccac3dca097a4ea6e8bdd5645a6aa12f06e4992e18a7,1,2,0.062339,0.0,0.6535729476363179,0.5138538205443275,0,Hibernating / Lost
621ca3ee1aae8d59eab49f4449812316f1fdefc06ea68ebe3985331e537a5acb,1,3,0.062492,0.0,0.9803594214544769,0.5151149834526718,0,Loyal Customers
0fb94c2ca2aca4fd78c3665215c6b8851d6e479b0d3dec0a61ba9fffa1ec6514,1,4,0.062644,0.0,1.3071458952726358,0.5163679034661905,4,At Risk
125a16fcaa91aabb4f8eaadce2897fe4ab3f29acf7e155565332bba316b7e2ab,1,3,0.062661,0.0,0.9803594214544769,0.5165080326782288,0,Loyal Customers
7d547afcd25e5323a321d713199100423ac61a3f26b303f3b31fe996a3e333b1,1,3,0.062661,0.0,0.9803594214544769,0.5165080326782288,0,Loyal Customers
73bcf8a2cf748e824859ec30bc2720e1ee226ab7b42b4feb31464f5e16ce6c64,1,2,0.062678,0.0,0.6535729476363179,0.5166481618902671,0,Hibernating / Lost
786111f0940bf5545ffe6bc8c13aa060f1cb117e548c03617df0bddb39ec5a82,1,2,0.062678,0.0,0.6535729476363179,0.5166481618902671,0,Hibernating / Lost
6840b2358c48ff20c9cb63fd6b731ee146abc03e94cda9ab8b32343cb4423ffd,1,3,0.062983,0.0,0.9803594214544769,0.51916224481213,0,At Risk
599ab5d7b425ce5f1991c727922590ac4adab6c091887d548a1b47d7001cf0a8,1,3,0.06339,0.0,0.9803594214544769,0.5225171030062228,0,At Risk
794c5a3a750b22055e506faf2a4cf7897b5337f8d1b2e8b722b9cb6abfd3cefe,1,1,0.063542,0.0,0.32678647381815895,0.5237700230197414,0,Promising / Needs Attention
7f240d32f094e8a499d37f06b462b1f7c7ac6605ebfc823b2d0b3868eb90fc13,1,1,0.063542,0.0,0.32678647381815895,0.5237700230197414,0,Promising / Needs Attention
7b6e30180a15bc6583752ada934c00220eec7bfdf244d27fb9318b0178a3d648,1,1,0.063542,0.0,0.32678647381815895,0.5237700230197414,0,Recent Potential
5b5f00f2d82ec9d95eb2dc389ed06e16f9234ef1d03d7683b7b570c51377a382,1,1,0.063542,0.0,0.32678647381815895,0.5237700230197414,0,Recent Potential
64618e9754c128e9a08ec91ed7629568815c86adfdeb73c08249a33c776f293e,1,1,0.063542,0.0,0.32678647381815895,0.5237700230197414,0,Recent Potential
111fd0e457ea3acd5f98cc5e03237f0939215b252fa6d721c613c8ee35200d7f,1,5,0.064322,0.0,1.6339323690907948,0.5301994809838502,4,At Risk
73025f7e5c055f09799f25c6c8a5e9cec24b9ddf458030d9ec0bcb5f65436ad5,1,5,0.064322,0.0,1.6339323690907948,0.5301994809838502,4,Loyal Customers
3e91940a6417d7b8af384b913c2695652dd8bfea6a8b829d0f22e5eab69337a9,1,4,0.064339,0.0,1.3071458952726358,0.5303396101958883,4,At Risk
16bc60a4cc14682e627cd4f29322747b0425d1d81b8ae994963be206a8a53005,1,4,0.064339,0.0,1.3071458952726358,0.5303396101958883,4,Loyal Customers
49283f7e053b8029ec6337b19c0a511939cd509055574d5fa8bb500481f08fb1,1,4,0.064339,0.0,1.3071458952726358,0.5303396101958883,4,Loyal Customers
7174a641cb5ce488c5e1a758ddad1d6704868026161f9a87d1c6f729e6a44edd,1,4,0.064339,0.0,1.3071458952726358,0.5303396101958883,4,Loyal Customers
69d810eefb32d4935756191ad9da1435488c537590dd487f898eabef6680f358,1,4,0.064339,0.0,1.3071458952726358,0.5303396101958883,4,Loyal Customers
6b761d8a5499f9b0c88b8483b810ac7ec837ede34ac7728ffce5824a71772128,1,3,0.064356,0.0,0.9803594214544769,0.5304797394079266,0,At Risk
744aa54f820cf9549b74bb9a13d28407102a0df15350da8720a1134660e6714a,1,3,0.064356,0.0,0.9803594214544769,0.5304797394079266,0,At Risk
720d986bce3239d9748daabb4fdb7d3cc2bf68b73462ebfd630afcec23bb8b74,1,3,0.064356,0.0,0.9803594214544769,0.5304797394079266,0,At Risk
102d304a3595e298ec2f423d070a55201d0ec5ef5577f7266ca5215fed12318b,1,3,0.064356,0.0,0.9803594214544769,0.5304797394079266,0,Loyal Customers
4186826459205db6362164c93ccc4e897bd8dd9b612a85a3b42973104372085d,1,3,0.064356,0.0,0.9803594214544769,0.5304797394079266,0,Loyal Customers
63953fd1764531c28dd9d46ab312094227dd121ffaa91ff0a955e734ec92d545,1,3,0.064356,0.0,0.9803594214544769,0.5304797394079266,0,Loyal Customers
0f896d1027eab419a1c18ffd85d8b0356c86ca59cda4b9dfce6f01b2b2325bef,1,2,0.064373,0.0,0.6535729476363179,0.5306198686199649,0,Hibernating / Lost
5e2f4047b8cc43aeab4bcb20bb00566013eb437ee33d191a60ba77842957f09e,1,2,0.064373,0.0,0.6535729476363179,0.5306198686199649,0,Hibernating / Lost
7f5199fff9761c987a8090d60387f6cf0e8ecebe1a92d02e093c5bae773b7f85,1,2,0.064373,0.0,0.6535729476363179,0.5306198686199649,0,At Risk
4f8a4d44e64f82e40b76fad5dc8a351df08d7567236d78da644bbd27fd6f943d,1,2,0.064373,0.0,0.6535729476363179,0.5306198686199649,0,At Risk
4acf7279496b9788171edf86f63d83046f2a9ba697367add17cf4dbd8ce1e386,1,2,0.064373,0.0,0.6535729476363179,0.5306198686199649,0,At Risk
72f73cb7b6d030a976627821b34cd8aca15b646b2e586a19afef062ac1ce9886,1,2,0.064373,0.0,0.6535729476363179,0.5306198686199649,0,Loyal Customers
16c913a4769b1c4e34a696ba53dfe47f5697da8a45457f03c973b2ecb1151059,1,14,0.064627,0.0,4.575010633454225,0.5327135639057131,1,Loyal Customers
67ce478953af93a1a10b68363244f34630bbb71feeb33e00c133740031c1ef9b,1,2,0.064797,0.0,0.6535729476363179,0.5341148560260958,0,Loyal Customers
3fb6d0322e5433d9079dd412d41d938c479523ec23be8babb722c2f925648133,1,5,0.066017,0.0,1.6339323690907948,0.544171187713548,4,At Risk
7ae439d5845e2af33504511de80cbd287e9405fc530d848d0432d5ba09dd158c,1,4,0.066034,0.0,1.3071458952726358,0.5443113169255862,4,At Risk
60d45d2603a2553203c8b8705753b39a8a4b047ef42347a1f3bf43e90c3e9870,1,4,0.066034,0.0,1.3071458952726358,0.5443113169255862,4,Loyal Customers
1ea5c01b0be565594b58196e31ca9c578f439c5129666a102fd8826d358b3484,1,3,0.066051,0.0,0.9803594214544769,0.5444514461376245,0,Loyal Customers
4ed2d8caf5e050f864a083f4c770dba245ef7f6a873054e58bc1e8ca3185439d,1,3,0.066051,0.0,0.9803594214544769,0.5444514461376245,0,Loyal Customers
1d25ad906c6934cfd293e610c1e48b1a88a231d11592a02a3130eefbb7fa9ab1,1,3,0.066051,0.0,0.9803594214544769,0.5444514461376245,0,Loyal Customers
743c1cfaee47b957a24a620d731a99890f742efa4f93e423c1b9fc535aa46094,1,2,0.066068,0.0,0.6535729476363179,0.5445915753496627,0,Loyal Customers
50d987e1cd6a474df94007deaec1bef6d4965764e6ee26b85931dc73aa31d3b6,1,4,0.066458,0.0,1.3071458952726358,0.5478063043317172,4,Loyal Customers
78391ca9e3e80629a5457f17bdc014b05b654fa976e6dd8faef3c252f1bf16d4,1,4,0.066864,0.0,1.3071458952726358,0.5511529196309841,4,At Risk
47579b6adff51416cc7fa86bb70db3dbed214d398e48304ca9989459685dd262,1,4,0.067051,0.0,1.3071458952726358,0.552694340963405,4,At Risk
5b075890b2a6965927eca6d28b67898011db2245ed56d6aaf9fdf1f94e072926,1,3,0.067068,0.0,0.9803594214544769,0.5528344701754433,0,At Risk
532ebf2b243f60d0c1e1c44188728c015a15f69f7abb10dcfeae35c51b0c8d6a,1,4,0.067729,0.0,1.3071458952726358,0.558283023655284,4,At Risk
7bf187bc4babde35ecb75cdd0248b5843baf5c6f651032f9ce1ba95f574c5edc,1,4,0.067729,0.0,1.3071458952726358,0.558283023655284,4,At Risk
6e23c14843438912acb1d20f984454fbb2c8e8dec8e632f0159199764e46411b,1,4,0.067729,0.0,1.3071458952726358,0.558283023655284,4,At Risk
49e3ecac814c9fdfcaa759311d9e49d216e07e72e7fafaed9ab56421a1edded0,1,4,0.067729,0.0,1.3071458952726358,0.558283023655284,4,Loyal Customers
6d11a765aa468abc6b60b410d9cb5201f357b73f9b395c2f316c0ef809633c2e,1,4,0.067729,0.0,1.3071458952726358,0.558283023655284,4,Loyal Customers
41f89a98140703fb26e82cfb39d8f5ddf3497a05f716d14937230108ff98f372,1,4,0.067729,0.0,1.3071458952726358,0.558283023655284,4,Loyal Customers
185c0de05e52fe629a9e74fd2c5d635310a8cc6352b811bcb8cf6ae4b444dd6e,1,3,0.067746,0.0,0.9803594214544769,0.5584231528673224,0,At Risk
6ab3bcf98a1bf9cb1d75862fdca30b33be217fc4ebfe09f0caf7fd4f1e06cb6c,1,3,0.067746,0.0,0.9803594214544769,0.5584231528673224,0,Loyal Customers
60df68a61ffdf5fbe2c9c2d99aaf37582a3588a44a25803668a4c304ec180620,1,3,0.067746,0.0,0.9803594214544769,0.5584231528673224,0,Loyal Customers
48acbaed96f7d81ec841988f1e89e192b32e178bb3ecffb8313da34b664ca49c,1,3,0.067746,0.0,0.9803594214544769,0.5584231528673224,0,Loyal Customers
14e5b5c11c2d56435e8cb55be08024f9de24cfdeeeffec873783d63ab4a6305e,1,3,0.067746,0.0,0.9803594214544769,0.5584231528673224,0,Loyal Customers
53caf401392ff9ebbd509cc562a9a9ecfda4d3e8bbbd6962dfece924a3f358a3,1,2,0.067763,0.0,0.6535729476363179,0.5585632820793607,0,Hibernating / Lost
5c55ea67d56d9f783f039c2ef74de71e9037e7b79b0faa4fec282567834aa63b,1,2,0.067763,0.0,0.6535729476363179,0.5585632820793607,0,Hibernating / Lost
5c654179c2341a988e14522d1563e015d0ed382ce56f99b37366e5c5a0525ddd,1,2,0.067763,0.0,0.6535729476363179,0.5585632820793607,0,Hibernating / Lost
41c19b67213c4b8a86bd4364c50c50572d4535a2ff39e2ad245b14d154658745,1,2,0.067763,0.0,0.6535729476363179,0.5585632820793607,0,Hibernating / Lost
65e3a69d2d408755eb56a83a1b5356fc4b4df7f6a16ed4eca860d943be71b2a0,1,2,0.067763,0.0,0.6535729476363179,0.5585632820793607,0,Hibernating / Lost
13abdf3e3ca497f30ceef0d9ba11efcf747f6314a2c583522565ab9a7cf2a954,1,2,0.067763,0.0,0.6535729476363179,0.5585632820793607,0,Hibernating / Lost
128daa626287e6ac47c9b4bb43179b6fea8bfe740a98b32c0e9ef8dcee7415a3,1,2,0.067763,0.0,0.6535729476363179,0.5585632820793607,0,Hibernating / Lost
562c98cf9e57b3307c6ebfa734b4db917afbd82407543e9fa52085b92f230ba3,1,2,0.067763,0.0,0.6535729476363179,0.5585632820793607,0,Hibernating / Lost
56a01727def3bcde5375b884696378e7568c86a54713ab49a849144dd07bf2ee,1,2,0.067763,0.0,0.6535729476363179,0.5585632820793607,0,Hibernating / Lost
558301819b314fe878650fe6887f397900cde9fbba89ad20b727f0f588d3eeae,1,2,0.067763,0.0,0.6535729476363179,0.5585632820793607,0,Hibernating / Lost
5bf3f50bf58100d19ae0145fc054930a1d689db978e5166e1dc0b28b67cbb6f6,1,2,0.067763,0.0,0.6535729476363179,0.5585632820793607,0,Hibernating / Lost
5a9b68d38ce50fd208b79c13b29be06f6e56ceb376b27d37af5459e7d7633cf5,1,2,0.067763,0.0,0.6535729476363179,0.5585632820793607,0,Hibernating / Lost
455066e2250dc6921d47c12c0d1ee94f9a80286072a85e1b975c48b6c3909884,1,2,0.067763,0.0,0.6535729476363179,0.5585632820793607,0,Hibernating / Lost
4d9a26ed8d9d4e799774028a4aa7497408345ab29d2c9a77eb9225942ce986d1,1,2,0.067763,0.0,0.6535729476363179,0.5585632820793607,0,Hibernating / Lost
477281e212b66c8b22314155276ebf82cd34b0eb72583e26f320bc30e432c1e7,1,2,0.067763,0.0,0.6535729476363179,0.5585632820793607,0,Hibernating / Lost
483f692b6f1428475a6638ba69d80cac793c8fb277601a2bd7d58ddaa8805428,1,2,0.067763,0.0,0.6535729476363179,0.5585632820793607,0,Hibernating / Lost
48ddef074edd67dc4664443dae99352ea611c8f6206992b6ab9658561514d0e2,1,2,0.067763,0.0,0.6535729476363179,0.5585632820793607,0,Hibernating / Lost
63299fc9ef5e287e120c967e52669bf917cbe57e5b5ab7b264fcfd371e389c71,1,2,0.067763,0.0,0.6535729476363179,0.5585632820793607,0,Hibernating / Lost
5f46b21cc0622fb427c3165262f193709666cbeebc27ae2cb41fb589fc2d2a80,1,2,0.067763,0.0,0.6535729476363179,0.5585632820793607,0,Hibernating / Lost
176973c031857c6baeeeb0af515a629e25205c0d60acb804692487ccf3f67e8b,1,2,0.067763,0.0,0.6535729476363179,0.5585632820793607,0,Hibernating / Lost
4f27c7ea966607cfc07d7c7aa25f4fb45f253cd31b6c203f971c2defde5cef50,1,2,0.067763,0.0,0.6535729476363179,0.5585632820793607,0,Hibernating / Lost
50c00ca58dd5a88bbc04610c276834eb1fa6f6449fb29fe8837dcf8b18463773,1,2,0.067763,0.0,0.6535729476363179,0.5585632820793607,0,Hibernating / Lost
5ccbddbff0b812c061f2520d8a670b934f0afe184efd441c8b9caf0f31c3485d,1,2,0.067763,0.0,0.6535729476363179,0.5585632820793607,0,Hibernating / Lost
4491283958de55df44b23a00f094d8895f26ceadecea1473e7bfb48d55477e92,1,2,0.067763,0.0,0.6535729476363179,0.5585632820793607,0,Hibernating / Lost
3feb9dfa85c951d165c6852a3114d01b4f19a3a6935a94ecc3be241fb914dd97,1,2,0.067763,0.0,0.6535729476363179,0.5585632820793607,0,Hibernating / Lost
40b8ba486de845e6c82999a5a41ad4d8d8810022dd55d187b43df5c72ad61e19,1,2,0.067763,0.0,0.6535729476363179,0.5585632820793607,0,Hibernating / Lost
4c862f7e9010b2b08dc87fd9d70afc071ebe6db567ef97891ed693b4705f7dec,1,2,0.067763,0.0,0.6535729476363179,0.5585632820793607,0,Hibernating / Lost
49dd3ea3770fd59d1baa617b8f9821920a0bd5aec3bf9b04bf624b127b5c5c9a,1,2,0.067763,0.0,0.6535729476363179,0.5585632820793607,0,Hibernating / Lost
73c9fab457463801db2c32e9b86789b903c803e719020ee68c8e862b1edb24b8,1,2,0.067763,0.0,0.6535729476363179,0.5585632820793607,0,Hibernating / Lost
75eefa8161203b035bff8d6ad29febf4b932093523cb8b8a299986d4e9df8e23,1,2,0.067763,0.0,0.6535729476363179,0.5585632820793607,0,At Risk
76457e455dfe4850a0fcddbf1acc7d859684de280067d323afb69a40fbd1c3ee,1,2,0.067763,0.0,0.6535729476363179,0.5585632820793607,0,At Risk
6fabb8446cf26eff270f22c70f075036673b2e3bcb8397ac57f8923c3dfced5b,1,2,0.067763,0.0,0.6535729476363179,0.5585632820793607,0,At Risk
7c41b888cefae8425f80ade3c648b9820860609f18141417f33f96adb12784b9,1,2,0.067763,0.0,0.6535729476363179,0.5585632820793607,0,At Risk
7b1f3cced6ccf08f544c4ae958a4884bf79e8cc3fe472877d31dea78f2adcdce,1,2,0.067763,0.0,0.6535729476363179,0.5585632820793607,0,At Risk
7a6546d6963bce74f34f67e464a1151f1feb8eea0d72767f6fa869125813a3dc,1,2,0.067763,0.0,0.6535729476363179,0.5585632820793607,0,At Risk
78b1141dbf5ba6f1411d2bd9d498720d0af5938100cbdb5974deebb2867ed188,1,2,0.067763,0.0,0.6535729476363179,0.5585632820793607,0,At Risk
1084f4fc195105e4cb316f62b745e1350385622138f930eaa6193eb7bf333698,1,2,0.067763,0.0,0.6535729476363179,0.5585632820793607,0,At Risk
1c2b787366dfc7be27606d1988d967d8a348f1ee64c0f7ae739d2ed1e4f98c10,1,2,0.067763,0.0,0.6535729476363179,0.5585632820793607,0,At Risk
53bd5760d32ce8df36e09b41f11d401d8af5b4767e371e510d6c9c7597de1384,1,2,0.067763,0.0,0.6535729476363179,0.5585632820793607,0,At Risk
594fa659df331aada2f212e0a5fdd3eea8f64717ecc53ba40426a64dcec77aba,1,2,0.067763,0.0,0.6535729476363179,0.5585632820793607,0,At Risk
427a5def830a70e4b125b54b23777e30145d9bfa227c93ca5a29a243840dc266,1,2,0.067763,0.0,0.6535729476363179,0.5585632820793607,0,At Risk
3e2c2e27b399219a66018b9d3130ed02272728f9b4aaa03fedcf79bfe3797723,1,2,0.067763,0.0,0.6535729476363179,0.5585632820793607,0,At Risk
40f0ac884a0a9aecc515839d9d8d634e4924f1600bd39074213467f234aec79d,1,2,0.067763,0.0,0.6535729476363179,0.5585632820793607,0,At Risk
4bdc0695a858ba0325eaa36869d9ed11add1bfc17a3c94cebb77456a9b680713,1,2,0.067763,0.0,0.6535729476363179,0.5585632820793607,0,At Risk
6fc40236a923cc1c0664690bd9411f5bdb23fbbbd47f7618d458bb1bdca41282,1,2,0.067763,0.0,0.6535729476363179,0.5585632820793607,0,Loyal Customers
70aa94ab28e78106443eff483de2badc8088a029646f1ede2f46840c5086f903,1,2,0.067763,0.0,0.6535729476363179,0.5585632820793607,0,Loyal Customers
65adc3e6ee1f3dc74d0c72636db243e51f354bd0f8fbce89bc850129cd864541,1,2,0.067763,0.0,0.6535729476363179,0.5585632820793607,0,Loyal Customers
5f92bb93d3264810dbe96ec4ebf0d035cdd9b09a82af78eb30b3f8851beed184,1,2,0.067763,0.0,0.6535729476363179,0.5585632820793607,0,Loyal Customers
606e11dc7abead156e15ad4dfa9e4f1532c06fb25764cd4c6030796096a34931,1,2,0.067763,0.0,0.6535729476363179,0.5585632820793607,0,Loyal Customers
61d352637e878fb3a1c7320ab042df9af37ef4b0b51cda6a962cc572e3a0c726,1,2,0.067763,0.0,0.6535729476363179,0.5585632820793607,0,Loyal Customers
541788fff1705f790c18b41ab320967955210818d3ce01e6ba84282ccd233698,1,2,0.067763,0.0,0.6535729476363179,0.5585632820793607,0,Loyal Customers
5d5d61c2e19509240da9c9470f5cfe0186bc5ca825bc69aea1e2cb07a695d13d,1,2,0.067763,0.0,0.6535729476363179,0.5585632820793607,0,Loyal Customers
5a076078adba9ec7e7f0f351204c49f0daa7dc48b9f532394d9be84882ba6cf1,1,2,0.067763,0.0,0.6535729476363179,0.5585632820793607,0,Loyal Customers
41f0a892587742eecb23af9224fa384f997d362b18973c4cae7f8df4c145c2ac,1,2,0.067763,0.0,0.6535729476363179,0.5585632820793607,0,Loyal Customers
4add2fd770b6d21e53143b9726b626923dcacd8124941de01543148ce4ac20de,1,2,0.067763,0.0,0.6535729476363179,0.5585632820793607,0,Loyal Customers
4d3b131838789623a8ea5f37e1e55098aa4a10362625f80e6ffd298661066f19,1,2,0.067763,0.0,0.6535729476363179,0.5585632820793607,0,Loyal Customers
6eaff58f89423546d7a42b230bc967b226e3f34e742663a8ed87a1a540b578f2,1,2,0.067763,0.0,0.6535729476363179,0.5585632820793607,0,Loyal Customers
6f5d92b584e3292251f53e5ded8b7110fc5c509405b3eb908a2fb38198b32a2e,1,2,0.067763,0.0,0.6535729476363179,0.5585632820793607,0,Loyal Customers
7d116ad5fea129f6b36b7a4b284591f7d2e59677cbb85d244b315a3ab1012252,1,2,0.067763,0.0,0.6535729476363179,0.5585632820793607,0,Loyal Customers
1c23fa8fc057b2cde243ee52da850a6c6910fd789ac0358b29ecfa08a50f15e2,1,2,0.067763,0.0,0.6535729476363179,0.5585632820793607,0,Loyal Customers
5d4f9dcaad620dd8606ad79f5e0ccafaa07724d63ac16c02ac23e9f64593e57a,1,2,0.067763,0.0,0.6535729476363179,0.5585632820793607,0,Loyal Customers
5d9af246f70da27a6fb1e4587e9ca5401d2b9c333e7038b36ddedeeb604795b2,1,2,0.067763,0.0,0.6535729476363179,0.5585632820793607,0,Loyal Customers
745d4f650582851aeae2eef5517dea4f66496a301eb1636121fc65d54bed18c2,1,2,0.067763,0.0,0.6535729476363179,0.5585632820793607,0,Loyal Customers
765898ac48bbc1e45f89c10adf9744861bb5df385c8f90179adfd7fd46bad5b2,1,2,0.067763,0.0,0.6535729476363179,0.5585632820793607,0,Loyal Customers
7098c49d4127c1fa3d37c684ba61858ba6db7c111d1e14b0cbe5570be8b4085b,1,2,0.067763,0.0,0.6535729476363179,0.5585632820793607,0,Loyal Customers
7ea3829d02d675b51ff8ba662bf11c7c98436ef15e3484bea56d84a2f19f97de,1,2,0.067763,0.0,0.6535729476363179,0.5585632820793607,0,Loyal Customers
66e92b7013f8f7aa201a6b60819082341a09b63d51bfe933d947fb6116d6e643,1,2,0.067763,0.0,0.6535729476363179,0.5585632820793607,0,Loyal Customers
166b6acc02ef55f27312099d780fa2c7803845fd9e58f881358d3c3c96eef3ef,1,2,0.067763,0.0,0.6535729476363179,0.5585632820793607,0,Loyal Customers
10d455608b1d73268f0a9ff1a392ccd681e665ed471f6db78b6f2e07d3d3ddd1,1,2,0.067763,0.0,0.6535729476363179,0.5585632820793607,0,Loyal Customers
1c06e41e47c2d8db217380c11b44aab260637b687c8c99f62eab69fc777597d2,1,2,0.067763,0.0,0.6535729476363179,0.5585632820793607,0,Loyal Customers
1825b662b8db77030ea769e5604bee30c890f861c20593583c0f212239e658ca,1,2,0.067763,0.0,0.6535729476363179,0.5585632820793607,0,Loyal Customers
5d5c92f69c774f4c7d44a69aa4a20b314b475087e6096572383e4eb3c20d5b87,1,2,0.067763,0.0,0.6535729476363179,0.5585632820793607,0,Loyal Customers
432e4aca02e294df510fa80211b6e12f876266310c9b7ef5f846d1295aab2833,1,2,0.067763,0.0,0.6535729476363179,0.5585632820793607,0,Loyal Customers
44b8d7a9b5e5b64bdf6da4b3eeca4ea2b6c32c9449661eaf68d22ce34125e8c5,1,2,0.067763,0.0,0.6535729476363179,0.5585632820793607,0,Loyal Customers
3f0ae1e8fe40dde9370c0a15742b860694055fa817daad9a8acca584dbf09e57,1,2,0.067763,0.0,0.6535729476363179,0.5585632820793607,0,Loyal Customers
3e0d4da2ae502c042f59f9d92658015391c7375e65037b15d9ad9b9b011c2704,1,2,0.067763,0.0,0.6535729476363179,0.5585632820793607,0,Loyal Customers
4b2d71dbe6dca2d047458eb3ae7e885a60d9ff7a5c3c003fbfa3fb462a3871a8,1,2,0.067763,0.0,0.6535729476363179,0.5585632820793607,0,Loyal Customers
49668a25153ec4eef62b9da863f5491d1b38ba98c55433d38258fdf6d2927e53,1,2,0.067763,0.0,0.6535729476363179,0.5585632820793607,0,Loyal Customers
49df7afd9b5fa7764a72fce79e50c44c60584e807bd3e24d139a7c59b0c72cd1,1,2,0.067763,0.0,0.6535729476363179,0.5585632820793607,0,Loyal Customers
7269289e9b959ebaa9cd18de1b52f2b8134f52f5a1805e2a47d056871fee4f68,1,2,0.067763,0.0,0.6535729476363179,0.5585632820793607,0,Loyal Customers
7c83bbece69b56264941debf37d5d407c0ffb70de00f2ad4ae036caedbc694c7,1,2,0.067763,0.0,0.6535729476363179,0.5585632820793607,0,Loyal Customers
77c75d1cbc3140a108e6171f8403ee62592851f7e4b236c4c51b9d7c85b3b0f4,1,2,0.067763,0.0,0.6535729476363179,0.5585632820793607,0,Loyal Customers
62da13ffdf679b0f691c99464c43d4c1caa376f474ccc3705483e01a4c80a16e,1,2,0.067763,0.0,0.6535729476363179,0.5585632820793607,0,Loyal Customers
1b82358759be67f6ac30767c306fac39672a8edd0edf77d6220aec26a9461439,1,2,0.067763,0.0,0.6535729476363179,0.5585632820793607,0,Loyal Customers
1df4333a8325ec3c765f636177c74fb551bebb8bc60f8331d32550a58fe99afd,1,2,0.067763,0.0,0.6535729476363179,0.5585632820793607,0,Loyal Customers
5d336dd9be47ee9b6adf2744978f3ee0850893d5077843714ab45b66173d741c,1,2,0.067763,0.0,0.6535729476363179,0.5585632820793607,0,Loyal Customers
438d6e1e5259db3c5d3a15326f9f0b980037cf61ea62a1f7e41a09f816090a87,1,2,0.067763,0.0,0.6535729476363179,0.5585632820793607,0,Loyal Customers
408a890760ec51a88894a75d43acf1df9a624eb858d152fdebb0a99a0658bc91,1,2,0.067763,0.0,0.6535729476363179,0.5585632820793607,0,Loyal Customers
4b6902fc89f782f202749efc5cdcdad6e5d41a7119614b9e6043cb4272f16cfb,1,2,0.067763,0.0,0.6535729476363179,0.5585632820793607,0,Loyal Customers
765372558f7baed0f8b02f6a08c8c3dd12d14f279a8b99155d57dd7c7cc4d8c8,1,2,0.067763,0.0,0.6535729476363179,0.5585632820793607,0,Loyal Customers
62f08c7f21102fcb8c661805f0ab568e48c2083522516e448379c584e7adfa15,1,2,0.067763,0.0,0.6535729476363179,0.5585632820793607,0,Loyal Customers
67494d6ca4538f88397751c282054f88e0cb21a736367d55a91706c9579bf888,1,2,0.067763,0.0,0.6535729476363179,0.5585632820793607,0,Loyal Customers
118e62bfbff11af4185fda2be5a27dfd50693c71faf9523f1faa3fc8bf39c8ab,1,2,0.067763,0.0,0.6535729476363179,0.5585632820793607,0,Loyal Customers
181174ea8ccb7c81b37d4ff7d713101a4deaaf33dea494d487f98fd08450f570,1,2,0.067763,0.0,0.6535729476363179,0.5585632820793607,0,Loyal Customers
59bdad78c13b60ab323a845c70b5bef3ce67b0af1f6fbcfa86f05d9b72bb88bd,1,1,0.06778,0.0,0.32678647381815895,0.558703411291399,0,Hibernating / Lost
45fcdfc9c7d91625cb6f771a4a7963ecec03715fdaedbea6930b3bf6fef62164,1,1,0.06778,0.0,0.32678647381815895,0.558703411291399,0,Hibernating / Lost
4aa4c54b45d87983d3f156c8e01eebb748681bd417e18d207342cef6893e273d,1,1,0.06778,0.0,0.32678647381815895,0.558703411291399,0,Hibernating / Lost
13bff42edf382d729b7e62a0b39e41a2174fdf141cb9dde72729188c913d0407,1,1,0.06778,0.0,0.32678647381815895,0.558703411291399,0,Hibernating / Lost
1ea596af46f5885202041c908e8c89428270903b228d9ec8fc11ed5da7ae0e02,1,1,0.06778,0.0,0.32678647381815895,0.558703411291399,0,Hibernating / Lost
55e3386216692a9784f006a9d18e467b39d8b07e2228285cbbcf72322adfe014,1,1,0.06778,0.0,0.32678647381815895,0.558703411291399,0,Hibernating / Lost
56ba31d7c91c48d05b26e910335252052d752c57878746b8299ab9c94aadc971,1,1,0.06778,0.0,0.32678647381815895,0.558703411291399,0,Hibernating / Lost
7d93af3a6801d0559653b8c235bedd9cb969c17b2aa5828c0bd01c9211df8740,1,1,0.06778,0.0,0.32678647381815895,0.558703411291399,0,Hibernating / Lost
78def219610130d7732dacccacf9aada8897b93864f0014b34f7a40e7fa7eef3,1,1,0.06778,0.0,0.32678647381815895,0.558703411291399,0,Hibernating / Lost
6929aaf72906bf46f14755ee9e44cce81814a7944b813e3f811ddb29bef60ed7,1,1,0.06778,0.0,0.32678647381815895,0.558703411291399,0,Hibernating / Lost
533edf1263ca488f7b64b9e818ba3fd98e90d90146c28ba0e9d9c204da87fc60,1,1,0.06778,0.0,0.32678647381815895,0.558703411291399,0,Hibernating / Lost
4454b3b6fe4d205fad794e232f8a518b83df062941fc4c7b77917932e9a16532,1,1,0.06778,0.0,0.32678647381815895,0.558703411291399,0,Hibernating / Lost
732908e67559a4b96ab4adee671b5456d13a7c222e5596c98dc859c22cd678e5,1,1,0.06778,0.0,0.32678647381815895,0.558703411291399,0,Hibernating / Lost
7655f720bf94021a2eee653c685a17d9c66b71627293a4dda0627c7d8d70c023,1,1,0.06778,0.0,0.32678647381815895,0.558703411291399,0,Hibernating / Lost
776d2e001225c0d06dbe93685a105464b8136ae1018492903826db96629ef5c0,1,1,0.06778,0.0,0.32678647381815895,0.558703411291399,0,Hibernating / Lost
6397cb2b5bc12083968b28b255c291726432c4f9af63ebeeaeb5201674ea893c,1,1,0.06778,0.0,0.32678647381815895,0.558703411291399,0,Hibernating / Lost
66319ead194f875b3ade27af2ea216378162d018be5274508a55d4c0e9e5430c,1,1,0.06778,0.0,0.32678647381815895,0.558703411291399,0,Hibernating / Lost
66f5a6129d91c99ba5a324632ee92087aec51a383625f5d090993ef98b8fa02d,1,1,0.06778,0.0,0.32678647381815895,0.558703411291399,0,Hibernating / Lost
178ed0dbb1325cc8385ddec3ae07e24c4ffbfba859dce578440b3c505acaddf2,1,1,0.06778,0.0,0.32678647381815895,0.558703411291399,0,Hibernating / Lost
5c2b9c8e6848ec02093589405d66dd7990f59e4bc1c700b3e0a039167828e8ab,1,1,0.06778,0.0,0.32678647381815895,0.558703411291399,0,Hibernating / Lost
4294868860c7a5aade966ec788c1148ce3b775636d3c81bfb853b850eab95116,1,1,0.06778,0.0,0.32678647381815895,0.558703411291399,0,Hibernating / Lost
3eef31c387da89f17ed5f4ceed721a659d61e8596008531fde5ac03e7d925a7a,1,1,0.06778,0.0,0.32678647381815895,0.558703411291399,0,Hibernating / Lost
77cc6f46f61f11ad9f6e110b1e947182185ecd5b38947d3b09f8cb256793d7bf,1,1,0.06778,0.0,0.32678647381815895,0.558703411291399,0,Promising / Needs Attention
6b619c3626098aa89d7e44f5f680a7b662390fa20e9ad434a481cc1e2deda4fe,1,1,0.06778,0.0,0.32678647381815895,0.558703411291399,0,Promising / Needs Attention
12793079502c95fc4f59d92838acbcf41eb00808f86c9311a9918ba310b152cd,1,1,0.06778,0.0,0.32678647381815895,0.558703411291399,0,Promising / Needs Attention
1bb78c5cf3551a0321495a5e610ea49dfe82686a72a92bb8531242a23c63f5e0,1,1,0.06778,0.0,0.32678647381815895,0.558703411291399,0,Promising / Needs Attention
5862f696fdfd0991d5d0590d43b7b9955cf98b8c407930adecb09f0753418b4f,1,1,0.06778,0.0,0.32678647381815895,0.558703411291399,0,Promising / Needs Attention
75ce12f7b1482c6bcd95a0b62a0224273d46ac08f21d79b5567c5dc8f4852045,1,1,0.06778,0.0,0.32678647381815895,0.558703411291399,0,Promising / Needs Attention
7b241156e6b136fdc164c28b091c5bfdd96ffb4d22ba95057c17c85e0dc5b705,1,1,0.06778,0.0,0.32678647381815895,0.558703411291399,0,Promising / Needs Attention
7b6b56856a527a4b19f3812101dbc336113a4e396642ab7c3b8d4ba9628b4439,1,1,0.06778,0.0,0.32678647381815895,0.558703411291399,0,Promising / Needs Attention
64577a4fc6c8b468c5f02c1f8eea9ec452a52a188671ecb36e1b3c4d2c18cc08,1,1,0.06778,0.0,0.32678647381815895,0.558703411291399,0,Promising / Needs Attention
1eb23c0d38c6a042deebb19bce2182785df68ce7156d3714f1383d7bb71c419b,1,1,0.06778,0.0,0.32678647381815895,0.558703411291399,0,Recent Potential
5b6109718ca609ec626669c9599020f5ac552b36f23fcab9b52970cece92b6e1,1,1,0.06778,0.0,0.32678647381815895,0.558703411291399,0,Recent Potential
5e858834d3226024f7d8e52d1500102e2d1626ad5bd27294d17325f75223400e,1,1,0.06778,0.0,0.32678647381815895,0.558703411291399,0,Recent Potential
3fe5706c724eaea0408d4b21eb976651ddce6c4afef00f37cba980a0219b71b9,1,1,0.06778,0.0,0.32678647381815895,0.558703411291399,0,Recent Potential
750d1fe3b31a900210e5777d10671a18e03579c8e2d3973f791f74e2326faba4,1,1,0.06778,0.0,0.32678647381815895,0.558703411291399,0,Recent Potential
71189ce7cbc40324ba4ade73c8eb1def22a0b6ec9df744d2f56ccf1e4532216d,1,1,0.06778,0.0,0.32678647381815895,0.558703411291399,0,Recent Potential
65480f5e7bcac2d8646d5645f32bcbae7a6a565f18bad4e5110bb5335e1f87dd,1,1,0.06778,0.0,0.32678647381815895,0.558703411291399,0,Recent Potential
11f45a2e6d9c7819b4156a05512cbf490fa02905e1df1c0a3ec9ac5ef6cc75fe,1,1,0.06778,0.0,0.32678647381815895,0.558703411291399,0,Recent Potential
187c33a78e3f4ad869a6fbea71c2b11b21d29986e5ebcb3a96e978e2ee4b5d77,1,1,0.06778,0.0,0.32678647381815895,0.558703411291399,0,Recent Potential
44ee240f46f41d49095bb6b0529d5d59f8d5d3915e8ee1eb16b89469603b64f0,1,1,0.06778,0.0,0.32678647381815895,0.558703411291399,0,Recent Potential
6fe50b20d6b2cb4c5e377f2c12ee33abca8aed7abde3a55ab4aa0b3fde4c68ef,1,1,0.06778,0.0,0.32678647381815895,0.558703411291399,0,Recent Potential
6057e71e250e7c7f7a0ca29734cac928e0e72a09763fe0414e60f79134c6ef06,1,1,0.06778,0.0,0.32678647381815895,0.558703411291399,0,Recent Potential
171267d087cba591498da1e4339124c5d0b2f7e59634f673526d2fe3a247180e,1,1,0.06778,0.0,0.32678647381815895,0.558703411291399,0,Recent Potential
564af692289e694c50c9a640fc5fff86007c6b3ec4d52b7785815af4082fdfd0,1,1,0.06778,0.0,0.32678647381815895,0.558703411291399,0,Recent Potential
52bffb0630ec0fd9bad0eb0cba96d8daf278ec7fc7ceae2c77c741b0a57db44d,1,1,0.06778,0.0,0.32678647381815895,0.558703411291399,0,Recent Potential
5840e453eb7782260945c9f9697baa91a1d3c968cb9a516b199ab98284052c22,1,1,0.06778,0.0,0.32678647381815895,0.558703411291399,0,Recent Potential
5f291c93e70fc6a427859db08b5d71be1fab04a81d4bfd915fd1c418c62e871b,1,1,0.06778,0.0,0.32678647381815895,0.558703411291399,0,Recent Potential
6940d1f63286943957baed09292e3071a0d466446a28e765cd1fe16177a2e4b1,1,1,0.06778,0.0,0.32678647381815895,0.558703411291399,0,Recent Potential
180e9745f2ae638117e0fa1d91ff16dc330e3020dca6a1f39fbbcdd1cd474811,1,3,0.068593,0.0,0.9803594214544769,0.5654048847847584,0,At Risk
4c1db35e3e817fc81666f2a592848457dc566fbc680672d4836398ca3f4692f4,1,2,0.06861,0.0,0.6535729476363179,0.5655450139967967,0,At Risk
74c010046c026496495c628fd590ec3a19966b7e50d09a637a307caf951cf2c5,1,2,0.06861,0.0,0.6535729476363179,0.5655450139967967,0,Loyal Customers
43fe6f0dbb596b33045349833c1e112bf16e0550b46af2072c595defd1bcc41c,1,2,0.06861,0.0,0.6535729476363179,0.5655450139967967,0,Loyal Customers
483222897c0b3af7ce71ee10b09ced782be0aec7e19a6d20c32314c90ef351fd,1,3,0.069441,0.0,0.9803594214544769,0.5723948595970203,0,At Risk
44fbbc8420b8b3b7f805557c9996a364e5c0c3aaa0ece91cb8e8be06aa2b8187,1,3,0.069441,0.0,0.9803594214544769,0.5723948595970203,0,At Risk
728ad3da46e517a890a3e46975266fa03873c891b398ae0a90977aec5d5c10c4,1,3,0.069441,0.0,0.9803594214544769,0.5723948595970203,0,Loyal Customers
584a56ad3a3f15fa15ca6804e07e11ca56b6b1a50d07f7584dcd554bf05f1969,1,3,0.069441,0.0,0.9803594214544769,0.5723948595970203,0,Loyal Customers
60cab072461520b149cf59aaeb40f289e5abef6b6f80cbdb6b97daad349bfddb,1,2,0.069458,0.0,0.6535729476363179,0.5725349888090585,0,Hibernating / Lost
529bc85fbe8005a4d60803531240317ae54b5a775f7998911044bf824d341864,1,2,0.069458,0.0,0.6535729476363179,0.5725349888090585,0,Hibernating / Lost
402356a48354b0af40573bd68de2d2c905f3c63e7f3c0167daa808676344df85,1,2,0.069458,0.0,0.6535729476363179,0.5725349888090585,0,At Risk
4b7cc41ab018c4e31e3f5cfcbddc6abed0a23ee6ce92303badcf5c03e8326260,1,2,0.069458,0.0,0.6535729476363179,0.5725349888090585,0,At Risk
6e652741a6da4a41e59d466ece679b5ae2f3f8060e8154407144f1c9e3947ea6,1,2,0.069458,0.0,0.6535729476363179,0.5725349888090585,0,Loyal Customers
55cb0e492410f6b75cb3080e4a10bc8799397c5a9406367da252f54b6559e71c,1,2,0.069458,0.0,0.6535729476363179,0.5725349888090585,0,Loyal Customers
16941b17b4b51d0d4bf696f48a8014252a33b52dbc91090d92efb4c0f05107a9,1,4,0.070271,0.0,1.3071458952726358,0.579236462302418,4,Loyal Customers
620ef2c3d13494993eee08069ffbc05695b5383b828a79fc3eb48f0fa3b96479,1,3,0.070458,0.0,0.9803594214544769,0.580777883634839,0,At Risk
4d80328451a04eca1ae9eaccd4816eab43b4c732c15bd431b70e30e86988ec36,1,3,0.070797,0.0,0.9803594214544769,0.5835722249807785,0,At Risk
75c5faa0cbfce79c1c3691d0f4346cee8fb60db5422c3d087bd193093db80c97,1,4,0.071119,0.0,1.3071458952726358,0.5862264371146798,4,Loyal Customers
7e76782ab24fd95099848f17bf9980aded732ec28237653de5db10db0630fbf6,1,3,0.071525,0.0,0.9803594214544769,0.5895730524139468,0,Loyal Customers
16c376b750c0e24fd96225bc5c504cb13b5ba83bd6b149bd3ec87b7e3872265d,1,5,0.071949,0.0,1.6339323690907948,0.5930680398200776,4,At Risk
7cd2bea9f5b38d89e261c09cea94bcf53bdad21c5921b282e3725135fb97a28e,1,3,0.071983,0.0,0.9803594214544769,0.5933482982441541,0,Loyal Customers
689e81ec33d7dc16c2a04b000cbbbaef33dff13dd75bce88c8c1c5c87d72b421,1,3,0.071983,0.0,0.9803594214544769,0.5933482982441541,0,Loyal Customers
6040c1de036d4903b5f768f511d560a6cfe0a536822cca7f84bcabd821ac5604,1,3,0.071983,0.0,0.9803594214544769,0.5933482982441541,0,Loyal Customers
4274787fb66f9e805dda58c567b9cd532872942a5495afd0630c0c30261ede59,1,2,0.072,0.0,0.6535729476363179,0.5934884274561923,0,Loyal Customers
46c70ef0b9ec62053d4b5423e5de78aa22c171808072437b8fe06557b36c9d6f,1,3,0.072237,0.0,0.9803594214544769,0.5954419935299023,0,At Risk
5d187c87e7dc44bc4c4e701da03147773a937c6db7eaa54ce38b464ef8cfa761,1,3,0.072407,0.0,0.9803594214544769,0.596843285650285,0,Loyal Customers
4316737d99c11fce5e5cd5889366c19d41eb34df921f4502bade7e1761ea1c8c,1,8,0.072746,0.0,2.6142917905452716,0.5996376269962247,4,Loyal Customers
73923c1bd17ee22b23cb61415ff046ace38d5af692a531acaee5bcd3ad57f19d,1,4,0.072814,0.0,1.3071458952726358,0.6001981438443778,4,At Risk
40e5f47193f664b99513e07d1c4c2dd88825f76a4cce6c01fdbc225059f8fa99,1,5,0.072814,0.0,1.6339323690907948,0.6001981438443778,4,At Risk
7f2c4bf24c9f41a4df51824df9ab307cb77d34f28dfb79da15d98322277e6326,1,3,0.072831,0.0,0.9803594214544769,0.600338273056416,0,At Risk
16b6ce94de3072a49316b4ba29f4f0163cb0526e0df5cd60fc5c88ff4cea7e03,1,3,0.072831,0.0,0.9803594214544769,0.600338273056416,0,At Risk
4fa5dd887e97e50ecdc626dd2728241e077aa148a03030fc304eabf4f081c70b,1,3,0.072831,0.0,0.9803594214544769,0.600338273056416,0,At Risk
6af680dde7b6fb25287b6de59666517b75b79e210ea7795a67d4b16b676811e3,1,3,0.072831,0.0,0.9803594214544769,0.600338273056416,0,At Risk
73a4416b026bb7f4683e7c59ab2a38e7fc7b07b33106d13de0b6439dac7cc800,1,3,0.072831,0.0,0.9803594214544769,0.600338273056416,0,Loyal Customers
552716055efb68b897988e8c514ea9abc0af3f9231713d33e8aaec22f005023d,1,2,0.072847,0.0,0.6535729476363179,0.6004701593736284,0,Hibernating / Lost
3e15ef75fb17157d06868a34e5ef6219688fbfdef5e4accd2c0d1a2df07aacc8,1,2,0.072847,0.0,0.6535729476363179,0.6004701593736284,0,Hibernating / Lost
7cd88f43f8bffd698f5bdb35a6cbf375d15b65c1e775f36b9080bb23b0cd7cc3,1,2,0.072847,0.0,0.6535729476363179,0.6004701593736284,0,Hibernating / Lost
6ab4fb211911cef6439f4d02ac52b9fd0ee03eada0ffcee40f45436c8ff0cbc2,1,2,0.072847,0.0,0.6535729476363179,0.6004701593736284,0,At Risk
1524fd350890ff3b30414504e7259d3748dee8f400d218798c6adac3a4eb3cda,1,2,0.072847,0.0,0.6535729476363179,0.6004701593736284,0,At Risk
5f8afe42e265e49b3d79f7b194e2ea0dc8f8ae4fabc0c143f4653f2af12c8727,1,3,0.073678,0.0,0.9803594214544769,0.607320004973852,0,Loyal Customers
18a4a3aa3e8acae0c517265a3f345f9a02ab223648525dec5c535d6de69e9d05,1,4,0.074068,0.0,1.3071458952726358,0.6105347339559063,4,Loyal Customers
1814e11562d33b31d1fd9eeab04fb3ed98e201eb427aa68eef7893bf6d312146,1,3,0.074525,0.0,0.9803594214544769,0.614301736891288,0,Loyal Customers
5654eb0407f54170d642ba1566e182a1f15ce42f64b45fae80879e71e96d63cd,1,3,0.074525,0.0,0.9803594214544769,0.614301736891288,0,Loyal Customers
741e03511cbf136ed644b19546ef968f112b077a5d76407f79862ddac1c591f4,1,2,0.074542,0.0,0.6535729476363179,0.6144418661033263,0,Loyal Customers
4c600fd36eb164793ded4d3233c3806c3cb6b1a807be4bff026c3864ea453ea0,1,1,0.074559,0.0,0.32678647381815895,0.6145819953153646,0,Hibernating / Lost
5372268a120e4a54ab71587e2d762aa0da1ed18a86e29673edaef7d3818de586,1,4,0.074847,0.0,1.3071458952726358,0.6169559490251894,4,At Risk
1434d0080f5137fad0a9703462790f6d7eccb865b5833dda4bd964daaf0a89ab,1,6,0.076169,0.0,1.9607188429089537,0.6278530559848711,4,Loyal Customers
15961e2c357d65d4e2e2fc8e58c20b03ffa7aaacc05864c0dc492782b6dc3e02,1,5,0.076186,0.0,1.6339323690907948,0.6279931851969094,4,Loyal Customers
70e15dce77c480b345f2d7cdf8a60933f87f4985178d0dee7c988b3ce6c84136,1,4,0.076203,0.0,1.3071458952726358,0.6281333144089477,4,At Risk
1c45a5c4cf5bc651ed1f7f7b5c62d7c29b074c179218bc9bba5ace0cafe6d872,1,4,0.076203,0.0,1.3071458952726358,0.6281333144089477,4,At Risk
41be910c7cd55f30604c823d0f6b1990fe46e482d86ac683590b306da03e5e17,1,4,0.076203,0.0,1.3071458952726358,0.6281333144089477,4,At Risk
73e1c379162faba6c4afb53a6125e5b01dbce525386301b4480cf0f7e981111e,1,4,0.076203,0.0,1.3071458952726358,0.6281333144089477,4,At Risk
710f185f98a6e73ddb36edff7c89183e833379fd8dfcf6e79c3a35adc6981dc3,1,4,0.076203,0.0,1.3071458952726358,0.6281333144089477,4,At Risk
4bae4cca4708649de91ca241f8e7aa8ec35a8b820545fe4948190c1d95920f17,1,3,0.07622,0.0,0.9803594214544769,0.6282734436209859,0,At Risk
499fc6db1a8b74fe7dfa05fb3a0ab057e8ea6d2213784bce2dbca7cd14db1c04,1,3,0.07622,0.0,0.9803594214544769,0.6282734436209859,0,At Risk
6ff79744383b72f89abb891bf0a00bb1f071744954a7b243b4a6ba7f3f94f03b,1,3,0.07622,0.0,0.9803594214544769,0.6282734436209859,0,At Risk
6a296a1f5f6df911726afd20ec6a6d5063fa9ac8b0c79f4bade2fd251eb97cc6,1,3,0.07622,0.0,0.9803594214544769,0.6282734436209859,0,At Risk
186bf4583ffd41318653436132f6c57fc425a6d4946b008edd7256c60213fc42,1,3,0.07622,0.0,0.9803594214544769,0.6282734436209859,0,At Risk
53cde13a4f05af1cec42a55983541c1dff7bef9d2e7eec29a2e746404b0cd575,1,3,0.07622,0.0,0.9803594214544769,0.6282734436209859,0,At Risk
4a7729653c1df372ee9831100ebe61417d797cfaa3942a5c9c2100aa209f85e5,1,3,0.07622,0.0,0.9803594214544769,0.6282734436209859,0,At Risk
6f31b1bde7bfaab776e7f36065ef6da24a1aaae224339bc548e36b00f6279428,1,3,0.07622,0.0,0.9803594214544769,0.6282734436209859,0,At Risk
70d757940a5ea3210d3a676610bcbefbb192c1fee09927e763264f85b5eb6214,1,3,0.07622,0.0,0.9803594214544769,0.6282734436209859,0,At Risk
682c6df2c529e876833782263ca096d847b025520c8d8682f14927aa26b19fd4,1,3,0.07622,0.0,0.9803594214544769,0.6282734436209859,0,At Risk
53da4b44e81286ed175a46d8ffd5a2baf47843089dc03f9c80d985bab979b851,1,3,0.07622,0.0,0.9803594214544769,0.6282734436209859,0,At Risk
7a008e2ae83ba18bd63bd6d320e36605ad0adfa76b67b8a580c1a46d3840ceb2,1,3,0.07622,0.0,0.9803594214544769,0.6282734436209859,0,Loyal Customers
5980f5c83ab9156e6e34789cee5e7d7ee52e2cca005711613047495a0f3d8a9b,1,3,0.07622,0.0,0.9803594214544769,0.6282734436209859,0,Loyal Customers
4837f3cdd7c93653bae3456e6d7d67fc86fcb81ba43f465ecd1128db15d94ac2,1,3,0.07622,0.0,0.9803594214544769,0.6282734436209859,0,Loyal Customers
5531f3e8b20bd02ffca7c1a2a623efe450f89a52fea292b09a15e0bfa98a1853,1,3,0.07622,0.0,0.9803594214544769,0.6282734436209859,0,Loyal Customers
5b47dcf55daeab3e1d52676ee94df89d776393d8d19981413f9f544a62e8466c,1,3,0.07622,0.0,0.9803594214544769,0.6282734436209859,0,Loyal Customers
5a11427ebab342d43dce72b7bfae2b78fe6726093b9fb99a42996db144729857,1,3,0.07622,0.0,0.9803594214544769,0.6282734436209859,0,Loyal Customers
183c939bc508ee9c530be249a4e940aace700cdc774e2c53b67d6ea09f6404e4,1,3,0.07622,0.0,0.9803594214544769,0.6282734436209859,0,Loyal Customers
47a63f54ec7047cbd41cc2e072a0cdc21d9647f1e558ef2678596f3ad5e08317,1,3,0.07622,0.0,0.9803594214544769,0.6282734436209859,0,Loyal Customers
1338739ddba7d844c3842902064d0c49d37699434ea12c26d4f28b9e8522b68a,1,3,0.07622,0.0,0.9803594214544769,0.6282734436209859,0,Loyal Customers
1ddc13b9ac53ddd6910184d9383ea3f9752c913dabfccc6d142521a8acc1f9c5,1,3,0.07622,0.0,0.9803594214544769,0.6282734436209859,0,Loyal Customers
4e952f4d354dbf2de05bd2ff18c5d823a9310660404f154e1e818abd3d7c8ff1,1,2,0.076237,0.0,0.6535729476363179,0.6284135728330241,0,Hibernating / Lost
5922c0c69841228a425c72f5869f9deeb589b01314700a2f6e9c515190f24672,1,2,0.076237,0.0,0.6535729476363179,0.6284135728330241,0,Hibernating / Lost
41d577eef9f81d04b0e8c1d1b27738f5d68b6af612386e5150f029d0269b3714,1,2,0.076237,0.0,0.6535729476363179,0.6284135728330241,0,Hibernating / Lost
0fe9a461f33b36bd80db88cfaaa06c81efc8055c627cb8a89bc2cac22d99f095,1,2,0.076237,0.0,0.6535729476363179,0.6284135728330241,0,Hibernating / Lost
4692f7f1603f7c610475dd794c165e62e1ce230428bd623c8bf12da8b0fa6f4c,1,2,0.076237,0.0,0.6535729476363179,0.6284135728330241,0,Hibernating / Lost
6ca342a41039d94336f3c52474c6ec4b4d020b1dacccfcf7154f6c22f3dd4537,1,2,0.076237,0.0,0.6535729476363179,0.6284135728330241,0,Hibernating / Lost
6a0c2db70be0e15d3ea67ca58457aca7da55e8801b9d026d4d641f2023dcfc3b,1,2,0.076237,0.0,0.6535729476363179,0.6284135728330241,0,Hibernating / Lost
1746ee8221051ac610c086283930d082bb495c07a1c0c3739f75f7346bc8e671,1,2,0.076237,0.0,0.6535729476363179,0.6284135728330241,0,Hibernating / Lost
41bf03451ec53883b871dd89afb6baa57ef3587225bfc8f8e774238ab0e9b402,1,2,0.076237,0.0,0.6535729476363179,0.6284135728330241,0,Hibernating / Lost
4935c620a1601a34b0c3e170dbfbd5a5679656d9c48bf8fb053f7f208eef3079,1,2,0.076237,0.0,0.6535729476363179,0.6284135728330241,0,Hibernating / Lost
6e4bb8c3d91e01ff6030abb0b79eca448b4a6c4f27f76199a90a3c570f2cd0d0,1,2,0.076237,0.0,0.6535729476363179,0.6284135728330241,0,At Risk
69b5226332cb406c2a8a425a40ddfe6634873cbcf579063facf03820b8c084d1,1,2,0.076237,0.0,0.6535729476363179,0.6284135728330241,0,At Risk
1649d783c0612b35dcc15862cd1159e75b5c9f674e3a3a7aba2e4837623705ad,1,2,0.076237,0.0,0.6535729476363179,0.6284135728330241,0,At Risk
7d5b89d54960a01a8b555765c37020418c815fe975e59b63348fb0a7bb0aff9a,1,2,0.076237,0.0,0.6535729476363179,0.6284135728330241,0,Loyal Customers
12e201723f3d03fcfe16e65b73941acddb308bf1bf3f62b361b97e2f6c5231d4,1,2,0.076237,0.0,0.6535729476363179,0.6284135728330241,0,Loyal Customers
1c9afefc75b78e59da3ef57588bd606aea47c2df63fbc5b2db0088c509c99a92,1,2,0.076237,0.0,0.6535729476363179,0.6284135728330241,0,Loyal Customers
4b097b349e81867d6691637792357eb7d617088cc278ee92ebf9f5797d9098d0,1,2,0.076237,0.0,0.6535729476363179,0.6284135728330241,0,Loyal Customers
4d0d6249f55652c8325d6ab01e505c17148068ffb6e9a68e81b8959a9b7f6c60,1,2,0.076237,0.0,0.6535729476363179,0.6284135728330241,0,Loyal Customers
1bee35ec816a25f0902964fee96035c56c15a11b927c4e6f6f10882cb0d7d775,1,2,0.076237,0.0,0.6535729476363179,0.6284135728330241,0,Loyal Customers
1da03202b1acffccb7121b18a855fa1ec4eee873cde20dce875f0ee710ffae70,1,2,0.076237,0.0,0.6535729476363179,0.6284135728330241,0,Loyal Customers
733f7e550e01f42d07929973e51c18652e9d6ff53362019bc73cd3e50aa56e8b,1,2,0.076237,0.0,0.6535729476363179,0.6284135728330241,0,Loyal Customers
74c947172f139c9f0f1580da1fb3c9d7e63d294c446bbe75636a4c23c1716596,1,2,0.076237,0.0,0.6535729476363179,0.6284135728330241,0,Loyal Customers
5f8eb11d02b5045c28d12c47ca8b668a6f3432e89b200c634c00f301eaf34635,1,2,0.076237,0.0,0.6535729476363179,0.6284135728330241,0,Loyal Customers
6da59f5236bbe418f79b4ea964ab99e534580889d8a5c0b80219f191db6eacd8,1,2,0.076237,0.0,0.6535729476363179,0.6284135728330241,0,Loyal Customers
1b715ee4910599255d3b743020c874c3da38c2ced0c6f7d7f4616d2552f89f2a,1,2,0.076237,0.0,0.6535729476363179,0.6284135728330241,0,Loyal Customers
4fa9c038abcecb468243a5557d1e502ea38aaa7b7bda1101332aee4f0088dcba,1,2,0.076237,0.0,0.6535729476363179,0.6284135728330241,0,Loyal Customers
5aed589eb4fa326888035fb3dbe83e519c1929cf0bb9a3ee9b5c769d928f1364,1,2,0.076237,0.0,0.6535729476363179,0.6284135728330241,0,Loyal Customers
465416bc3e7408fa486bd34e4defe27b4a15d5d442085967a34b0373208cab8b,1,2,0.076237,0.0,0.6535729476363179,0.6284135728330241,0,Loyal Customers
62940c19a884bac7dd44a493d3beed0fa9de3cfb4e8a4c5bc185cdc0fcf1d66a,1,2,0.076237,0.0,0.6535729476363179,0.6284135728330241,0,Loyal Customers
60b444df657e5f83c2b0e7967ef29be4873ec71383f74f7495017342c6371c46,1,2,0.076237,0.0,0.6535729476363179,0.6284135728330241,0,Loyal Customers
13e5284316073a5b58aff5ed4e33e2cd4162cad8b050b07dd53e221f774729d7,1,2,0.076237,0.0,0.6535729476363179,0.6284135728330241,0,Loyal Customers
76380aff681d3e55ee114f46e155782c9b33f90ba140ee5388f4c4efc7159ef9,1,2,0.076237,0.0,0.6535729476363179,0.6284135728330241,0,Loyal Customers
7f5749e54820cdc42987bd97995750baa00d7601d3575f90513ae1227a480231,1,2,0.076237,0.0,0.6535729476363179,0.6284135728330241,0,Loyal Customers
7ddec158e0ea2aa0c7b8033bd82eb02810182e92ee82db6313c0bcb2da00bd97,1,2,0.076237,0.0,0.6535729476363179,0.6284135728330241,0,Loyal Customers
60c003c8e3f482f6248bd7bf77f6dd425bc704e133df2a104ad457c1407f930f,1,2,0.076237,0.0,0.6535729476363179,0.6284135728330241,0,Loyal Customers
6a56a8088e1b466a8a002bc70dc2fe9909ce743487ba239f50288cca5127542b,1,1,0.076254,0.0,0.32678647381815895,0.6285537020450624,0,Promising / Needs Attention
12bfaafeb795ea498acd96db8fb4519e6bcc3465e5a03a9e90efa502668ea041,1,1,0.076254,0.0,0.32678647381815895,0.6285537020450624,0,Recent Potential
5af08484d33286d0dea7eaa15cc585142c201f401856e62d5613aef0126f37cd,1,1,0.076271,0.0,0.32678647381815895,0.6286938312571008,0,Recent Potential
5a5033002f954248a09374fbddf41063d3884acc5d81932fc55c41e15c38c456,1,4,0.077898,0.0,1.3071458952726358,0.6421050211386454,4,At Risk
52fbe5650ad023ed2a71aa8553a48bab051e3ebb8298eb17064e7c52d03f4454,1,3,0.077915,0.0,0.9803594214544769,0.6422451503506837,0,At Risk
1405d9f068e1d1db7e0b8f5261b0a445f7d693120969f83e0e4ba405e3cb7953,1,3,0.077915,0.0,0.9803594214544769,0.6422451503506837,0,At Risk
536e6d09f097a16756930240364b87ce99cc5803eaf7d95fac0c839775d2e65b,1,3,0.077915,0.0,0.9803594214544769,0.6422451503506837,0,At Risk
154a8a417a9e475789619cf19302bb50b9ca97b22feb4b568a930b0de64e29af,1,3,0.077915,0.0,0.9803594214544769,0.6422451503506837,0,At Risk
17a612fdcb7c6c04d02a59684dd68602ea5d1a7c66b6c46631696f26c4995ea9,1,3,0.077915,0.0,0.9803594214544769,0.6422451503506837,0,At Risk
1e4441cae87883e23a6d7138a15eb6b7c7306b1b73c63a5cfe20d4092e617feb,1,3,0.077915,0.0,0.9803594214544769,0.6422451503506837,0,Loyal Customers
6c668ff16167078683139c2ce4b34382ed8b03eeeba79ec12b8504204a7e16a8,1,3,0.077915,0.0,0.9803594214544769,0.6422451503506837,0,Loyal Customers
6560b558ec22cff79f7e7cc56d01358cf1ff36957ed817fdb3e373f9dc36fcd1,1,3,0.077915,0.0,0.9803594214544769,0.6422451503506837,0,Loyal Customers
157c9004725e47edbfbe25305a044f398d2cdf40162cf8c0d018d34c03c057ef,1,3,0.077915,0.0,0.9803594214544769,0.6422451503506837,0,Loyal Customers
67a3252479971e8b7978a8ec64a178aae564a070a5d5450b439e7e95e02e8125,1,3,0.077915,0.0,0.9803594214544769,0.6422451503506837,0,Loyal Customers
5e12913ef66796ee54a4c6ea9cd339a898fcd1ee85563d3e08b2104e142483e1,1,3,0.077915,0.0,0.9803594214544769,0.6422451503506837,0,Loyal Customers
55bab141a586901ef41f86083a44df7c46b3c2f805057bca9a2b482e5c71a75e,1,2,0.077932,0.0,0.6535729476363179,0.6423852795627221,0,Hibernating / Lost
1b1f754fba8d2ed632d3beff505b1ca47cb75d41bb180926158c0e730e31e4e8,1,2,0.077932,0.0,0.6535729476363179,0.6423852795627221,0,Hibernating / Lost
79e0181f55487e42f1ec142958854d450ac81ef3b394c1664341fa341c0d92e0,1,2,0.077932,0.0,0.6535729476363179,0.6423852795627221,0,Loyal Customers
6e225b390ac7135812e500fcbe44350da3c7a1dbf7766a2a8b9ed75ecc30635a,1,2,0.077932,0.0,0.6535729476363179,0.6423852795627221,0,Loyal Customers
789fbd4c6b8d026ebea78d26fd3ca1e092e43635be56d585ff942ff3a491b8d5,1,2,0.077932,0.0,0.6535729476363179,0.6423852795627221,0,Loyal Customers
4baf39ae7c2c7a3f3d5c164105e42f65c17123b5c653f6cf05ed3fe13b7136e8,1,1,0.077949,0.0,0.32678647381815895,0.6425254087747603,0,Hibernating / Lost
53f61faa4c4f2c3e838c226ab57c61142087f69a6b1464fab9a979fc3cc6c2bd,1,1,0.077949,0.0,0.32678647381815895,0.6425254087747603,0,Recent Potential
658dbc5c92745f37b8955b6ade5d18145fecc3a34f16ac07a8af3c2c21a25664,1,2,0.079203,0.0,0.6535729476363179,0.6528619988862889,0,Loyal Customers
549e6a0e0c8d8a82cc6d6bb725b62c85c09a6af9a6d16dd6e21dbf00ee866520,1,4,0.079593,0.0,1.3071458952726358,0.6560767278683434,4,Loyal Customers
66c7ba7ab183a42ff057af2b12a944a3bc5aede814758985cfd28f0eca20e9fb,1,4,0.079593,0.0,1.3071458952726358,0.6560767278683434,4,Loyal Customers
598c35713306cb70aeb7c79b73d356a92459074e65cd0f007dc932b44d514aae,1,3,0.07961,0.0,0.9803594214544769,0.6562168570803816,0,At Risk
3f9b046bcf4629a37299d894eb0a6ad67f945e1760208ed64bc7f7954e6dec8a,1,3,0.07961,0.0,0.9803594214544769,0.6562168570803816,0,At Risk
6f28efb9a2c7ae752c903bafddaa0368f49d1f573ba60991dbb0f57710663b90,1,3,0.07961,0.0,0.9803594214544769,0.6562168570803816,0,At Risk
400eda384371eb3487439174664b5d68e824a85f9919d30df5215d3096ab2146,1,3,0.07961,0.0,0.9803594214544769,0.6562168570803816,0,Loyal Customers
77de23a4e258b55741b5086e08f40b817441aeb087f3ac2889b4025e55beab74,1,3,0.07961,0.0,0.9803594214544769,0.6562168570803816,0,Loyal Customers
6188124bd4e6402656222be1473cf9a3508c4ef3d183dbb494266ed7b517fd3c,1,2,0.08,0.0,0.6535729476363179,0.659431586062436,0,Hibernating / Lost
70bcb49523f72b31d78dc833e6b34b0a82021ef5f288aedbb98457fdfbe236fd,1,2,0.080475,0.0,0.6535729476363179,0.6633469611046817,0,Loyal Customers
610af1e14e301ff89abf8b588a3cbf4bac66dfa0d08c9c6243e9121a6c5341d5,1,4,0.08078,0.0,1.3071458952726358,0.6658610440265448,4,Loyal Customers
7b9ec424c356f895f081017f25731dffff325b526b47a6c675847270c2f4cec8,1,6,0.081254,0.0,1.9607188429089537,0.6697681761739648,4,Loyal Customers
1c0998b0add893af290b42b666cbf72a6d8e8d68b1ffa5a49b57b6822a49c30f,1,5,0.081271,0.0,1.6339323690907948,0.6699083053860029,4,Loyal Customers
7cec240ffb77d08582bc46ed49958a0667681f28b91a2286e438daf540dd2bec,1,4,0.081288,0.0,1.3071458952726358,0.6700484345980412,4,Loyal Customers
3e23eb63d4d342cea841fff65d4e6a67bf7f608cbbb97b0d8b698c023f7fff05,1,4,0.081288,0.0,1.3071458952726358,0.6700484345980412,4,Loyal Customers
6f34a7bb0802ee05155c5f9277c248879e5e22e6f87ba603bf9a0e2757c0970d,1,4,0.081288,0.0,1.3071458952726358,0.6700484345980412,4,Loyal Customers
44a0d7d23a42e757702e0e8dcddd754b4f52a9b5bc5d7162e747922938f41cb0,1,3,0.081305,0.0,0.9803594214544769,0.6701885638100795,0,At Risk
70fffc6663fc45620a205e7d80df3d606deedd8d1fcc3cbef2b072b9d6c9f8e4,1,3,0.081305,0.0,0.9803594214544769,0.6701885638100795,0,At Risk
79286cef723f61a7f6ed123cd333991bf4caa276ac9f9a1847e66d4b89eb0e89,1,3,0.081305,0.0,0.9803594214544769,0.6701885638100795,0,At Risk
7a82d900dc4f870c8e823a3e51e82a7676d4c61f5d51f538e88c66ad4f0fa8b4,1,3,0.081305,0.0,0.9803594214544769,0.6701885638100795,0,At Risk
4df33a62efcd7ec9e17d98a9f3ab4bc60095e4879b1243411240a90d708541a1,1,3,0.081305,0.0,0.9803594214544769,0.6701885638100795,0,At Risk
786f63679e0432ebc065e0f09ed9db02c4b7896f926a25d141d449c42df58e1b,1,3,0.081305,0.0,0.9803594214544769,0.6701885638100795,0,Loyal Customers
5b61ae8fa0960d48affae53b509d0b6fe88b9f9ad1ab7bc2b47ad1683306eee9,1,3,0.081305,0.0,0.9803594214544769,0.6701885638100795,0,Loyal Customers
44dc938497b819119c59eb8dd633da7da96a6d7a729eb82bde358c77b9dd6588,1,3,0.081305,0.0,0.9803594214544769,0.6701885638100795,0,Loyal Customers
138f343915a54dfa96e65d8981865910efec1a24e613ae09f575833826f75d64,1,3,0.081305,0.0,0.9803594214544769,0.6701885638100795,0,Loyal Customers
11bdf4b99efd713ca53995f35c6f178106e33872e76a64e69103a9164c5c9b28,1,3,0.081305,0.0,0.9803594214544769,0.6701885638100795,0,Loyal Customers
50ef7858c4ab0da4056d4c78a7973a6ee4bfb665ec28463c73a9e94b1bc41142,1,3,0.081305,0.0,0.9803594214544769,0.6701885638100795,0,Loyal Customers
5190957c2af1f5531236a997582a1c22e08f8fb95fd05d58bdd77276fa89e204,1,3,0.081305,0.0,0.9803594214544769,0.6701885638100795,0,Loyal Customers
59ebb6850cc5a7bddaf8a844ce8fec2c06ab950e790c0dc7669b3fa448f532e2,1,3,0.081305,0.0,0.9803594214544769,0.6701885638100795,0,Loyal Customers
17e1b5adb27a1f0a768a3ba047d811a2dfcd53c4404ada6cb1b92c7f62d64852,1,3,0.081305,0.0,0.9803594214544769,0.6701885638100795,0,Loyal Customers
7e65abfa008c4e1ce6f1576ca0a1c81edac557c6c5a476eaa368826218b39eb9,1,2,0.081322,0.0,0.6535729476363179,0.6703286930221178,0,At Risk
65f0c2328c788342a386ede8ba5dc9dff27a8af2ca32009a1d6c1456475a4489,1,2,0.081322,0.0,0.6535729476363179,0.6703286930221178,0,At Risk
5100e768d723bcea445f052214086193ff5a902ad6f98be103ada32a9272bd1c,1,2,0.081322,0.0,0.6535729476363179,0.6703286930221178,0,Loyal Customers
445e73b357031d6f81dd03c820d4a0146ac72b31a12a56d49eafc7c07fb417df,1,2,0.081322,0.0,0.6535729476363179,0.6703286930221178,0,Loyal Customers
59a2c4a93b474d5f1191870fff94493aa8dc18b75b16813daafa3366bcee2b26,1,2,0.081322,0.0,0.6535729476363179,0.6703286930221178,0,Loyal Customers
163df35f5582a90aa0f9eef06d20c888b27e9bc70e5272dd8abce52b370d2028,1,2,0.081322,0.0,0.6535729476363179,0.6703286930221178,0,Loyal Customers
1db2f3395fb7b6a4e2c09506b800fb24691aca73345db3ffdfe308ba04cfd0e2,1,3,0.081322,0.0,0.9803594214544769,0.6703286930221178,0,Loyal Customers
453dc518eb844bc6668089068cc71373425880bb5ca1edff339c187abe67cb33,1,6,0.08178,0.0,1.9607188429089537,0.6741039388523252,4,Loyal Customers
40f59c2c5e45dad19e9548194d4b071670960a8482d4aa9564c8e70d9975334e,1,4,0.082305,0.0,1.3071458952726358,0.67843145863586,4,Loyal Customers
118d9e7c0dfc21ba54fe603f01f404b30f73a0445b13ce02d317c4371b0760cf,1,4,0.082305,0.0,1.3071458952726358,0.67843145863586,4,Loyal Customers
62e202323883ee0693b152f53bdfd879b4ffdfe79e087d4eed3eb3afadf0eadb,1,4,0.082983,0.0,1.3071458952726358,0.6840201413277391,4,At Risk
75a687a65085238ce140fb6411828ca21164a5d726dc431016ddd6fd9eea2d8e,1,4,0.082983,0.0,1.3071458952726358,0.6840201413277391,4,At Risk
6e3776e2676f9ea2f7c73081c9d0ae2235786dcd4722cff57aa40d32e234458c,1,4,0.082983,0.0,1.3071458952726358,0.6840201413277391,4,Loyal Customers
1e5aa91c39409de9c17be202f04470e85d8350fb6d15fb87adf4e9357ad9b44a,1,2,0.083017,0.0,0.6535729476363179,0.6843003997518156,0,At Risk
5a36fe17d579186ce1d761f199161ce0bb7f73f46e513186cb2cec9ca2bc5b9d,1,2,0.083017,0.0,0.6535729476363179,0.6843003997518156,0,Loyal Customers
3dbc966a9cac9b97c7b145774847593022a4fe4e1b876595688b0f91d6268780,1,5,0.08339,0.0,1.6339323690907948,0.6873749995218318,4,Loyal Customers
630d835052a7384cc3c221ad0f7cc1ea5f49a42ffa7c921e3bd126c8d91b6c13,1,5,0.083814,0.0,1.6339323690907948,0.6908699869279626,4,At Risk
68c50db07b0381d65d44a5c4939a10f93c44e6134841283837ba33ddbc9c8a4b,1,3,0.083847,0.0,0.9803594214544769,0.6911420024572135,4,At Risk
7daafdb36a4a061e0e174c2ae178255047d951043ef56ca719f48b1ff76a90aa,1,2,0.083864,0.0,0.6535729476363179,0.6912821316692516,0,Hibernating / Lost
6eed5616d1eddbc861f362fb560cd4cd1746a808113b2b778dc35d87d7a57a7e,1,2,0.084085,0.0,0.6535729476363179,0.6931038114257491,0,Loyal Customers
7e32a5a600f3f3b390ee725fb2236bacc79b1e49816e80260ab20461aaac49c1,1,2,0.084186,0.0,0.6535729476363179,0.6939363438031529,0,Loyal Customers
5cd3806a9b132a15f4c152c131511d9054f20fa41e5478c4bae514ae2f9751b3,1,5,0.084661,0.0,1.6339323690907948,0.6978517188453986,4,At Risk
7cf1dfef183372b72c4162574b505cf3bc8099ae0fa9c3e60389caa1a3742611,1,5,0.084661,0.0,1.6339323690907948,0.6978517188453986,4,Loyal Customers
462507e8bbdf6e3afce0d7d7e291798324b665aee852fdf22488bc6d1a2daa2e,1,4,0.084678,0.0,1.3071458952726358,0.697991848057437,4,At Risk
5f2844130cdb2e5ced4c4e79bbc9e606476e2055e1217ca77087c4338c48a26d,1,4,0.084678,0.0,1.3071458952726358,0.697991848057437,4,At Risk
4510a5bc061f34661288423ba6d6fa189715f43e7b0180e587afd4d45cb7cdb9,1,4,0.084678,0.0,1.3071458952726358,0.697991848057437,4,At Risk
63f608a6c76ea08dfb14653a06e0a4ac3906fec3b5af09fd594106cee5bb93b5,1,4,0.084678,0.0,1.3071458952726358,0.697991848057437,4,At Risk
5b9f891a198bff20ce6c337283e5ce4eeed3fc887674730e33c389a5591488ca,1,4,0.084678,0.0,1.3071458952726358,0.697991848057437,4,At Risk
5ed260c1571364a8af620118bb80fb84d8e7598a6aff64a0002d755b5691b553,1,4,0.084678,0.0,1.3071458952726358,0.697991848057437,4,Loyal Customers
44f6f7aae0a456b7e1d4b194a9c4dcd305b158674def24f4f980723c39fa7882,1,4,0.084678,0.0,1.3071458952726358,0.697991848057437,4,Loyal Customers
71a26213afce00aa556cd85d3eaec48cef2adf0186096796aa38633e6ee4df1a,1,4,0.084678,0.0,1.3071458952726358,0.697991848057437,4,Loyal Customers
557d214e04ecd7adc2d88195fa49751066d982f5c36e063918f6e537cd805e47,1,4,0.084678,0.0,1.3071458952726358,0.697991848057437,4,Loyal Customers
1c2930684eb0431a55f07493c4e83e7bb527181c4dd3cabcdfdeb5b8322f9341,1,3,0.084695,0.0,0.9803594214544769,0.6981319772694753,4,At Risk
53c12820f67e96adad4c631764d0306c7030811f98756a3a02abf213ce18085f,1,3,0.084695,0.0,0.9803594214544769,0.6981319772694753,4,At Risk
7a2fb795c35d1b27217d1f7806de1df07d78a5ca6edf727dd484ef7853ac1a23,1,3,0.084695,0.0,0.9803594214544769,0.6981319772694753,4,At Risk
6ad3de45f6e7f46ec4c9c5bab78d362800fc78f88940e9dbe9eaa9981bff04ae,1,3,0.084695,0.0,0.9803594214544769,0.6981319772694753,4,At Risk
3f18996a0e2426be46310f755923bef041bf8dd311d501165d09ff843a3e79b6,1,3,0.084695,0.0,0.9803594214544769,0.6981319772694753,4,Loyal Customers
6247f0f561edf77d6895d702a990536bb7d218f0d3c8c78c13f70f473258ca5b,1,3,0.084695,0.0,0.9803594214544769,0.6981319772694753,4,Loyal Customers
7ea08ee88068119123c522a039cb87b9e246df8e1e39a4ae584994eff68108ce,1,3,0.084695,0.0,0.9803594214544769,0.6981319772694753,4,Loyal Customers
63292493289b800e1ed5ada76328e38085216b124e39300a117a460969223f6d,1,3,0.084695,0.0,0.9803594214544769,0.6981319772694753,4,Loyal Customers
5fcb8ff35b33a8d30541878143620a1d500fdfd9d096712d6b4b42cfea39a9de,1,3,0.084695,0.0,0.9803594214544769,0.6981319772694753,4,Loyal Customers
12db8580f13645506c0edf19795a8018dc08bf9772e303df14456a823144db5f,1,3,0.084695,0.0,0.9803594214544769,0.6981319772694753,4,Loyal Customers
4f03b0e64a76f5399e5c85ec547117c7fc8a06e574d1530065c5d4e5fda68081,1,3,0.084695,0.0,0.9803594214544769,0.6981319772694753,4,Loyal Customers
73bbed0a54091503ee3ba4a6a877ce521581b311cc99142b160ad7e6919a4dcb,1,3,0.084695,0.0,0.9803594214544769,0.6981319772694753,4,Loyal Customers
43edb62d59e2d679bc4fa028b61849ccf79faf71f55fa381a9083843b174c36d,1,3,0.084695,0.0,0.9803594214544769,0.6981319772694753,4,Loyal Customers
14032ad0b6d9bea6142f4de3c39af03f863b983498494c4fd9168bc9fe90d2f8,1,3,0.084695,0.0,0.9803594214544769,0.6981319772694753,4,Loyal Customers
1e05eb0fe4d319c349548b4313c11b39d416c1d85e0791f068b87dbd3092fdb0,1,3,0.084695,0.0,0.9803594214544769,0.6981319772694753,4,Loyal Customers
5a2f5be688f3aa3a6bee89ae41b362214fdd747ebc701ede6e295cf776c1721a,1,2,0.084712,0.0,0.6535729476363179,0.6982721064815134,0,Hibernating / Lost
41b64ea4cb43029e5b8e5d3389fb14b3553f885bbc5865cdfcd65ad90003c70e,1,2,0.084712,0.0,0.6535729476363179,0.6982721064815134,0,Hibernating / Lost
653f51a32ff54437d290c286a315bd3ee0a4355aab419152c2bdab0168c61919,1,2,0.084712,0.0,0.6535729476363179,0.6982721064815134,0,Hibernating / Lost
603937964a6f508bbf81ea5b18f37d6643577f3e8ab6443aaeee1698e1dd2a8e,1,2,0.084712,0.0,0.6535729476363179,0.6982721064815134,0,Hibernating / Lost
6e51bd5c5e37332cea1d39f24001169407b241c1d42dad2018e51735272371da,1,2,0.084712,0.0,0.6535729476363179,0.6982721064815134,0,Hibernating / Lost
1e43e34ddc7be6581322c3704a501d04bf26ccb83e0b72aa76bfe215ad56c095,1,2,0.084712,0.0,0.6535729476363179,0.6982721064815134,0,Hibernating / Lost
4f1a3bca35f0b31caa32efdef31de908591a50d5c6387c0347305012a6b120e2,1,2,0.084712,0.0,0.6535729476363179,0.6982721064815134,0,Hibernating / Lost
51d892ea31b722a94919c3e228cf3e122013596451af806c41855937caf52485,1,2,0.084712,0.0,0.6535729476363179,0.6982721064815134,0,Hibernating / Lost
58f51dcecfde1c7ee2eba0ab7820e49683aec954cc232f6468c323d5a0553c8e,1,2,0.084712,0.0,0.6535729476363179,0.6982721064815134,0,Hibernating / Lost
74dd8f673ace8ea113d623103ef090072e9bc6b02e4ad9b2747159609b51bcc8,1,2,0.084712,0.0,0.6535729476363179,0.6982721064815134,0,Hibernating / Lost
7bf9436ac3b5b4db32c2044e09599d2f57e7135bb971fee98e3ac4f0a815425f,1,2,0.084712,0.0,0.6535729476363179,0.6982721064815134,0,Hibernating / Lost
787ff5f242814b8367536b7080bd35ed0bf151cecbf67eadae1d0ab3043b0984,1,2,0.084712,0.0,0.6535729476363179,0.6982721064815134,0,Hibernating / Lost
6853b9e9d060c453a5b200ec4277846460b29b70ee88ac4e00ee6ef837af510a,1,2,0.084712,0.0,0.6535729476363179,0.6982721064815134,0,Hibernating / Lost
1237be275b4ce67c4109257506e958ae87ae4f23ee85602c0d0489ea1bbae993,1,2,0.084712,0.0,0.6535729476363179,0.6982721064815134,0,Hibernating / Lost
1e2d28a43f178ae949ffb52b5ddeecb4137f551fb6e81a1900990d30f44fc189,1,2,0.084712,0.0,0.6535729476363179,0.6982721064815134,0,Hibernating / Lost
401208299bd12257ae0bf4b44c6c22f2826e2631d69f5c2199a92be45afc6616,1,2,0.084712,0.0,0.6535729476363179,0.6982721064815134,0,Hibernating / Lost
4b206cf89cfb42a0de12ef5845bc4f15e9b5676e790998dfcf7d28a37dc52203,1,2,0.084712,0.0,0.6535729476363179,0.6982721064815134,0,Hibernating / Lost
7605da95b8ddd9317a028750fba0af5283e25c917231bb6ff03bbfa9a2e4bef1,1,2,0.084712,0.0,0.6535729476363179,0.6982721064815134,0,At Risk
7d41eca1a583c576bd09731f6ea1cfa00785a198804fa3c3508e99afe3863506,1,2,0.084712,0.0,0.6535729476363179,0.6982721064815134,0,At Risk
165bfdc1406c6b0f4e1e8fbc4b22d5936447adaba7fb493bb9cc762a454e0c80,1,2,0.084712,0.0,0.6535729476363179,0.6982721064815134,0,At Risk
1b2c3c8e339ee13c28c3e6d308de19568852f3dfc6a2e146998bf82ec92138e9,1,2,0.084712,0.0,0.6535729476363179,0.6982721064815134,0,At Risk
511709947ec9bafbb2182cf35d82dead062d7bae0cec0142d73185c929efc9d7,1,2,0.084712,0.0,0.6535729476363179,0.6982721064815134,0,At Risk
7296b6cfa0919aff72b73675b08dca955a125e0610631b86f86a8f5f76118aa0,1,2,0.084712,0.0,0.6535729476363179,0.6982721064815134,0,Loyal Customers
7bc6bed1a2c64e7e427222dfb5a241d174659ec53b297197fd9a76741d80e87d,1,2,0.084712,0.0,0.6535729476363179,0.6982721064815134,0,Loyal Customers
7b860822704b15a0e394d9f5cf8a2cc3a0b934824a0edab3f9f4bb6de814fd13,1,2,0.084712,0.0,0.6535729476363179,0.6982721064815134,0,Loyal Customers
7866dc75ef546e5390d814550528ae96b00c8901d5abb1e78f470e2ac29425a0,1,2,0.084712,0.0,0.6535729476363179,0.6982721064815134,0,Loyal Customers
7965895ca5589dba60520db1532e91d22860d32c4b3b517e50ac8222cde32540,1,2,0.084712,0.0,0.6535729476363179,0.6982721064815134,0,Loyal Customers
54d3c69d6eac29e2489a0f8239ae4dd0b3ed4f9f8b3426dee36eef4b07688d8c,1,2,0.084712,0.0,0.6535729476363179,0.6982721064815134,0,Loyal Customers
5a7c2d5889e39e5d01138035b8b7da3524f325ea2601f96c3ba8e0627df5ce3b,1,2,0.084712,0.0,0.6535729476363179,0.6982721064815134,0,Loyal Customers
4ace46d5814a7dcf75a57dff093b2f9d545b7cdd71b202332fbdfa0197234ba9,1,2,0.084712,0.0,0.6535729476363179,0.6982721064815134,0,Loyal Customers
4ded9f482140fe51d1ad67263e43f653268531bd9e8aa93b5ae9abbf3c0126be,1,2,0.084712,0.0,0.6535729476363179,0.6982721064815134,0,Loyal Customers
4802bde229bc48eb3b3b9988c7e5ecab799525c88818b214c073ee19eb62665a,1,2,0.084712,0.0,0.6535729476363179,0.6982721064815134,0,Loyal Customers
472c6d3c6c0dd0998fbc0ec63bedc7174e26953377fad8d318f67daa03c9ebfd,1,2,0.084712,0.0,0.6535729476363179,0.6982721064815134,0,Loyal Customers
78fa11a9aeb81de88876a56ef6b9fcbda55a645b85bff06b66883d1d3470ae3e,1,2,0.084712,0.0,0.6535729476363179,0.6982721064815134,0,Loyal Customers
13ff96e7540b87d7a9b793eed5bb0ce81d5a6f1356cc524d1a5087a39672d2b0,1,2,0.084712,0.0,0.6535729476363179,0.6982721064815134,0,Loyal Customers
53c8bf6a6fab597fbe8d13e83cbd5765f4216debfac8296e0154cf51c902ebf0,1,2,0.084712,0.0,0.6535729476363179,0.6982721064815134,0,Loyal Customers
52635c75f006c0a253d1c63d6d4da0b5e66e3a09b92c123e151f8f23d7d403c3,1,2,0.084712,0.0,0.6535729476363179,0.6982721064815134,0,Loyal Customers
59c87455200d53fb17550f74e747bc0d21652ad2ef1b53a432841e807dd121e6,1,2,0.084712,0.0,0.6535729476363179,0.6982721064815134,0,Loyal Customers
4e26f6f42c9c11e6f1faaa89c82f628f22de7bafd2afef553dcae59ff3776b22,1,2,0.084712,0.0,0.6535729476363179,0.6982721064815134,0,Loyal Customers
4c6978ee35e330217437f29ac4c05cf9aee14dad9d7ba697c725e4ef6b07daa4,1,2,0.084712,0.0,0.6535729476363179,0.6982721064815134,0,Loyal Customers
742963a3258f6dc4a9800ead90185d52b8158f0b8450dc76cc82501ec4abc867,1,2,0.084712,0.0,0.6535729476363179,0.6982721064815134,0,Loyal Customers
7e92703548cc50a87bbb2a263719e4f91489910d6ab1c8f64fc2f7eb8a1df4ce,1,2,0.084712,0.0,0.6535729476363179,0.6982721064815134,0,Loyal Customers
7a22ce6a96581788f2452d16d4728ae6fa35b6b3cfc4287d46f0b41f076769e7,1,2,0.084712,0.0,0.6535729476363179,0.6982721064815134,0,Loyal Customers
65736c078afe89286485901c9aa4a72de15edfe2996d0db487e77531df1ab633,1,2,0.084712,0.0,0.6535729476363179,0.6982721064815134,0,Loyal Customers
5f8ae40a2fba6ef1ec1304abbc5238152d133d839cab7211e51feb3acae1c86b,1,2,0.084712,0.0,0.6535729476363179,0.6982721064815134,0,Loyal Customers
6d29f74bacfde730a0c8f525cbe4cbcb3aa69c59be0928db0fff06a26bdc39f4,1,2,0.084712,0.0,0.6535729476363179,0.6982721064815134,0,Loyal Customers
105a3fb413883adba44f59cb2d40967c1107dbd1414a4a76c15513fd6526d2a1,1,2,0.084712,0.0,0.6535729476363179,0.6982721064815134,0,Loyal Customers
551d5d28f2a3fe648d965a1caa150ae7177732a7514ba7af9a8e0e8973ab8416,1,2,0.084712,0.0,0.6535729476363179,0.6982721064815134,0,Loyal Customers
4266179bde4f810ac0b5697be2751832ab399226d8a42e45b60fe5bc6fa93242,1,2,0.084712,0.0,0.6535729476363179,0.6982721064815134,0,Loyal Customers
3fc278dcec59b39e90c1e82b5234556371233b885097be51bd4e65024b48b386,1,2,0.084712,0.0,0.6535729476363179,0.6982721064815134,0,Loyal Customers
7ba3745777efd3b114e759f79dbd5feb34977299ab035b128370c87593f72dd6,1,2,0.084712,0.0,0.6535729476363179,0.6982721064815134,0,Loyal Customers
78f1741de753dfe49c213185622f09b6385e8e454a94b90a9b14c2eea7fc7c56,1,2,0.084712,0.0,0.6535729476363179,0.6982721064815134,0,Loyal Customers
614756e7629527aefe145df74f10a6ca903f08475f193fc883c580370a010553,1,2,0.084712,0.0,0.6535729476363179,0.6982721064815134,0,Loyal Customers
6b3e517d4b19408892fab579541b948ccfd42f19895e86d130e686d6ab7ae0a1,1,2,0.084712,0.0,0.6535729476363179,0.6982721064815134,0,Loyal Customers
5ddb5bf39c83b8fa9c6215b9bafec5449a5b7cb71ff08663fd68333305cdb594,1,2,0.084712,0.0,0.6535729476363179,0.6982721064815134,0,Loyal Customers
590474746940c5a3fcf0d2aa61f42c4c55f0b4f97a7ab307718367d644ea8087,1,2,0.084712,0.0,0.6535729476363179,0.6982721064815134,0,Loyal Customers
56faace3f0efcf14185fd06b12585261443c2d7ff5b851c79994d0a9c1ecb3ed,1,2,0.084712,0.0,0.6535729476363179,0.6982721064815134,0,Loyal Customers
6f7a5db18b86c95272ced77c40d3fb87f1db2e856066127f880b52e122385eeb,1,2,0.084712,0.0,0.6535729476363179,0.6982721064815134,0,Loyal Customers
727510535ecab88a88c236779a016a3d07b59131ede602892bed3b4f9647d198,1,2,0.084712,0.0,0.6535729476363179,0.6982721064815134,0,Loyal Customers
668551242251b7cd1b819d3e37f294742ebe0ac4b63a3d9ace3da271f3f5dc9b,1,2,0.084712,0.0,0.6535729476363179,0.6982721064815134,0,Loyal Customers
123993905c4f7bcec76e4b718c5825c6cac2a5d0deec8e02016d5b05218aaaf3,1,2,0.084712,0.0,0.6535729476363179,0.6982721064815134,0,Loyal Customers
1822495fd09f20f2c30d3956f1c6c375825b37b501a2170f04465eec9a35283f,1,2,0.084712,0.0,0.6535729476363179,0.6982721064815134,0,Loyal Customers
502fb87be94495a1f392742b4671ddb93a1db62167aa18a77cb9b6eaa5afd932,1,1,0.084729,0.0,0.32678647381815895,0.6984122356935517,0,Hibernating / Lost
78311ebc7e75e078c282c8feb3daf7a44f3cb0c9a81643c2ec0f7fb87493ce3b,1,1,0.084729,0.0,0.32678647381815895,0.6984122356935517,0,Hibernating / Lost
5e1c3ab5de942c73a447b2ad0c147cafd8fd84255d0f02081738ffda0c9cea40,1,1,0.084729,0.0,0.32678647381815895,0.6984122356935517,0,Hibernating / Lost
183e21f7d74e7e0d44e1d4ce2760035d8bac047bc87381a1bedec9a2e9011b36,1,1,0.084729,0.0,0.32678647381815895,0.6984122356935517,0,Hibernating / Lost
5cd42c6783cabf3440b6d311961d88a85baabea53e12625129aacb94f2107eaf,1,1,0.084729,0.0,0.32678647381815895,0.6984122356935517,0,Hibernating / Lost
426ca6e53ab24b2b88e38b50d3b5e18001e7575380c8516b48a926657fa9826d,1,1,0.084729,0.0,0.32678647381815895,0.6984122356935517,0,Hibernating / Lost
7671fc4620162c5a3295379260725514eaa9f204191816da5127af924f996ff9,1,1,0.084729,0.0,0.32678647381815895,0.6984122356935517,0,Hibernating / Lost
63267ac75bc188171488097c2e94410def79836af73b724cb520621c97f8256b,1,1,0.084729,0.0,0.32678647381815895,0.6984122356935517,0,Hibernating / Lost
1c2fbd426c04eaa480c22ffcf83997d2cfb779e69470d790cd526259b22437d4,1,1,0.084729,0.0,0.32678647381815895,0.6984122356935517,0,Hibernating / Lost
5e642ae1c2107b5ab6bbfd27d0917c2d15a3298de13ce8ea7c855bf86b1dc36b,1,1,0.084729,0.0,0.32678647381815895,0.6984122356935517,0,Hibernating / Lost
7c78cb9e6434ec1a520303dfa1ffa2e9f251c344cfb35502b2b1337d75e5ac94,1,1,0.084729,0.0,0.32678647381815895,0.6984122356935517,0,Promising / Needs Attention
5827c4748e12b5468638ac9cbb94e52758b41b8f862f83195af219e9e57986f0,1,1,0.084729,0.0,0.32678647381815895,0.6984122356935517,0,Promising / Needs Attention
4bd888b0b94645273bfb1cd8b9ab0bae72b0ae321fe05687a3a348191d33deb3,1,1,0.084729,0.0,0.32678647381815895,0.6984122356935517,0,Promising / Needs Attention
63e87d7d220b2cfc9d4a1894e6d2d0236896828ec423e0a32fb860f8dc657511,1,1,0.084729,0.0,0.32678647381815895,0.6984122356935517,0,Promising / Needs Attention
67716cc08a31c7453c25f188ce5038c05568b7feaebaae0654c33a578901d2c8,1,1,0.084729,0.0,0.32678647381815895,0.6984122356935517,0,Promising / Needs Attention
10511e79bcaf7fae800f941095b456607e8d37e83f76f4c5099c6233f142d955,1,1,0.084729,0.0,0.32678647381815895,0.6984122356935517,0,Promising / Needs Attention
73fa287bf2e144aff5b2dd93662fab06ef1c50a9a734cb90d194feadf4f46d09,1,1,0.084729,0.0,0.32678647381815895,0.6984122356935517,0,Recent Potential
6eb6bd641c94987b91721202b7046a3ef439772fc657ce1ded25b7decec4b319,1,1,0.084729,0.0,0.32678647381815895,0.6984122356935517,0,Recent Potential
1096671b60245831621f912ca6004ccb7b9f6b87dec307abfdb21ef81a315885,1,1,0.084729,0.0,0.32678647381815895,0.6984122356935517,0,Recent Potential
42185e584245b01df9581f8d7e57f93f924e166580f70f63b3c4879c5964544c,1,1,0.084729,0.0,0.32678647381815895,0.6984122356935517,0,Recent Potential
4dd462ea1b54a87d40a4908e59e40ab9247e6f187fc2b26cd714c55ec8746dcb,1,1,0.084729,0.0,0.32678647381815895,0.6984122356935517,0,Recent Potential
11f83158cbe3910d1d41679ea0dcaa003441ebf7dd439ef0e9bf223474b22e40,1,1,0.084729,0.0,0.32678647381815895,0.6984122356935517,0,Recent Potential
59655717947a5bf2af01a2ce164c21f5e9b28e341a1529a2e54b6a1492216d00,1,1,0.084729,0.0,0.32678647381815895,0.6984122356935517,0,Recent Potential
4df743d8e91aa7385fe863d61a0a9726d1798d1e1bc163e3a46ed7f5f162aaa2,1,1,0.084729,0.0,0.32678647381815895,0.6984122356935517,0,Recent Potential
7e5398c261d33870e333bc930d947af1ce6e9c6c29a090cc4311d033f1e4808b,1,1,0.084729,0.0,0.32678647381815895,0.6984122356935517,0,Recent Potential
6338607e688dab9f2ed28a6f69e338144830d48b117cfa1a69bb9a3d07ebc22f,1,1,0.084729,0.0,0.32678647381815895,0.6984122356935517,0,Recent Potential
65fe54e11051021f01a5679d83dd85a7bc42bcf4b22a01fef6d0cc1f18142ac2,1,1,0.084729,0.0,0.32678647381815895,0.6984122356935517,0,Recent Potential
177672d82517cbe52cecc5862acff153ff33775dabc57efd9cdcc90ddc8a9916,1,1,0.084729,0.0,0.32678647381815895,0.6984122356935517,0,Recent Potential
42870786ea261804aeba19838f817cc91390bcdb1fafcece311332bf70efb67e,1,6,0.086339,0.0,1.9607188429089537,0.7116832963630583,4,Champions
102c50e3bd9bf8cc7a213408632e243bb5b2b848e9c4f397a19aec915b3e5db3,1,4,0.086373,0.0,1.3071458952726358,0.7119635547871348,4,At Risk
5ea1de2f0b41d205f062a0ea00bda8ba943da36ccbf8abd1e4462081aebff70e,1,4,0.086373,0.0,1.3071458952726358,0.7119635547871348,4,At Risk
619eb864250084032950ff9a67c211dbae9486cdb612ceab735c083f92e76836,1,4,0.086373,0.0,1.3071458952726358,0.7119635547871348,4,Loyal Customers
1d76afec8ba0faef85b309864f3af35146d9866c22517eb27329630ab2504bd8,1,3,0.08639,0.0,0.9803594214544769,0.712103683999173,4,At Risk
4598b5157c2a016de8ad311c1eac1d229900ab6743e72f44e2c0a833df601f24,1,3,0.08639,0.0,0.9803594214544769,0.712103683999173,4,Champions
6d9d65678c281f8c50f956ca43ec6009d8ee3a01995284aa0864c034428ebed5,1,2,0.086407,0.0,0.6535729476363179,0.7122438132112113,0,Loyal Customers
170833500ce10828a7d47a9bf983a9e383ef7d52c9f466419f62005e32ba836a,1,2,0.086407,0.0,0.6535729476363179,0.7122438132112113,0,Loyal Customers
4797271107cc3b3c87dfd6b167fa71414fb9c079d5fd22e43a90cdc243773e1f,1,2,0.086407,0.0,0.6535729476363179,0.7122438132112113,0,Loyal Customers
7108a735ee1db03cecd0da02acea33581e02b1b50254614c3a7283fac79f66d4,1,2,0.086407,0.0,0.6535729476363179,0.7122438132112113,0,Loyal Customers
7143c6656f6a3d80cfb57e6756d1acf44b2ee1a0947b9b7305ebdde19d86d261,1,2,0.086407,0.0,0.6535729476363179,0.7122438132112113,0,Loyal Customers
5b30c0155c04b1fc159af726a9b5ecfc5f93e50050e82ae0fc6c6c314300c789,1,2,0.086424,0.0,0.6535729476363179,0.7123839424232496,0,Loyal Customers
7bf0ea1f791373b71c621c06223eed78d6d314c588aa1d32a04268755c1b223c,1,3,0.087847,0.0,0.9803594214544769,0.7241135817603351,4,Champions
7f772a2eed551a4fa44dbfc50a2bce908a0f15b4ba82c6f6fcd5c34cdca6722d,1,4,0.088068,0.0,1.3071458952726358,0.7259352615168326,4,Champions
1e0c03913a993a99d678c49cf7a33850868ea0b2240e49ded609522ac54b2820,1,2,0.088102,0.0,0.6535729476363179,0.7262155199409092,0,Loyal Customers
428187d590a3298c6cfe5579f184338071b7bd7b48731280c25eef0f8085fbe4,1,1,0.088966,0.0,0.32678647381815895,0.7333373810703835,0,Hibernating / Lost
3da8beaebec677ad1ea2fe2ec2a19be250ad9198f4420d2f6c40a2b2cee065e1,1,10,0.089661,0.0,3.2678647381815895,0.739066192974301,1,At Risk
0f75b1033324f3a6cc76962c73149d33535f900e8f537214cf8cb31378a5d398,1,7,0.089712,0.0,2.2875053167271124,0.7394865806104157,4,Loyal Customers
422db1e0c27d09271c41a0282050c054d966170a7fb477d6f654609b823fc914,1,4,0.089763,0.0,1.3071458952726358,0.7399069682465305,4,At Risk
4c3f62bb1bd79df9a4a092442df23fa293e6e9be58d85c8202c199f6ca5995df,1,4,0.089763,0.0,1.3071458952726358,0.7399069682465305,4,At Risk
58c6d5ab48b335870e96c7bc228bfa9b368504cf991df1381be50cdc250df18f,1,4,0.089763,0.0,1.3071458952726358,0.7399069682465305,4,Champions
6e237fbe33d3e0bc15cdbab02fe48bf97e1ba1f5914d35daeab996007990c614,1,3,0.08978,0.0,0.9803594214544769,0.7400470974585688,4,At Risk
42e71a0228cb1c46f0e2c4d842e44ff2c21f3d05f1eb436d587ac05a14504e66,1,3,0.08978,0.0,0.9803594214544769,0.7400470974585688,4,At Risk
75e0c4efe3570805e3774119c8bad8c2631f6caf7ae33cfd7de52466be69f446,1,3,0.08978,0.0,0.9803594214544769,0.7400470974585688,4,At Risk
107944632ab34d4c01c052606e0c747084a2d7fe39f9db165ef47b8c30dbb796,1,3,0.08978,0.0,0.9803594214544769,0.7400470974585688,4,At Risk
6b4443b74dcbcfc28f638ce2b2e9d485ec45f0b397445504ce229849406b5eaa,1,3,0.08978,0.0,0.9803594214544769,0.7400470974585688,4,Loyal Customers
4cfd1ff7a9b6cf4e090e28e60b2968891b839e22b5e9ee7bbc1bebab3e50cee9,1,3,0.08978,0.0,0.9803594214544769,0.7400470974585688,4,Loyal Customers
5f9fe116d501cde5ba3e4b52b86750d28114453c9f0db676f85f77f88638b584,1,3,0.08978,0.0,0.9803594214544769,0.7400470974585688,4,Champions
43035a6c176b0b2ce3c021a9f9971130a0ffd65cfd1dffd8a9612f2e4aeb5979,1,3,0.08978,0.0,0.9803594214544769,0.7400470974585688,4,Champions
763b6f1ecc90ee6872dbdc887fe51283a8c96c0bed7ff28efb2e9b6dfa9497db,1,3,0.08978,0.0,0.9803594214544769,0.7400470974585688,4,Champions
64f84a2826bc6e28badaf04ca47ae1a580ce1bd97d7b4505b4dc14c799345a3e,1,3,0.08978,0.0,0.9803594214544769,0.7400470974585688,4,Champions
3e1aff2e96c9cef11227d6052085e1f81aa6c0bcb07a0d0b40faf3c15739aa51,1,2,0.089797,0.0,0.6535729476363179,0.7401872266706071,0,Hibernating / Lost
6b7dcf8c0b3583acb56f83eb89e4e898e841d4876cd24cce8aa58254da3147cc,1,6,0.091424,0.0,1.9607188429089537,0.7535984165521519,4,At Risk
620c866fa8d09b2035d64ec1dcd7f027b5b0df9433aa6b2f9c7aafa67eedcee1,1,6,0.091424,0.0,1.9607188429089537,0.7535984165521519,4,Champions
1dda90e3e2c1b0a8eee5d1b70c9579902b906ceec652d38b681f30bcffe6400d,1,4,0.091458,0.0,1.3071458952726358,0.7538786749762284,4,At Risk
5fe0aff6f6af99e19cfa0a3238070fbe4920684da38fe3309b865e646da8894f,1,4,0.091458,0.0,1.3071458952726358,0.7538786749762284,4,At Risk
497d1e7613a43175a02b1339e60a5b3ed38162437df90193fe38def64752d85b,1,4,0.091458,0.0,1.3071458952726358,0.7538786749762284,4,Loyal Customers
1eb41f8cb58c67af3ad75e781984dacf6d453b88a44b8195f9e6d52f99558ce7,1,3,0.091475,0.0,0.9803594214544769,0.7540188041882666,4,At Risk
7b2ab41040f46c9c49e32cc6920e21234cb6edcc9f8a0829d9b8cb2ac1b30acb,1,3,0.091475,0.0,0.9803594214544769,0.7540188041882666,4,Loyal Customers
3f8aa3b044c51f6ecd641ef44c9c6b50fb79add6492eb8f47fba5f8de63a4dc1,1,3,0.091475,0.0,0.9803594214544769,0.7540188041882666,4,Loyal Customers
77e2330d50c4ed492352f02229581fe28a71160c0c0faa7d186ca1fe9ceef2ef,1,3,0.091475,0.0,0.9803594214544769,0.7540188041882666,4,Loyal Customers
6f74fd00c664eec532bc345b14f61ae9a4def0226d4c0abbce81fdbe6f9a2750,1,1,0.091525,0.0,0.32678647381815895,0.7544309489295556,0,Promising / Needs Attention
4e6fda97d5d4f876732e395f7eaba361f5b7dc4c4d3917588a9e24d40490bd83,1,5,0.093136,0.0,1.6339323690907948,0.7677102524938879,4,At Risk
57e6b8ae01e9b857e77824ca5b7ef31eccc04f24a1bba0e7dbdaf545b72b0513,1,5,0.093136,0.0,1.6339323690907948,0.7677102524938879,4,Loyal Customers
0fc1ad495d51c5a21f0d8c99c02f08e410a310aa47c54a36ba0ecdf9db0ca20b,1,5,0.093136,0.0,1.6339323690907948,0.7677102524938879,4,Champions
63129ca693cc49f2bb57027b34d142fb7654c406483368ef99d5cc3acb95b8a5,1,5,0.093136,0.0,1.6339323690907948,0.7677102524938879,4,Champions
3e50b677a027c3d2331c3180ee78806abdacb9d2032b22737ea3302be83ade70,1,4,0.093153,0.0,1.3071458952726358,0.7678503817059262,4,At Risk
17a7d2981dcad948257998ab103a5fb3f5d03d04acc79dfd8cad47810ffa30bb,1,4,0.093153,0.0,1.3071458952726358,0.7678503817059262,4,At Risk
546f212944287aa5363d47a8805ac7cfe481a9a588dba42b4c3066b12659743e,1,4,0.093153,0.0,1.3071458952726358,0.7678503817059262,4,At Risk
452c30990f8f98a16579aa80f41806215b44a5bb0aa9729979ff1c4cf6ccf9d9,1,4,0.093153,0.0,1.3071458952726358,0.7678503817059262,4,At Risk
42d7b3b512c13bb06a29c34d30cf9ed0d4625649ac22ac02446e07e83b160c72,1,4,0.093153,0.0,1.3071458952726358,0.7678503817059262,4,Loyal Customers
7c2fedbcf37990f2830b8c946d2e9f148bfa706d5379bbf4e105174e1c75609d,1,4,0.093153,0.0,1.3071458952726358,0.7678503817059262,4,Loyal Customers
4131a20b1c866fbfbfb215ab6f3ab39eb328ce97f99c303c7742e882047ee251,1,4,0.093153,0.0,1.3071458952726358,0.7678503817059262,4,Champions
471f363fef5a1edf455c1050f0f424e1b2a3a1e70ca7791cd195ce2d865b3f0d,1,4,0.093153,0.0,1.3071458952726358,0.7678503817059262,4,Champions
7bfffc3b47f9c9af98d63180b9c1ff87a944a6e33357372e87afe928368a48e4,1,4,0.093153,0.0,1.3071458952726358,0.7678503817059262,4,Champions
54379cac12fed6e91d95beac2879679be3c51bb96f14620254fcced0d0c9335f,1,3,0.093169,0.0,0.9803594214544769,0.7679822680231387,4,At Risk
4110f170578cbad83c3a9d313356dad3dbb22cedcf6f8081f8a3b241e656e9a7,1,3,0.093169,0.0,0.9803594214544769,0.7679822680231387,4,At Risk
725aa5af454f2651b6848e41e09d0beb991b95edd8c47306742e23fa34cf7d48,1,3,0.093169,0.0,0.9803594214544769,0.7679822680231387,4,At Risk
5e78c58a5ee2ed275d6ae3fbc62caa13408701334990928ba9af76b892ac959e,1,3,0.093169,0.0,0.9803594214544769,0.7679822680231387,4,At Risk
75559fa294321f4b6c51438bdf77ee1601adfb518ab424db0e5ea829bba8b04e,1,3,0.093169,0.0,0.9803594214544769,0.7679822680231387,4,At Risk
1ae801246a31ac6fe768104c305a0882fe4fe375f24378cce96e967263cc4452,1,3,0.093169,0.0,0.9803594214544769,0.7679822680231387,4,At Risk
732a2fb0d6b9c6fccdee0fe8447d29082f911b2f8812e3dd5046b4a4cfa5c084,1,3,0.093169,0.0,0.9803594214544769,0.7679822680231387,4,Loyal Customers
62addbc97d4263e00b80d8bc1a2027407eb406a3ec33d0e409a594e2962dbead,1,3,0.093169,0.0,0.9803594214544769,0.7679822680231387,4,Loyal Customers
6513a15d9c496a17a581fd49c0e5cc96908f43f82d7f3c42773a50f143697b65,1,3,0.093169,0.0,0.9803594214544769,0.7679822680231387,4,Loyal Customers
65e6058b60314ecbd1604aa6e8072b59f08af2459d26e9b92b67f4af8a8b1c15,1,3,0.093169,0.0,0.9803594214544769,0.7679822680231387,4,Loyal Customers
660a85b46ac1256c3ad00541af5c6f06d5b90e1b3939f15ea149ded3d4f4672d,1,3,0.093169,0.0,0.9803594214544769,0.7679822680231387,4,Loyal Customers
4169a51fc58e132bd07922d11102958abdc2ff43dbdccba856e219d32e5a2633,1,3,0.093169,0.0,0.9803594214544769,0.7679822680231387,4,Champions
0f3af07f965152890d2884e57c32ae8385fb820843f1f2b8450849c94b2d055c,1,3,0.093169,0.0,0.9803594214544769,0.7679822680231387,4,Champions
50eb580d6643bfc93e3c13abcf45d8b9dfe622c22ce8a19e6a3cacaaf690919b,1,3,0.093169,0.0,0.9803594214544769,0.7679822680231387,4,Champions
470819073e3314e3f040619e29e1be09e90a31778b69262f095c73bc68c7b03c,1,3,0.093169,0.0,0.9803594214544769,0.7679822680231387,4,Champions
704e4383175110802fe3e3d0084d494eff46cb2ef5e8a31d0e1cf58450a4629e,1,3,0.093169,0.0,0.9803594214544769,0.7679822680231387,4,Champions
178a011a1e961cbadba21b8e4aa745cd2808952d56ea0f1f95877b04679bbb56,1,3,0.093169,0.0,0.9803594214544769,0.7679822680231387,4,Champions
789379438ad790c39cf8085c3233faa51c13516d49e1d9ac9de495c922166c0e,1,3,0.093169,0.0,0.9803594214544769,0.7679822680231387,4,Champions
6c4b2ea7ff8c0648071277a53dbbe015bd1ab2fbd478fe079231950408397624,1,2,0.093186,0.0,0.6535729476363179,0.7681223972351771,0,Hibernating / Lost
4b3f6d65ba216ac1397704fa7d4e9594f8a97959f937423bac01d39a6ac5d7b8,1,2,0.093186,0.0,0.6535729476363179,0.7681223972351771,0,Hibernating / Lost
627c0155bd0327d8a5022ea92543ac17043b6f9d6490a5f963ae8dc6051308ae,1,2,0.093186,0.0,0.6535729476363179,0.7681223972351771,0,Hibernating / Lost
6bf946f6df868a0cc676d3904d51da53100606a3d8d324ee50e353af4f56bc45,1,2,0.093186,0.0,0.6535729476363179,0.7681223972351771,0,Hibernating / Lost
4ea525a2d4f07f814870af667668a9ce8ad1c213f1df3414d6243df72aa5f0c6,1,2,0.093186,0.0,0.6535729476363179,0.7681223972351771,0,Hibernating / Lost
4df4ce0b402fd1bcb8a634128f1494b625bab8e973732960c71076ee5352295b,1,2,0.093186,0.0,0.6535729476363179,0.7681223972351771,0,Hibernating / Lost
6459e416893e02f74ccf8017c96795cc1ee26d9e8003b82e53de4b4bb7a29923,1,2,0.093186,0.0,0.6535729476363179,0.7681223972351771,0,At Risk
5de3e844f6e812f88313fef7ceb4be86af23b8699b10e35b3996bdb625854d9b,1,2,0.093186,0.0,0.6535729476363179,0.7681223972351771,0,At Risk
4b27496bf6244f6319295542cbc07d08d7933b5a98687692c77e8f3e7ae10914,1,2,0.093186,0.0,0.6535729476363179,0.7681223972351771,0,At Risk
1449ea4b10ced57b32ecfc1a688ec61e08975adb307f1870cdc240fcbf0dd2a1,1,2,0.093186,0.0,0.6535729476363179,0.7681223972351771,0,Loyal Customers
43fcbbc4a5aec961c8dfb37bd6dd9061330d7187f952706b7b031bde43a6335d,1,2,0.093186,0.0,0.6535729476363179,0.7681223972351771,0,Loyal Customers
490e2d3674950718bfd2cf2f77e0d369e7476ccc8fcea5a12d8e33d3675e420b,1,2,0.093186,0.0,0.6535729476363179,0.7681223972351771,0,Loyal Customers
6ad740deae62ae8095d8b536d14aad9a7679ab344accc41009d036b18a56c7ab,1,2,0.093186,0.0,0.6535729476363179,0.7681223972351771,0,Loyal Customers
67b019bb7b4f0ca0d9a463f46e9499ea78244220dd666363518103af66d9af90,1,2,0.093186,0.0,0.6535729476363179,0.7681223972351771,0,Loyal Customers
0f5eae4b9251a9e7050f3d2f0d636fa37580a5e10968faefd935bbd85f3dbe20,1,2,0.093186,0.0,0.6535729476363179,0.7681223972351771,0,Loyal Customers
6197ea75e8d40938d1d832f3ddddb78799e3ca271aaa3809db410eee68b48f11,1,2,0.093186,0.0,0.6535729476363179,0.7681223972351771,0,Loyal Customers
6ad8a8dc5ad2cf347e175a627b3910a2457031ee3b8718c63407ab0cbc0431f6,1,2,0.093186,0.0,0.6535729476363179,0.7681223972351771,0,Loyal Customers
6679490966e525609c0f01c2a00d795c45184645216c72d801e65ef4437e859d,1,2,0.093186,0.0,0.6535729476363179,0.7681223972351771,0,Loyal Customers
1e73623fe735cee8c61844b106cf49eb8fe57cd868f9bb3f03435493b9279ab8,1,2,0.093186,0.0,0.6535729476363179,0.7681223972351771,0,Loyal Customers
5cbb5826c06f075041cabe184e1a76bc43937b5ad332b22b3443579d6f491560,1,2,0.093186,0.0,0.6535729476363179,0.7681223972351771,0,Loyal Customers
6d336a247bb4b96338f8216a27f476c5947028f74638582e8957f75e392f74b8,1,2,0.093186,0.0,0.6535729476363179,0.7681223972351771,0,Loyal Customers
114df814fef6ba49c79f2db87b4abb7572a84317380539154ef418a73484e97a,1,6,0.094814,0.0,1.9607188429089537,0.7815418300115475,4,At Risk
17c2f4478060c1509f30007aec12e251ae623ecd5b5f2397129401bad12bb3d6,1,5,0.094831,0.0,1.6339323690907948,0.7816819592235859,4,At Risk
612df4af44179b4fded2e4d2ce3eb87d191be7e2e7f08ec4970b41650cbdb004,1,4,0.094847,0.0,1.3071458952726358,0.7818138455407984,4,At Risk
517d9b2dc84ded8d192124eb12a31023ed76c691d7dac803ba0162130120ab48,1,4,0.094847,0.0,1.3071458952726358,0.7818138455407984,4,Champions
66545ef34d2e9b75430761d31ccead177fedec51a461b54549818ff9d37ccff7,1,4,0.094847,0.0,1.3071458952726358,0.7818138455407984,4,Champions
4cde78eeca7720ce859b98730b7bf7fc050a18f380c79ee591ad569b678284e2,1,4,0.094847,0.0,1.3071458952726358,0.7818138455407984,4,Champions
6294e4f788f4b82f318e41c76c6730aae3aa872ba202db3ede3fe5d31f972a18,1,4,0.094847,0.0,1.3071458952726358,0.7818138455407984,4,Champions
47c99eedcaace0c72d4636f10f9d4328c0b19456bc1629497e2eddb15327c7dc,1,3,0.094864,0.0,0.9803594214544769,0.7819539747528367,4,At Risk
7186d864a6b37a383ea981e0fbd78451c4941896ab92b93c3ddb08809d3a7b1f,1,3,0.094864,0.0,0.9803594214544769,0.7819539747528367,4,Loyal Customers
3e76e8a68ac6b66eaa06a0f2c407af7bf5118d48d931cfac21eb79c21afd4bf6,1,3,0.094864,0.0,0.9803594214544769,0.7819539747528367,4,Loyal Customers
3fdb05997a3d385bcd6d487eb4a07422016f37071943ffb5b8c84eb040586208,1,3,0.094864,0.0,0.9803594214544769,0.7819539747528367,4,Champions
5f471d4b9d4feaa92b6e407e1bc7299d7c66045e2fd905e6c6f085ba2d79fe1e,1,3,0.094864,0.0,0.9803594214544769,0.7819539747528367,4,Champions
41e7cd5f53812aa34f2c15c6f38e34546e24442d5abd5f8302ce53cd78485dba,1,3,0.094864,0.0,0.9803594214544769,0.7819539747528367,4,Champions
5347b8c796b6e7d2057d77596e94d91ce229131a7a915dbc9494d9f9d8a392a5,1,2,0.094881,0.0,0.6535729476363179,0.7820941039648748,0,Hibernating / Lost
476bd0171419a392687be78bfa3b6583ac9ae24f4e255ce516c63e91febd675a,1,2,0.094881,0.0,0.6535729476363179,0.7820941039648748,0,Hibernating / Lost
6669c8768e1034e5cd3a1bc80e0a381ba1b3ce909803314c27e8207cf69853cc,1,2,0.094881,0.0,0.6535729476363179,0.7820941039648748,0,Hibernating / Lost
4473d1e07003add796e009bdc26015813e81b32a9e7a298e8da6a7bb8ab4f60d,1,2,0.094881,0.0,0.6535729476363179,0.7820941039648748,0,Hibernating / Lost
4cc1c4cb243f43d93ba3b4bdf23930af7942e8a1db8eadb47a10608ad4b8760d,1,2,0.094881,0.0,0.6535729476363179,0.7820941039648748,0,Hibernating / Lost
7c1dc6fbdbec2c0081ba0abaf510bd6cb2601e80395abe3c78d5fb2547abd096,1,2,0.094881,0.0,0.6535729476363179,0.7820941039648748,0,Loyal Customers
62c434d02dd3eddc67ca3a3aa50d3cb0b25e07a9a9c128dfbc3cb2b4cc944022,1,2,0.094881,0.0,0.6535729476363179,0.7820941039648748,0,Loyal Customers
6dd07870d88514df1b199ac113aec30acebfb8e0f7412201f379ad2a1029cc0a,1,2,0.094881,0.0,0.6535729476363179,0.7820941039648748,0,Loyal Customers
1d91c7274cb24f4612ea8c930fd807dd2f02e4af02596235963c1afdaae2734e,1,3,0.096136,0.0,0.9803594214544769,0.7924389369712294,4,At Risk
761cc7dae1ca334a0550de0f3d8848a0550d784f534e51fac47ea22dc5e5d6a0,1,2,0.096576,0.0,0.6535729476363179,0.7960658106945727,0,Hibernating / Lost
532490ff882151210a2c2e0a22bee081ab85e34fb065e00599716c9872ceec9c,1,6,0.097864,0.0,1.9607188429089537,0.806682659230178,4,At Risk
7a14e08a6f1409492d5d2d5f090de747cefcc2fc28524022c809463a02efcf1f,1,8,0.098169,0.0,2.6142917905452716,0.8091967421520411,4,Champions
5391405a93485757827f0c9c7ec349bb41895747e468de335d77624fe9e955e5,1,7,0.098203,0.0,2.2875053167271124,0.8094770005761175,4,At Risk
4520c9df91602d20a36e1b0c0bc7942bcf8da155c43f06d356d358c82994b5a2,1,5,0.09822,0.0,1.6339323690907948,0.8096171297881558,4,At Risk
7959da01403e05a5af4a9f57993cd270a6816da39d3251ddac7451bcc5bff52d,1,4,0.098237,0.0,1.3071458952726358,0.8097572590001941,4,At Risk
15e6ae2b19b04b114507278535378c73fa53263166081d5e561f2d81b73a1835,1,4,0.098237,0.0,1.3071458952726358,0.8097572590001941,4,At Risk
68cd6217dc49cc6f8c17c15265325b66dface1e13c2718ae4522c92be36f1e71,1,4,0.098237,0.0,1.3071458952726358,0.8097572590001941,4,At Risk
48af48df09e3915f083a0eb755cf84f1c884b84ce0527ca5249078deb99a13f3,1,4,0.098237,0.0,1.3071458952726358,0.8097572590001941,4,Loyal Customers
578798d29e563349b69bdaf8c45f97ac81b7a8bcc531cf1f40369ccce988deda,1,4,0.098237,0.0,1.3071458952726358,0.8097572590001941,4,Champions
6adaf751554acc629ada0ee6056b957285b46f735bc93920c5b07aedbe9e2e83,1,3,0.098254,0.0,0.9803594214544769,0.8098973882122322,4,Loyal Customers
110ea416d41a12e35fb00362a984fcd0907f1112b9b2276149547e90a7032b96,1,3,0.098254,0.0,0.9803594214544769,0.8098973882122322,4,Champions
5296bfc002ce6aa81a3f9b22de0e5aabd4a33e0cd283a0091fc0215094db5cfe,1,3,0.098254,0.0,0.9803594214544769,0.8098973882122322,4,Champions
4cb40bb140dd699b70ef089ede70558fd1fea9ae18e38dfe249db201090b1bba,1,3,0.098254,0.0,0.9803594214544769,0.8098973882122322,4,Champions
51c159b3645d9675b2475f57738314baa808c39886a009a0938db98cceb33a31,1,4,0.099085,0.0,1.3071458952726358,0.816747233812456,4,Champions
492d6921e3bb904503d6aad4253b7c023198b4fec591b5f5ee78a50f65bdf421,1,5,0.099085,0.0,1.6339323690907948,0.816747233812456,4,At Risk
57af0658997988c891afa1a08651b617ae8b4ce2133c9fb8a1aa1426ecfc4fc4,1,3,0.099102,0.0,0.9803594214544769,0.8168873630244942,4,Champions
737cfc83b53511ab8485e28a0c73a828cfaa48f612aa12f12d730672d113045b,1,2,0.099119,0.0,0.6535729476363179,0.8170274922365324,0,Loyal Customers
1ced8d2eaa159cd1cf3e8ab2ef1d22f2a2f8b43e3981be3961a35a1c29581cdc,1,6,0.099898,0.0,1.9607188429089537,0.8234487073058154,4,Champions
6b87884e0baadc71eb2e52ec2b473c891c00918f26ce124b76ce7d14b9ef6e0f,1,5,0.099915,0.0,1.6339323690907948,0.8235888365178536,4,At Risk
6e31154ec977d90741256d4e125513c485c985437d1b9f059a0b9fa2eef5ecd9,1,5,0.099915,0.0,1.6339323690907948,0.8235888365178536,4,Champions
665d56aad20fcc9845ad3d262f1d25ab8da67e55e762b397776f7104e1607a83,1,4,0.099932,0.0,1.3071458952726358,0.823728965729892,4,At Risk
658df5e66d254982a72dc1b2ef9fff6735ab6358e1a9373a467331c480c19a67,1,4,0.099932,0.0,1.3071458952726358,0.823728965729892,4,Loyal Customers
4ae3c3f949ad975df838f6619992f8bc77b86fc69f44d74ac62adc8ae6db576b,1,3,0.099949,0.0,0.9803594214544769,0.8238690949419302,4,Champions
6c820cc38838e14a9d63460fd59846697f2f2a6720afab554ebc043d4ab18d0f,1,6,0.100746,0.0,1.9607188429089537,0.8304386821180773,4,Champions
48d9816605d183db54739b5ae69a1e596e2a3ebb0e051ec156a245af014c6be6,1,3,0.100797,0.0,0.9803594214544769,0.830859069754192,4,At Risk
7b15c38ad55bd20813d694eb460a365e33b2b90880ded2caefe622b1cd74ec0c,1,5,0.10161,0.0,1.6339323690907948,0.8375605432475516,4,At Risk
76f104f3594094aadb553e021bcf42755a7c25a97b4317af54af0b7d70bbc3dc,1,5,0.10161,0.0,1.6339323690907948,0.8375605432475516,4,Loyal Customers
7bb4f6dd328c7613430ac6dd2801b79cdc10f32bad576dc38ce86e8d4e2e24fb,1,4,0.101627,0.0,1.3071458952726358,0.8377006724595898,4,At Risk
1bc1004e97704d81f7cef0c4c303641d90be3b8e1fddcdada5ef5c9295688122,1,4,0.101627,0.0,1.3071458952726358,0.8377006724595898,4,At Risk
42639dd7d5807e029ad002af7293a8e9b563fce8b363f2f432d36b759d735d88,1,4,0.101627,0.0,1.3071458952726358,0.8377006724595898,4,At Risk
6308e64b68d54c391c3dfc73458ec11bd98cca08cb00cad04809367af3c887fb,1,4,0.101627,0.0,1.3071458952726358,0.8377006724595898,4,Loyal Customers
11560dde9a8d590dc4f1a43c5821186f852f6b454da24a6732db5d898ca353d1,1,4,0.101627,0.0,1.3071458952726358,0.8377006724595898,4,Loyal Customers
51bf3b3d09bf1937416043845bc670b5eca4822f205aac2dd351ca44e165df0b,1,4,0.101627,0.0,1.3071458952726358,0.8377006724595898,4,Loyal Customers
4a9b06fbe2e3c8c9d3492a37dc0d997ea4eb096d515a268a4ce68b36a24f3767,1,4,0.101627,0.0,1.3071458952726358,0.8377006724595898,4,Loyal Customers
6b3dbee8430c6e2556f631cb83f21a5d0efeaf3d1b9fcaa349c475faf0c1432c,1,4,0.101627,0.0,1.3071458952726358,0.8377006724595898,4,Champions
6f9142f4af6603416b5548b7cb862976eacf0fa72bd69808c65479e680f18a77,1,3,0.101644,0.0,0.9803594214544769,0.837840801671628,4,At Risk
7b360407ce4bde5edda4634ea484239023bddc6a0fd67bf644ffab9ccc0b65fd,1,3,0.101644,0.0,0.9803594214544769,0.837840801671628,4,At Risk
678eb32e9cd9fd8bec337fa184fe2e3a59839527fb8f176e7a65e5e81067ace1,1,3,0.101644,0.0,0.9803594214544769,0.837840801671628,4,At Risk
1468b13e34e4c0b20ade7c5626ccb3aeb2b2d58ec97b40d124e8d2fbf0b88c37,1,3,0.101644,0.0,0.9803594214544769,0.837840801671628,4,At Risk
12b17e45b454d067681cb6c2bcb6bf5282029ed17d1f022edb501ec6d137b22a,1,3,0.101644,0.0,0.9803594214544769,0.837840801671628,4,At Risk
59d916ee21861c356056fb1c52b1d11001af25e17f581c6d3d7d0c5799ecb728,1,3,0.101644,0.0,0.9803594214544769,0.837840801671628,4,At Risk
3eb5124f1210525838a3cdb2a7400c8c6fd6dd7e7da48dedd7a044b12d86e87a,1,3,0.101644,0.0,0.9803594214544769,0.837840801671628,4,At Risk
4bcf7f4df5b024e6e20828fe1ee40c7ab445afe99b4767f14b8469f79e176c11,1,3,0.101644,0.0,0.9803594214544769,0.837840801671628,4,At Risk
71a291bd5e009807dcf60e23d1d1427c32bbddee431fad6c25bca9eaded6b21f,1,3,0.101644,0.0,0.9803594214544769,0.837840801671628,4,At Risk
528c4cc1c1a8e5a51fb3b8de2e8897134ff6f3875451cc8abe4d358f4108ac00,1,3,0.101644,0.0,0.9803594214544769,0.837840801671628,4,At Risk
50b6e8d05c6b11370e721964501e83bea2d92825641eb300809843ae14439f4e,1,3,0.101644,0.0,0.9803594214544769,0.837840801671628,4,At Risk
40eb2f5951699a8fac43c3213c35895a42a4f5573f3b42d026a28ca3afa894ea,1,3,0.101644,0.0,0.9803594214544769,0.837840801671628,4,At Risk
40bbf3a510fdc13c712a17f37052dfc3a786b204223a01336836af53acecdb37,1,3,0.101644,0.0,0.9803594214544769,0.837840801671628,4,At Risk
63fb4c559667f89fc0de5f3b477757169bade84e449ce86ba6ae1e886548a474,1,3,0.101644,0.0,0.9803594214544769,0.837840801671628,4,Loyal Customers
5f8587983cf6a43259487808c9d37e4fdfe7d1f0ce60175439f5586a5afa109b,1,3,0.101644,0.0,0.9803594214544769,0.837840801671628,4,Loyal Customers
61ec6fb2d395352e67abfa58ea8bf9a7357143bb61f7c0d0b9f40d348172682c,1,3,0.101644,0.0,0.9803594214544769,0.837840801671628,4,Loyal Customers
6c96065ee7df64a65b9f791ec7aad85ec0349c94f1b891c93aae62962f488c6e,1,3,0.101644,0.0,0.9803594214544769,0.837840801671628,4,Loyal Customers
667f75e441ec50af51aa9316ea31cde702de9dc997e7dc6a9062a2bbc0e834a5,1,3,0.101644,0.0,0.9803594214544769,0.837840801671628,4,Loyal Customers
42db5b6f108c37aa9b6dac00676ae176028df84702a42e6a6677ad48a30b673e,1,3,0.101644,0.0,0.9803594214544769,0.837840801671628,4,Loyal Customers
1ae3d43183fc43ed7caef73953c70d2d11cd0cadd198a7c3573c88a61866df90,1,3,0.101644,0.0,0.9803594214544769,0.837840801671628,4,Champions
53d5f95331b01525404c3cbb2da6a84e1173dccb979d28ad89f541660c698a7a,1,3,0.101644,0.0,0.9803594214544769,0.837840801671628,4,Champions
595995afc36b6faf8bce67fbf70864c5a3ac4cda6837cec0bdcd84d7ed9f2f52,1,3,0.101644,0.0,0.9803594214544769,0.837840801671628,4,Champions
6585a6b1a8b56dd9d30376364a64907735c555016082859cedb96b7a68ba8735,1,3,0.101644,0.0,0.9803594214544769,0.837840801671628,4,Champions
5ff910d43f097784350bee2ccba0f0d3129529f7860135266d8150d408b54be9,1,3,0.101644,0.0,0.9803594214544769,0.837840801671628,4,Champions
5f7571b17ba9d63056b49a87be4d316fd1cc3035fb8d73861a793bd6fa792f4e,1,3,0.101644,0.0,0.9803594214544769,0.837840801671628,4,Champions
15497fb4e2e027ddfa0d5ba45bce54886fcf5177f019b43d8b7591cca6206453,1,3,0.101644,0.0,0.9803594214544769,0.837840801671628,4,Champions
404bd64a4e5e3954a4c94e2a3b745c7aa83798d54e56a9a4363a2a1446c8b10a,1,3,0.101644,0.0,0.9803594214544769,0.837840801671628,4,Champions
78be54e168274f647b265ab8f5522315d8e99070a557241c5ac8d3654ca3e958,1,3,0.101644,0.0,0.9803594214544769,0.837840801671628,4,Champions
634230d1c2403a6362fa8571390de4a4b19a6957d6301ca0a7d6a6155aaa69b4,1,3,0.101644,0.0,0.9803594214544769,0.837840801671628,4,Champions
1e69676fef66629af86c433b315710233c2ed7192743aa4ef46c923707ad9d7e,1,3,0.101644,0.0,0.9803594214544769,0.837840801671628,4,Champions
1e72ecf45f89c789950822580a68149cb3a9fdd15ac540716e84730f6f189717,1,3,0.101644,0.0,0.9803594214544769,0.837840801671628,4,Champions
556957bf1ca4c6dbd51b42be78941ab7408b1e363feb3fa37c473e2bb58d60a1,1,2,0.101661,0.0,0.6535729476363179,0.8379809308836663,0,Hibernating / Lost
4d93579d779678e8a208ba3d0716254d84048996d96893912fcd097f401af6c5,1,2,0.101661,0.0,0.6535729476363179,0.8379809308836663,0,Hibernating / Lost
6d02fadaa6f86c51fb93fb927e867a1ac51422d89466d9e8d4953bd96cc6b961,1,2,0.101661,0.0,0.6535729476363179,0.8379809308836663,0,Hibernating / Lost
68a642212f9d2ff706f0a30f5c8bbc2b6e580197ea1661115a73e0e7a08ee2b8,1,2,0.101661,0.0,0.6535729476363179,0.8379809308836663,0,Hibernating / Lost
118e5f9eafbc880e94c554ef428a0ccc269407f7067391c6d07446db0717fac9,1,2,0.101661,0.0,0.6535729476363179,0.8379809308836663,0,Hibernating / Lost
16f501ebedccf7a7dc1c03302d2544447a6bf8b3b78eb6f3324744fe7c9b2f97,1,2,0.101661,0.0,0.6535729476363179,0.8379809308836663,0,Hibernating / Lost
7cbae72973ee59ad3a7f64b6709815719e4d2a66644051b9d0acd49d1b75f2c8,1,2,0.101661,0.0,0.6535729476363179,0.8379809308836663,0,Hibernating / Lost
65d53314922f7e24185941ff736eed21591f86d2de887ba6d75de4a4bdb5c15d,1,2,0.101661,0.0,0.6535729476363179,0.8379809308836663,0,Hibernating / Lost
1468329aca2e991d2ad003211959e886c672a3818884a34e157ba45e9e5c93e8,1,2,0.101661,0.0,0.6535729476363179,0.8379809308836663,0,Hibernating / Lost
1c959573dbbd4cc524796644dbdd6ee351368bb517450ab47def41bd45c82eeb,1,2,0.101661,0.0,0.6535729476363179,0.8379809308836663,0,Hibernating / Lost
71e1ccd8488fd82fe34444f945f38f6d866797b41bf6125c38a2d355f00127fd,1,2,0.101661,0.0,0.6535729476363179,0.8379809308836663,0,At Risk
7c8611b3518ac2796edf4abd0487ea66b73e5e341214d2f5e0b43f331de0e37d,1,2,0.101661,0.0,0.6535729476363179,0.8379809308836663,0,At Risk
551b29092629bc3bf5f587945556dfd3bcd1a688d5eae04626a64012a952994d,1,2,0.101661,0.0,0.6535729476363179,0.8379809308836663,0,At Risk
5811eab0c99554fbcb0bf2268c44b91f1f2c68223a2043d5883b876402ea6ab3,1,2,0.101661,0.0,0.6535729476363179,0.8379809308836663,0,At Risk
5acd72d86e19002a5fea26ea094626a0c483559592903de94385c1b61db15088,1,2,0.101661,0.0,0.6535729476363179,0.8379809308836663,0,At Risk
4d14202bb29d37aaa33bd4ba63e3bd387722b1c01dd11beb76ab48edcf424a51,1,2,0.101661,0.0,0.6535729476363179,0.8379809308836663,0,At Risk
681a557def347a5eb38323b17298032295cc0d082f07cf53b8fc1ef25b37a11f,1,2,0.101661,0.0,0.6535729476363179,0.8379809308836663,0,Loyal Customers
69dacd6bde548d107dbbb8db7a647092d990ab84053a6fb6d36aa0a33525b5e1,1,2,0.101661,0.0,0.6535729476363179,0.8379809308836663,0,Loyal Customers
104e283b8231ae84ceb20ab4db529073ea5fb1706c89de8479dcaef5eea7603a,1,2,0.101661,0.0,0.6535729476363179,0.8379809308836663,0,Loyal Customers
10cc47d71fc618e3581050182a4e45c8e5ca39cc0d7d0d6874223a77e62db9ab,1,2,0.101661,0.0,0.6535729476363179,0.8379809308836663,0,Loyal Customers
53bc5d2eff2bbd92a882881bd5dae952a5c49b777a85039edf7c5dd25cc345da,1,2,0.101661,0.0,0.6535729476363179,0.8379809308836663,0,Loyal Customers
528d2bf6d51bd0a816333d3c4c0af76d1f496f77d0c5778512c73ad746e63191,1,2,0.101661,0.0,0.6535729476363179,0.8379809308836663,0,Loyal Customers
4aaefa9f93c1f3f913999dce6dc1614ce259c09ce883119a7ef926fa340f7436,1,2,0.101661,0.0,0.6535729476363179,0.8379809308836663,0,Loyal Customers
6e740a6975772af56fbaf9ff8d085380124ca6434d3e786fe8860870453f4541,1,2,0.101661,0.0,0.6535729476363179,0.8379809308836663,0,Loyal Customers
7a3c5dadaa1a28627e36b9ab301f4fa83973af417771605a9e1440bbcaf4a9c0,1,2,0.101661,0.0,0.6535729476363179,0.8379809308836663,0,Loyal Customers
55957f848842733243f9fc8de78779f467158ab2813ab378fa7d1f41f444d3fd,1,2,0.101661,0.0,0.6535729476363179,0.8379809308836663,0,Loyal Customers
4b87eb035778b84e27384eb4710e45a0de2b6c67dd6c7eaead12708e0a1d738c,1,2,0.101661,0.0,0.6535729476363179,0.8379809308836663,0,Loyal Customers
4dbc869ba3981c5dedc6408c4868cabd31d9c8a16212d199dae4975aac68f852,1,2,0.101661,0.0,0.6535729476363179,0.8379809308836663,0,Loyal Customers
733aaf150f5d47025ee7722903c1d9a3c1d962a180e5a9a61748deda95849647,1,2,0.101661,0.0,0.6535729476363179,0.8379809308836663,0,Loyal Customers
7e9ca658651ed10eef843d234d9526228639cb19e264743c253baeedd5da60cb,1,2,0.101661,0.0,0.6535729476363179,0.8379809308836663,0,Loyal Customers
7a80ab0f5586397fe5ef019007e9f028d8f45af788a8ef47992831fb51157c91,1,2,0.101661,0.0,0.6535729476363179,0.8379809308836663,0,Loyal Customers
78564887c6f204e014bcefc2226ebf7dc82d3fdf47d4920fb25cb38ac29fbe59,1,2,0.101661,0.0,0.6535729476363179,0.8379809308836663,0,Loyal Customers
6deb18bd3dc27e527d48e51d49265176a7694f15c48d93c9306e3979a3260b10,1,2,0.101661,0.0,0.6535729476363179,0.8379809308836663,0,Loyal Customers
7901145a69b8064abea0f3e4514a7ca9b9955a3a525a341e9e28d2cf3182d649,1,2,0.101661,0.0,0.6535729476363179,0.8379809308836663,0,Loyal Customers
7920dfe50e826761299e98b0a350e747cddeb5c83fbb5de37201c387f3c5f284,1,2,0.101661,0.0,0.6535729476363179,0.8379809308836663,0,Loyal Customers
638cd67b6bd25174519e2ea85d245ec7100f6699e618a71221d1c9bba553e6d9,1,2,0.101661,0.0,0.6535729476363179,0.8379809308836663,0,Loyal Customers
6a9d8260e68eb500d62a286535826e87c74bb48358446f83d4b34872c5e6200f,1,2,0.101661,0.0,0.6535729476363179,0.8379809308836663,0,Loyal Customers
6b83826984c79f3809d8916a60571954bd3f60e4a69d90e2d90e3f9d6f458a36,1,1,0.101678,0.0,0.32678647381815895,0.8381210600957046,0,Hibernating / Lost
1e3da8ae7603e09ea32f79ee1ed79cd92922e1278d85298f50622cd3a5b2ac4b,1,1,0.101678,0.0,0.32678647381815895,0.8381210600957046,0,Hibernating / Lost
69c56d353e7bb0b6693da024f8b07cd80e30d09d70daa717e366d082a846a20f,1,1,0.101678,0.0,0.32678647381815895,0.8381210600957046,0,Hibernating / Lost
71bbb91a1464179a132db2df24eb8c94517e95768daf683a4607b14e27dd2ae8,1,1,0.101678,0.0,0.32678647381815895,0.8381210600957046,0,Promising / Needs Attention
44e153e621dd3ac42529386e8ab20108ab290ef7819e5bfccb5fa3d5b979a34e,1,1,0.101678,0.0,0.32678647381815895,0.8381210600957046,0,Promising / Needs Attention
70ca202bda053dd8c02cf2b17fbcd198918b68d2fc7a6098a213cd10e7a434b2,1,1,0.101678,0.0,0.32678647381815895,0.8381210600957046,0,Promising / Needs Attention
7a501975d861f9674f94ab97706c9c768460213c8620d7eac67674c6e90a380d,1,1,0.101678,0.0,0.32678647381815895,0.8381210600957046,0,Recent Potential
6021a64671b5f6b373516fd717247a734f446938d4a8df1a1201569f58b85b79,1,1,0.101678,0.0,0.32678647381815895,0.8381210600957046,0,Recent Potential
5498650db901bcbf8bc6ab2708c38d09091b7af619958f6329f3ef3aadddd37e,1,1,0.101678,0.0,0.32678647381815895,0.8381210600957046,0,Recent Potential
5665d0ae55f21ba19827f936dab64c7073a732852de5e40cbd0b765d06474ae0,1,1,0.101678,0.0,0.32678647381815895,0.8381210600957046,0,Recent Potential
6b27110b978187ea45faeb75cf0d06d3b5073dde5324df8af892d36b0826173e,1,1,0.101678,0.0,0.32678647381815895,0.8381210600957046,0,Recent Potential
52215ba4d36d9570a2bd4b8528f959e6f04d9c2aa7c639fd9126d2e2b52104a3,1,6,0.103288,0.0,1.9607188429089537,0.8513921207652112,4,At Risk
643be6fc55a63bd33f571895c691edf13bbcd062fa3f06092ad0fc2e92942a51,1,4,0.103322,0.0,1.3071458952726358,0.8516723791892876,4,Champions
71140c4cdd3f88850d86e088ed6d58a0b12a6170db31bbeb5be773d788c7ad8a,1,3,0.103339,0.0,0.9803594214544769,0.8518125084013259,4,At Risk
4de28b87eb532d013c89d937a45257c39e8b5ba384dd9c93798350d58e43e8d8,1,3,0.103339,0.0,0.9803594214544769,0.8518125084013259,4,Champions
4093282269f135c2d3177b9b1710684983330fff06d46ec4e00128634b4ee455,1,3,0.103339,0.0,0.9803594214544769,0.8518125084013259,4,Champions
6432ef6caadc04a1a0980a33c00f3ffca7da8633e943ecb99d0be32e3900ed5f,1,4,0.103661,0.0,1.3071458952726358,0.8544667205352272,4,At Risk
7223f7df048849807d45c507e920072854a958aa6bf83a9482272b22890920f7,1,4,0.103661,0.0,1.3071458952726358,0.8544667205352272,4,Champions
167cba00728b88f07a51aedb090e4611f6ac0a04b49b0019fc4110b06902d6e0,1,3,0.103678,0.0,0.9803594214544769,0.8546068497472655,4,At Risk
5660c1023e6b93b856d636deea7e53cb1743b701108d4b19cbe343fcc9df2811,1,2,0.10378,0.0,0.6535729476363179,0.8554476250194951,0,Loyal Customers
1c68713d4f4ff526cf6ad0ff45772fd09d8a4f68d95d37398a05f4a9f42348cf,1,11,0.104898,0.0,3.5946512119997482,0.8646631814347177,1,At Risk
796b845e88078018759b050bc723d05d513d805b2c56948166a589a95e607432,1,5,0.105,0.0,1.6339323690907948,0.8655039567069472,4,At Risk
638f6161186115d63d1950e85c0ddadf5668af22c4415789543676a969c66684,1,5,0.105,0.0,1.6339323690907948,0.8655039567069472,4,Loyal Customers
4c6ac3515cea3ee7cd631ff277ff4c4f64f93a542f0b5b70b128a405fc2b28bc,1,5,0.105017,0.0,1.6339323690907948,0.8656440859189856,4,Champions
705f4cc1fd7a6a678d0b73c5dd27317a263bec0655d8599ef2ba92d8d4d64485,1,1,0.105068,0.0,0.32678647381815895,0.8660644735551003,0,Recent Potential
6a69b699dde42c25e855de6583ee192d4c6e28cdf15cd75f8c70e0d47339c79a,1,3,0.105712,0.0,0.9803594214544769,0.871372897822903,4,Champions
59408a6e94ab4811efe08ef2754d806533170120ae28c874a7f6ec5ade27cabf,1,5,0.106695,0.0,1.6339323690907948,0.8794756634366451,4,At Risk
56042dae4393548aed059749910fd3bb6a06c15af4ab148236f24473e80cc0c3,1,5,0.106695,0.0,1.6339323690907948,0.8794756634366451,4,Loyal Customers
7e34237e12014cf8a799d4e0e9834a3f989c9b0a8fafc59d68d85c7addea4194,1,5,0.106695,0.0,1.6339323690907948,0.8794756634366451,4,Loyal Customers
3e489c3e588727e4343719f09cdfedfd53e56a681248df3a94e02ad0839c6bb3,1,4,0.106712,0.0,1.3071458952726358,0.8796157926486834,4,Champions
528504e619024dca65aef568f980379e44408bfe92980947cf89d04328fea9c6,1,3,0.106729,0.0,0.9803594214544769,0.8797559218607217,4,At Risk
7472320fb36e3f27100281839087d1d87f5952b9fbc57562ae326f3860874847,1,3,0.106729,0.0,0.9803594214544769,0.8797559218607217,4,At Risk
75d50271bfc8ea26757c7e6e76c958ceb99847045dc8448e38d75beaa2a8ccb8,1,3,0.106729,0.0,0.9803594214544769,0.8797559218607217,4,Loyal Customers
466027cc25f6b90b91b8e6ca15a56b40a4ecae533904324a746a8b0dbf3eba2c,1,3,0.106729,0.0,0.9803594214544769,0.8797559218607217,4,Loyal Customers
4cfb4394c531df264a3f11c32a4f74576e364def308e91ca4294a6c11a4eb573,1,3,0.106729,0.0,0.9803594214544769,0.8797559218607217,4,Champions
4cb41bf319785096e03310e9230719747985f343c923ea09369e470b1901af8e,1,3,0.106729,0.0,0.9803594214544769,0.8797559218607217,4,Champions
7845639716f20d0b8942cd12a8c2337dad725acaba5e77a819f49649138ccd39,1,3,0.106729,0.0,0.9803594214544769,0.8797559218607217,4,Champions
6a18e28a974ab78396beda1238bee2e87cbb2a3d3e3e7e651427658d6f0c000d,1,2,0.106746,0.0,0.6535729476363179,0.8798960510727598,0,Loyal Customers
62e9a54c42398bee05df096ddf7e037bd0f62aecf982b4e9844b2970af741e79,1,1,0.106763,0.0,0.32678647381815895,0.8800361802847981,0,Recent Potential
4f07e4eec0f70e5e8e2c171fa692ecc65d7f027b3d12937b5049ad6a2bcc0410,1,5,0.10839,0.0,1.6339323690907948,0.893447370166343,4,Champions
12a7b0ec597dce4261f09e8aa30fd1a614cf2d9522c76d78020867960fe2f6e2,1,4,0.108407,0.0,1.3071458952726358,0.8935874993783812,4,Loyal Customers
5be26b2eb2b110d95741622de281ae596a320b64c80ef963dbad99844c1c7653,1,3,0.108424,0.0,0.9803594214544769,0.8937276285904195,4,At Risk
4d4a7f8b502691c0c06d771b80cd4224699cd917c321049f03915946fbcc492e,1,3,0.108424,0.0,0.9803594214544769,0.8937276285904195,4,At Risk
764afd79001d1e26b296d2384e2df2413f1e3882ae43957f688b73dd63b86e90,1,2,0.108441,0.0,0.6535729476363179,0.8938677578024578,0,Hibernating / Lost
72c7cde50bd53374b16bee4bda2e189d932a7ca05f0f842a00ad7fc3c1e908bd,1,3,0.108458,0.0,0.9803594214544769,0.8940078870144961,4,Loyal Customers
538bd70472b7da71081a9230a5d69ee279bd1ed556cf8baeca72181206bfeecc,1,3,0.108847,0.0,0.9803594214544769,0.8972143731017246,4,At Risk
1da640c4a35fb2275606c78bd0a36ebeb8a8a9d459266d9b8b92edc7b78e2143,1,4,0.109254,0.0,1.3071458952726358,0.9005692312958173,4,At Risk
4f12eb468aeda85ba38734d637907a5f267338da91b5983d47ffe5cd50072e3c,1,5,0.110085,0.0,1.6339323690907948,0.9074190768960408,4,At Risk
5ea6959aa45462486c84f559ea4e13438b5039b334b31e714907d0f95e562e7a,1,5,0.110085,0.0,1.6339323690907948,0.9074190768960408,4,At Risk
57fdbc9782904c7a06760904e1dd894eeb44c531bcdcc7043b11e7c5163b277a,1,4,0.110102,0.0,1.3071458952726358,0.9075592061080792,4,At Risk
54e7b007a0748caa693d2201767f4299918bfc280cdd89134e6548546cff1b39,1,4,0.110102,0.0,1.3071458952726358,0.9075592061080792,4,Loyal Customers
534bf0899b693f88e9bdc98178a4f9b82c104ea2f638244b303cea7c6682a77d,1,4,0.110102,0.0,1.3071458952726358,0.9075592061080792,4,Loyal Customers
5575383e5d38932c7b800a12db5147cacc40194490db3b5a0d54f2efb1a8e11d,1,4,0.110102,0.0,1.3071458952726358,0.9075592061080792,4,Champions
1dc924b6727d0ddf0533e5cae21eae5304132ede406b7716de2dc7c2bad404ea,1,4,0.110102,0.0,1.3071458952726358,0.9075592061080792,4,Champions
571659f4d29b20f904201608a97a00b2d970644ed383d3da91aa3783424e0197,1,4,0.110102,0.0,1.3071458952726358,0.9075592061080792,4,Champions
419f344f9747603b8c19757d674b5fd6fc5c9237b053c32d5997bcfea83914de,1,3,0.110119,0.0,0.9803594214544769,0.9076993353201174,4,At Risk
68e4ef641b91336540f0e6936eb3a0f6d23c3102f1ff6ffc044fc926a35e73da,1,3,0.110119,0.0,0.9803594214544769,0.9076993353201174,4,At Risk
5acb6671bbf3fd18624f9483dffbe9fa342c760e9217a9926060821c2dbc50ae,1,3,0.110119,0.0,0.9803594214544769,0.9076993353201174,4,At Risk
7dfef97c6780374eb97e0c8f4154580cefc0deab64dbb99e075cb23c8fb8d56f,1,3,0.110119,0.0,0.9803594214544769,0.9076993353201174,4,Loyal Customers
61adf2ac0d387ea43b2377f7c8545734c0941e3e6c64777ada28b38c74c4044b,1,3,0.110119,0.0,0.9803594214544769,0.9076993353201174,4,Loyal Customers
7cafe85ee4694b03c8d7e8a94cb615cf52bceb007d5f36f86296242ac2dc5f8c,1,3,0.110119,0.0,0.9803594214544769,0.9076993353201174,4,Loyal Customers
5095f6340d4fb6a3f0a1141e2bfcc56fcc19c38e8b3faaa7b105c02541a4da1c,1,3,0.110119,0.0,0.9803594214544769,0.9076993353201174,4,Champions
3dec9a2dbd80a7a70e36536179e00b1b3c64c90d020edc447ea85cf1baf993d3,1,3,0.110119,0.0,0.9803594214544769,0.9076993353201174,4,Champions
7962ef8715a8461106c9963984f6c7a09b29cbf14134cf4e142db02d014bd18e,1,3,0.110119,0.0,0.9803594214544769,0.9076993353201174,4,Champions
615b5b7f0ab6c7415f43c21e0861899e79db5036ff27c9aba826398f74c73a46,1,3,0.110119,0.0,0.9803594214544769,0.9076993353201174,4,Champions
17f41e4754a693527894f74b63aaf0e46b7500f8b36c10ad188df82d7486024c,1,3,0.110119,0.0,0.9803594214544769,0.9076993353201174,4,Champions
4dff898cd912102f1cf0f944444ad61793ee37fe15a2449f882e793e12490b90,1,3,0.110119,0.0,0.9803594214544769,0.9076993353201174,4,Champions
7691021ec292e68ee4c63ff477353564d9561ce2ed40fdee18db284ddbd546f1,1,3,0.110119,0.0,0.9803594214544769,0.9076993353201174,4,Champions
57aa17acd94730c3b403c29a7d29b08aead19f705e03e95afa8fc826ee4fa769,1,2,0.110136,0.0,0.6535729476363179,0.9078394645321556,0,Hibernating / Lost
59efc2d3e6e1039cf8771e2e5da0a84ae4159f55381dee94cafbb0375d724b70,1,2,0.110136,0.0,0.6535729476363179,0.9078394645321556,0,Hibernating / Lost
7696cde211f347839f664126b9cc48ef390fcde083c776cc4689ec2f2f58cf4a,1,2,0.110136,0.0,0.6535729476363179,0.9078394645321556,0,Hibernating / Lost
43c6f438cf652186d1acbdc3d0a790a44dfda50eacfae00330ea44116e2a8902,1,2,0.110136,0.0,0.6535729476363179,0.9078394645321556,0,Hibernating / Lost
6cf86682ca3fdce72cc02f18fab4b4edf5b325ebbbde1d72e1548f9026738aae,1,2,0.110136,0.0,0.6535729476363179,0.9078394645321556,0,Loyal Customers
4d233f9a3da212af7c12909ae8c386b13744da3ed2f530344584207d6694a3b2,1,2,0.110136,0.0,0.6535729476363179,0.9078394645321556,0,Loyal Customers
178b6c8f581a99f5e1d381f96a79711d17a3656eb01454099d076bbff0ddbc18,1,2,0.110136,0.0,0.6535729476363179,0.9078394645321556,0,Loyal Customers
64354c2d06886811a78246bc8bd84ecc4e2c42cc3bb2a0c70a95655be3ca58f8,1,2,0.110136,0.0,0.6535729476363179,0.9078394645321556,0,Loyal Customers
447300088b2db4e0ade9b6ef95d578a29b93d1c1f7cdc6bb2f3f09e1966f556e,1,7,0.111746,0.0,2.2875053167271124,0.9211105252016621,4,Champions
528bdba26c93b95ad3d5d3bb41dc3ef553c07dc28e896e7acc446ba1db8b01ed,1,5,0.11178,0.0,1.6339323690907948,0.9213907836257388,4,At Risk
1032cb01ffe4d5fa6b8e618b06bba89cc24a16086e9c9b636e83bd0733d76cf5,1,5,0.11178,0.0,1.6339323690907948,0.9213907836257388,4,Loyal Customers
4c7b8491b30a7a8625f2a01b660c65959e4fe84b9713f91e7dff19ea4f793680,1,5,0.11178,0.0,1.6339323690907948,0.9213907836257388,4,Loyal Customers
17ee8ea6ddc58749f3a1cd7bd934038e27a7d522da9a07ff62b0d02338863d74,1,4,0.111797,0.0,1.3071458952726358,0.9215309128377769,4,At Risk
6c225df3f3e90f98e08f77d01bb6969c5ddcb912601bd346e7f2c1f64fd22689,1,4,0.111797,0.0,1.3071458952726358,0.9215309128377769,4,Loyal Customers
5a0cac061b79b4cab5ec54fb8ed16ce3609305ed3c7e4e1281142d4ff4df7178,1,3,0.111814,0.0,0.9803594214544769,0.9216710420498152,4,At Risk
722e4db712fbb416ad81ca40886c23a7d1bfe1fd439c9b4b5b977a887e9675f9,1,3,0.111814,0.0,0.9803594214544769,0.9216710420498152,4,Loyal Customers
79f9a3cf0405218ec1f680595a8496d908400907a50826cae15def2312a7c78e,1,3,0.111814,0.0,0.9803594214544769,0.9216710420498152,4,Champions
13894e491512a5a024f18db0b99cf1c08cecfb1528991c754d7e99e30e1ae446,1,2,0.111831,0.0,0.6535729476363179,0.9218111712618535,0,Hibernating / Lost
5b911f818998afee217933c009e38f74481f4c33ade0aff0c506bcbbfc667085,1,1,0.111847,0.0,0.32678647381815895,0.921943057579066,0,Hibernating / Lost
5ad9b752cddbd6869a2b364eccab8bfcdac3535abf342886a052c139a4d5d981,1,4,0.112305,0.0,1.3071458952726358,0.9257183034092734,4,Champions
4cf040cd6a2bd1c8172508acd82e5e2e922e13c69f7ee7c7f2127a2dc32332c0,1,6,0.113458,0.0,1.9607188429089537,0.9352223611433983,4,At Risk
41f36beff1b34250d09c8a19c1a839cbc61d54395f045e30de8d35be764377e3,1,6,0.113458,0.0,1.9607188429089537,0.9352223611433983,4,At Risk
741068d4033cadd4579e298e36af4e91cb743ccad9e11c0fa8c1166d70c4f73e,1,5,0.113475,0.0,1.6339323690907948,0.9353624903554366,4,Loyal Customers
4a2f8b98c9208c2471180cf41e523ef00c5df95f723a5b6d8dc0399c501cae74,1,5,0.113475,0.0,1.6339323690907948,0.9353624903554366,4,Champions
7bb1398b13fd274f89891ee047765b689b441067e62e7971cfca88e561fe8c4b,1,4,0.114339,0.0,1.3071458952726358,0.9424843514849108,4,Champions
5184b935683ad17e20ccff8d2095878c54e7732dddd9fc9537eecdc8324a3b0c,1,6,0.115153,0.0,1.9607188429089537,0.9491940678730962,4,Champions
781805aba40d3bf1bbff7e874d16a8d573856b76ae278abefec1f02e26720742,1,5,0.115169,0.0,1.6339323690907948,0.9493259541903086,4,Loyal Customers
475795c296cc1a63949cc4e2eaced127639e0d27e3a028b65a076c298aca2ac7,1,5,0.115169,0.0,1.6339323690907948,0.9493259541903086,4,Champions
56b663b1e41f0c6787e3fbe346f0b3a6fd11403e64a5633b500086b7e43073cf,1,4,0.115186,0.0,1.3071458952726358,0.9494660834023468,4,At Risk
5c1038d9c4ac28dd57dfd005a51485cf1cddc304cc1d70323502c9e926cd7a30,1,4,0.115186,0.0,1.3071458952726358,0.9494660834023468,4,Champions
7bc39ea53313f32460d5a341ecca3b09cee7198bf6048b2e0436632173b1b80d,1,4,0.115186,0.0,1.3071458952726358,0.9494660834023468,4,Champions
7bafe3f21a74e71dd06df4ef2b8a345d96d0464db2647ce6149ebfe86528b5c8,1,4,0.115186,0.0,1.3071458952726358,0.9494660834023468,4,Champions
13497d08ab6c46f440c92c479552b2f5a7c719c6e666d33a1305648c052ff2d0,1,3,0.115203,0.0,0.9803594214544769,0.9496062126143852,4,At Risk
5cb9ae16ec4c030b87098c2326b2dd742dbbf7d82894784b14bf23cfe3e905d0,1,3,0.115203,0.0,0.9803594214544769,0.9496062126143852,4,Loyal Customers
4679d8d537859570cae940e7c8fe0b214c706054a97cedc9d8c374bfb79f61c6,1,3,0.115203,0.0,0.9803594214544769,0.9496062126143852,4,Loyal Customers
759c96e19396fec1d1200a8c33929fd1821ab73dcf66320d643747f8d44245f7,1,1,0.115237,0.0,0.32678647381815895,0.9498864710384618,0,Hibernating / Lost
6874d76faa346d69885153097e56fa822892f1832fcbe7810e42e77a8f94bbcf,1,4,0.116881,0.0,1.3071458952726358,0.9634377901320448,4,Loyal Customers
44213ea63b8c151d754e5d7088bc98accdad8b0fb62af9a806a2d35e61bde757,1,10,0.118475,0.0,3.2678647381815895,0.9765769644843388,1,At Risk
4bf380e7b57b3308f3723b9599d9d23e6d2bfd7e8e9df1ae9d87ec363453986a,1,7,0.118525,0.0,2.2875053167271124,0.9769891092256279,4,At Risk
78f80d48c6c517b8832f5dd1cc2da00a6db0728478e1723361eab4485d695a5c,1,6,0.118542,0.0,1.9607188429089537,0.9771292384376661,4,At Risk
5c67858c97c6454da8108d330a3495ad72cbcc51d3251a2deb9f44bc1bd520b0,1,5,0.118559,0.0,1.6339323690907948,0.9772693676497044,4,At Risk
57f637c7fd8000a1992cd295ad0a4200148c0e410428266892845e888d019c32,1,4,0.118576,0.0,1.3071458952726358,0.9774094968617426,4,At Risk
18962cda45d0806f16016439e9c19bf3c3f2ec634e2f5609fa643132e77b388d,1,4,0.118576,0.0,1.3071458952726358,0.9774094968617426,4,At Risk
4c5dc88b6e7786351588af2351744c35c689ee3bf175adeba134b4189e4aa33e,1,4,0.118576,0.0,1.3071458952726358,0.9774094968617426,4,At Risk
3ebbd44d245a23e3913ba841e5c634c4540d00fb4bff421c08359b79c39361e9,1,4,0.118576,0.0,1.3071458952726358,0.9774094968617426,4,Loyal Customers
7985edc9206a358cf10d499ccffde455699bc7f04e8589e0344bab2a23f802ab,1,3,0.118593,0.0,0.9803594214544769,0.9775496260737809,4,At Risk
674303cdb1750d7bfdd8c581f19d12c202221d61fc721bb9e5c2b3808fbf8b6b,1,3,0.118593,0.0,0.9803594214544769,0.9775496260737809,4,At Risk
1c04c7b9fe8623294351cf9c49f7e1e7d16b0db6f0e3cc99abe87b76462ac967,1,3,0.118593,0.0,0.9803594214544769,0.9775496260737809,4,At Risk
1e828228a24792b90652527bb44b248b349326842a82de546094a05d858ff678,1,3,0.118593,0.0,0.9803594214544769,0.9775496260737809,4,At Risk
5707801ad2e981a10eca576c5a96351f57087c6bf0705ff052193ed6905e06de,1,3,0.118593,0.0,0.9803594214544769,0.9775496260737809,4,At Risk
5eece10324504cda0cf95c136a62874179cacd636dcd81b026c028870e5b5226,1,3,0.118593,0.0,0.9803594214544769,0.9775496260737809,4,At Risk
6856cb881986f92660edb0157b74c477d874287428394e2e8daf126e97fa962a,1,3,0.118593,0.0,0.9803594214544769,0.9775496260737809,4,At Risk
55c8043883e419f942fdf7e5e18370ae392cc9ba02b5afe4bf02532a16b0e4dd,1,3,0.118593,0.0,0.9803594214544769,0.9775496260737809,4,At Risk
3e5c662097272dbc77066c9368f3f45b07d2d56e526c8db14779522478a423c6,1,3,0.118593,0.0,0.9803594214544769,0.9775496260737809,4,At Risk
75ad929702e7f22010347d2af75ce4784b917b86b2adc24cdcf0fc20f3a44601,1,3,0.118593,0.0,0.9803594214544769,0.9775496260737809,4,At Risk
67799026dc4a8901a0047f9fc7a34673f9cbf7e16470a85278755c15e0ab9468,1,3,0.118593,0.0,0.9803594214544769,0.9775496260737809,4,At Risk
12be6af633229d11b7df7062304d9ecdfd411f9d9baaec3f9225ab2c982079f3,1,3,0.118593,0.0,0.9803594214544769,0.9775496260737809,4,At Risk
118cd2c397058e63d0f2aff4fef11eb2922702e8683d8dcec5e6c549de342fd8,1,3,0.118593,0.0,0.9803594214544769,0.9775496260737809,4,At Risk
6d3f2ac644fd740352626c645db5ca8402f3fe0dcd3e52706d3458dbceae1534,1,3,0.118593,0.0,0.9803594214544769,0.9775496260737809,4,Loyal Customers
5252a97cea20c3f4d94b043ece8be2e19bd219be9c515f67112f642edb197751,1,3,0.118593,0.0,0.9803594214544769,0.9775496260737809,4,Loyal Customers
5f03ac86e6274042ece34da8c7aa7e77de9bd8e742881a5e494aa41822c4899f,1,3,0.118593,0.0,0.9803594214544769,0.9775496260737809,4,Loyal Customers
51f5604206c25113e731f8c773ce30d95d2dd40170b7b1787133204dc7a2c018,1,3,0.118593,0.0,0.9803594214544769,0.9775496260737809,4,Champions
468b9e179c85451b9b4d7962efeb5c71561e38ae9e19c2e00303d28c6e6cd3f5,1,3,0.118593,0.0,0.9803594214544769,0.9775496260737809,4,Champions
4902ededc31937794740fe6cf72ff48b1e670cb63ad956c0649890e2b85dd8bf,1,3,0.118593,0.0,0.9803594214544769,0.9775496260737809,4,Champions
64154c7682e485804c8666fbfd7f789e9ac0e62d0ecf7732a60d948461b85d58,1,3,0.118593,0.0,0.9803594214544769,0.9775496260737809,4,Champions
690ce4fd5e24351a854e1a9c40e965a26ae3d3fe2250f3056d1c8bcd05be54ea,1,3,0.118593,0.0,0.9803594214544769,0.9775496260737809,4,Champions
1240aab001d8e054d643fb57e5aea62e7c0e3d7550d9ab8e3b4dbe948998eef1,1,3,0.118593,0.0,0.9803594214544769,0.9775496260737809,4,Champions
57b1f58b5c645489ad17501d0ab68ba1a47fe26ba64e34b272c9570f669c581d,1,3,0.118593,0.0,0.9803594214544769,0.9775496260737809,4,Champions
44e83a6f09b00221abaf2edb0868d7d1918c2b56f1e6803627797f9d54960f04,1,3,0.118593,0.0,0.9803594214544769,0.9775496260737809,4,Champions
48c4884673153dbd7f512730369e0b9f36ca99c0cc198ce48cb3a05a4bc12d47,1,3,0.118593,0.0,0.9803594214544769,0.9775496260737809,4,Champions
731577d24bedac9780c0bd6a4d5f4d1f8d261bfff909863a0c09685922f2f4b9,1,2,0.11861,0.0,0.6535729476363179,0.9776897552858191,0,Hibernating / Lost
6e9bffdea40011c5a2c5576bd591d8d31fce5cc23119739a1bf421afded852f6,1,2,0.11861,0.0,0.6535729476363179,0.9776897552858191,0,Hibernating / Lost
63b385b0a40f6db5eca9116286971534217057f9b2c13a00425967f661853549,1,2,0.11861,0.0,0.6535729476363179,0.9776897552858191,0,Hibernating / Lost
12cce7046f1488adfbbb480caff442d16ba536dd7f169b4a81cba1e5a46ce480,1,2,0.11861,0.0,0.6535729476363179,0.9776897552858191,0,Hibernating / Lost
5a0297600a2556c45328142c0430db6dded26f837f24e6d9c1595f5adb96730c,1,2,0.11861,0.0,0.6535729476363179,0.9776897552858191,0,Hibernating / Lost
16b80e94d29a95052bd5ea6f45542e7d5b641171cbfd6401e0c33e96fcac3c4c,1,2,0.11861,0.0,0.6535729476363179,0.9776897552858191,0,Hibernating / Lost
1d8a707d43f07d9090c78dac80d7e424a608defbc7d9da4fd344639dd1cdbff2,1,2,0.11861,0.0,0.6535729476363179,0.9776897552858191,0,Hibernating / Lost
54417f21fc7142adf6ab87d63ed3fa925bae4825a0c8697842114f9d183b03dc,1,2,0.11861,0.0,0.6535729476363179,0.9776897552858191,0,Hibernating / Lost
4fa0316fe54afb641ff82849652d2b9772262311569e8d74651fd23ed6147251,1,2,0.11861,0.0,0.6535729476363179,0.9776897552858191,0,Hibernating / Lost
67a69b0986c56f53d192f6be09645b0937835aa331623934654f393316345c21,1,2,0.11861,0.0,0.6535729476363179,0.9776897552858191,0,At Risk
166465ae3889ddd1010eda58c855d81945c886d4b035176d6bbcbd7cec0f3ffc,1,2,0.11861,0.0,0.6535729476363179,0.9776897552858191,0,Loyal Customers
59c21ec74bee304f54dc510c707b535cb2d8d0b8751d23c2d17ca0369b085b2b,1,2,0.11861,0.0,0.6535729476363179,0.9776897552858191,0,Loyal Customers
45a78e9b050490ff3a368eb8b1a5c2a02899518d54f04a2616f02676abf2d07c,1,2,0.11861,0.0,0.6535729476363179,0.9776897552858191,0,Loyal Customers
471a746d366183eda0fbb99d46c4b5367087a3d58b60ee2365575b977b85124d,1,2,0.11861,0.0,0.6535729476363179,0.9776897552858191,0,Loyal Customers
1420705a9d021e2cfec2a32ee6fbb15b030c791eb7b9d475497e82ba595352bf,1,2,0.11861,0.0,0.6535729476363179,0.9776897552858191,0,Loyal Customers
1c1499fc367936b6ae8cf31295bbcaa973e67d5561df879d1c0e8237f9d7aaf4,1,2,0.11861,0.0,0.6535729476363179,0.9776897552858191,0,Loyal Customers
1c43e18b63da7e2875ee52b40b1d2fe47aca2aef20580d11f30c7d9cfdf2490c,1,2,0.11861,0.0,0.6535729476363179,0.9776897552858191,0,Loyal Customers
435f92ab896d238074d34dcfe632e7ae9185670491be1992d7373b44bbddc16b,1,2,0.11861,0.0,0.6535729476363179,0.9776897552858191,0,Loyal Customers
4e474c5100fdcbf48ec20acd56ca5df8095fbc0aa3a0f0914731d6d8cc3a9588,1,2,0.11861,0.0,0.6535729476363179,0.9776897552858191,0,Loyal Customers
6fad7815816c96849a06c44bd5de00900bd5c59e6173adf5c7ff4a196ed3a07a,1,2,0.11861,0.0,0.6535729476363179,0.9776897552858191,0,Loyal Customers
51cebbf89d74798e6cc5fecc1c42acd418b996403b08fd9fbc7b15ed5cb1e20e,1,2,0.11861,0.0,0.6535729476363179,0.9776897552858191,0,Loyal Customers
3df4bc90888fb621515c95c1738bb647b1599676e0f08a051998f2d2f6d8a5c7,1,2,0.11861,0.0,0.6535729476363179,0.9776897552858191,0,Loyal Customers
66e93a03716c15ca6ddbcd710e8ad6513aa106d208c32a322ca07e26621252e5,1,2,0.11861,0.0,0.6535729476363179,0.9776897552858191,0,Loyal Customers
1d78ba7d4c9272aeebd41dba86b7ef190ef80bda44bd08d85b305cd6c3abf02e,1,2,0.11861,0.0,0.6535729476363179,0.9776897552858191,0,Loyal Customers
4159f4f546692e4763ce0e055e53e3c78c0484207110609c2f808ed6ff2a85e7,1,1,0.118627,0.0,0.32678647381815895,0.9778298844978575,0,Hibernating / Lost
7b7e46ef4e2bb022621136d90eb0e8eb8331fa2b6879b5221383e24160da7044,1,1,0.118627,0.0,0.32678647381815895,0.9778298844978575,0,Hibernating / Lost
57bc3bb8cf22bc1304e5efee2ef26608f768b87ed9cc162d27584e6885073ad7,1,1,0.118627,0.0,0.32678647381815895,0.9778298844978575,0,Hibernating / Lost
6d64e398e852a9294f7eaa9afb3a86347f38d466b51109c74db60c6be229e5ba,1,1,0.118627,0.0,0.32678647381815895,0.9778298844978575,0,Hibernating / Lost
1cca194ef7f3b4749f93c848a5924cbd7ead3db8c03d7bfb7923e00829e40793,1,1,0.118627,0.0,0.32678647381815895,0.9778298844978575,0,Hibernating / Lost
6c491e4794d11ce75b7846238be47f9b5169ffb5c408164bbccf8f075526892c,1,1,0.118627,0.0,0.32678647381815895,0.9778298844978575,0,Hibernating / Lost
1cc1fd18a78a503e6a87481bbe611653255926c8c12823d60af5664e17062af3,1,1,0.118627,0.0,0.32678647381815895,0.9778298844978575,0,Promising / Needs Attention
514c1a66d7a6d642050c855774b91a92a6c2293ca99dbcf3703527a3faea4520,1,1,0.118627,0.0,0.32678647381815895,0.9778298844978575,0,Promising / Needs Attention
7c7d0e41d73e466a79654987c776d1beaee891438f62292d7b5a26ac6291b56b,1,1,0.118627,0.0,0.32678647381815895,0.9778298844978575,0,Recent Potential
1d2d291538e68558c4338118807dbb844248a562a9559754ff41526692e795b5,1,7,0.118881,0.0,2.2875053167271124,0.9799235797836057,4,Champions
6d34cca45ea92d9047eff5d88888dcd3b16857071f4e1cf5207a9be66221ea48,1,4,0.118915,0.0,1.3071458952726358,0.9802038382076823,4,At Risk
65cb3951d1ad45fbc594673a7d1e7bb9ba1399c1046490c24854e91e6084b3c6,1,7,0.119373,0.0,2.2875053167271124,0.9839790840378897,4,Champions
14cd1bda8aee764f11f787943e5578ee2d305f694643d267cf448ea96b19f366,1,7,0.12022,0.0,2.2875053167271124,0.9909608159553256,4,Champions
423559e674358701d35177760166a33b5b682a49fe1e5be6a7397a32a04d125a,1,6,0.120237,0.0,1.9607188429089537,0.9911009451673639,4,At Risk
5bf937cecbd0bed38a33c33a4bc55288ac78c0ede84ff75ce1519b2f344bfea2,1,7,0.120237,0.0,2.2875053167271124,0.9911009451673639,4,Champions
4b2523c17ee361a11638bbd401a9e81f3afbf6b1de58daab955edef6e4c38c19,1,4,0.120271,0.0,1.3071458952726358,0.9913812035914406,4,At Risk
1657bddad6ee5032dd1118062dd996f2bf90e9d81e657258fc49166b58fa7b46,1,4,0.120271,0.0,1.3071458952726358,0.9913812035914406,4,Loyal Customers
640368ef7d4c9e194705b26a32ec8bd501aad83d7a0998c12dfaa3803822ddf3,1,4,0.120271,0.0,1.3071458952726358,0.9913812035914406,4,Champions
769c94be92cf6426844637705fe2220d4d5db903f662ba59b603b5bdbadcf013,1,4,0.120271,0.0,1.3071458952726358,0.9913812035914406,4,Champions
10585147bebcd1012cd061aa11c751d6c4e5024fe3848fd7142aaf1235a473fb,1,4,0.120271,0.0,1.3071458952726358,0.9913812035914406,4,Champions
3de48da1a3458beb9b8d7473226a5336937724a45dc800455d8f4df8356e03ec,1,3,0.120288,0.0,0.9803594214544769,0.9915213328034788,4,At Risk
4e4cb8ab32b8c0c8e8ad7406cb8603fe7fa52696cfaf5e86ac038db2b68dc7d4,1,3,0.120288,0.0,0.9803594214544769,0.9915213328034788,4,Champions
4cd0a384ca0e16241881e78be4c742a8103966bbe07449042cc235eb820366ca,1,3,0.120288,0.0,0.9803594214544769,0.9915213328034788,4,Champions
13c37f385a42d7c9061631e70483f7ff20158f9707b42c0e7674e0f9125ef5ff,1,2,0.120305,0.0,0.6535729476363179,0.991661462015517,0,Loyal Customers
4267370d0288a3c825a3fead07dfd035eec2884657dcb7c835f8191cf9754353,1,6,0.120424,0.0,1.9607188429089537,0.9926423664997849,4,Champions
10b59e87e6ec3471775a3d1ef2274f5f066add0626e40a171e7a66d9c3fb62c8,1,4,0.121966,0.0,1.3071458952726358,1.0053529103211385,4,Loyal Customers
6c2edd4c8c8a77af768f48ceb79987814628077774e74792c645d62199238d39,1,4,0.121966,0.0,1.3071458952726358,1.0053529103211385,4,Champions
4a384c1ab5499d74babe058f6b6dd9619d79b64661bce345b5424029eee8928c,1,3,0.121983,0.0,0.9803594214544769,1.0054930395331765,4,Loyal Customers
1dfa5c234ac899990440ba527331f9037bb18ce5aa95e4d367baff34190e0803,1,3,0.122831,0.0,0.9803594214544769,1.0124830143454384,4,Champions
48ccc20d002117a92fd4dce0e51393f0643a68126683d7c141c2f23490fe2c92,1,3,0.122831,0.0,0.9803594214544769,1.0124830143454384,4,Champions
760d1a68b91846c4bfbaaea05acec5dea632d71caf0dbf4052f6a65fd5ea11fe,1,5,0.123475,0.0,1.6339323690907948,1.0177914386132412,4,Loyal Customers
64701a80c502befa67591e70fdce9bea9f83b889fed9a9ce881e149a74e6230a,1,7,0.12361,0.0,2.2875053167271124,1.0189042294147215,4,At Risk
6de7905fa29c91c3bb92b71b2e5aa8b497d6d5b25b6f07288bbf2457f115c061,1,7,0.12361,0.0,2.2875053167271124,1.0189042294147215,4,Champions
785ffe6f4b9ea79bba1a3c78e2f14ab2019cf5f07402ca97b1ab5877daa29d5d,1,6,0.123627,0.0,1.9607188429089537,1.0190443586267597,4,Champions
64a5577287121e479f9f985e5f250f18928b5772208ac3b8012567cbd8af3c7f,1,4,0.123661,0.0,1.3071458952726358,1.019324617050836,4,At Risk
128d037e4da2872494231b8b5dd4e7b5bcdac84ac573f22d4769a5e080908d48,1,4,0.123661,0.0,1.3071458952726358,1.019324617050836,4,Loyal Customers
63c159b5f126434bba3be215329c15d88df9ec49c09948f4e89e3a0f0cb3a537,1,3,0.123678,0.0,0.9803594214544769,1.0194647462628745,4,At Risk
7896e2fb7fbe995e71cc4daa853286daba0ac96fbba15c80fc5402183b02fdef,1,3,0.123678,0.0,0.9803594214544769,1.0194647462628745,4,Loyal Customers
4ea4164353fad87cb59a57e16abd208372254b5618d71b30bd2e381805af2754,1,5,0.125339,0.0,1.6339323690907948,1.033156194568496,4,Champions
74496560b3d0ecbb87d01bbc91114970e14b7267c527c39e860902308f882033,1,5,0.125356,0.0,1.6339323690907948,1.0332963237805342,4,Champions
117ef2c8c04bf3b0873ffa9d8de7767d6eb92a25a06272247a468dba88a8ae2d,1,1,0.125847,0.0,0.32678647381815895,1.0373435851399921,0,Recent Potential
68f3e3a7263cbd08ccf95c8ca500218eca9bb53340ef690043b72aca49f13274,1,6,0.127017,0.0,1.9607188429089537,1.0469877720861553,4,At Risk
6ffb50c3f8812e4114cb4f4bc3e9901dae719a708057643143649e388eedeb33,1,6,0.127017,0.0,1.9607188429089537,1.0469877720861553,4,Loyal Customers
6f87b0edfb8b081e34626860b64ab73ef7620b1debd8115e9872bda766185b37,1,5,0.127034,0.0,1.6339323690907948,1.0471279012981938,4,Loyal Customers
70d053452f0f1ec89ced1d68d794cad85e02a8581eaa16e70bfc09ec707f9868,1,5,0.127034,0.0,1.6339323690907948,1.0471279012981938,4,Champions
7e8618139887d2596bddecb1087857495d06226ab35fd8ff8da8e8de64452a48,1,4,0.127051,0.0,1.3071458952726358,1.047268030510232,4,Loyal Customers
78e4e4edb7b8b23d34827f54f75854a4ef178a089c112e684a588caf2cd274dd,1,4,0.127051,0.0,1.3071458952726358,1.047268030510232,4,Loyal Customers
662d854a89e23294132b5b85140cea44a1aefc009ac3bb984ddaefcec25317ec,1,4,0.127051,0.0,1.3071458952726358,1.047268030510232,4,Loyal Customers
524267d9471365df95de82840ed8089a52535ddf82d4a682a34f79d17c94c8ec,1,4,0.127051,0.0,1.3071458952726358,1.047268030510232,4,Champions
77aa0c1095964b922d94ec057f1d2fa21ad1aa1e536e4ae674d72549c4a63c79,1,4,0.127051,0.0,1.3071458952726358,1.047268030510232,4,Champions
42af699c93178df08fc2b661777ea82f4cbf458c2d4164d3f7427180fda48da4,1,4,0.127051,0.0,1.3071458952726358,1.047268030510232,4,Champions
722e46850555996c4ce1d7281856a6d1ec197c4edc4e3dd192e7b1fb59334b9f,1,4,0.127051,0.0,1.3071458952726358,1.047268030510232,4,Champions
1d3335a9ca9a8678aa032161eebd0d3d0d4b0b9653e8e446d0dfc84d717536fc,1,4,0.127051,0.0,1.3071458952726358,1.047268030510232,4,Champions
653ecf43000793f3c22b19fc34c8fa39d3b249df9fcf5c20059f4a2160c7c892,1,3,0.127068,0.0,0.9803594214544769,1.0474081597222702,4,At Risk
116ab76d8e060972ebbe162ab80e06022d8980db63d11c24f952916ad29e8508,1,3,0.127068,0.0,0.9803594214544769,1.0474081597222702,4,At Risk
186886343f24b71386aab39bc9aed684f9f10536331f9e4239d90c78d97bc1a8,1,3,0.127068,0.0,0.9803594214544769,1.0474081597222702,4,At Risk
55175e85f46f578a03c654991958d5099dc9eca59f33b52452fb8e17674246df,1,3,0.127068,0.0,0.9803594214544769,1.0474081597222702,4,At Risk
5b8281b462ebfc77053d7eb6f7140d881be95d4c1b9ff2fb7d34e4e7251925c3,1,3,0.127068,0.0,0.9803594214544769,1.0474081597222702,4,At Risk
618ece70215e0ece5f0d9d3f2ef383fbaedfbf4e0f00b3d9b0733d7dd4ace171,1,3,0.127068,0.0,0.9803594214544769,1.0474081597222702,4,Loyal Customers
421e89bd10d5e1ae826a0c07402bc200a55cfe2233f2adbb89e2a5b5dc653245,1,3,0.127068,0.0,0.9803594214544769,1.0474081597222702,4,Loyal Customers
4a4534a32c0110e1a255e7ce2278720b83e8bb4225d271b358c675a133ede2fe,1,3,0.127068,0.0,0.9803594214544769,1.0474081597222702,4,Loyal Customers
4ae283216a9e330457e3d8c5dd7d803d027ef4ab33bd039dea39e2db53b3a02e,1,3,0.127068,0.0,0.9803594214544769,1.0474081597222702,4,Loyal Customers
6145173f412ed8418ab76d26687c4e05a22ba07a98d9a280c97579cc910102b8,1,3,0.127068,0.0,0.9803594214544769,1.0474081597222702,4,Loyal Customers
129501b51eea02839bab40010b115056e3af84836f11a893437a6fbf377efa5f,1,3,0.127068,0.0,0.9803594214544769,1.0474081597222702,4,Champions
5858e9aab6610966a65a43df72c6261b61a41c350c344a7f8652c2be2824409d,1,3,0.127068,0.0,0.9803594214544769,1.0474081597222702,4,Champions
1e20b949d768daced2bf7a34e38130413df62964d5826e3a1c16adbea3fdb231,1,3,0.127068,0.0,0.9803594214544769,1.0474081597222702,4,Champions
1387a96d3ee720c0209fcdf3de1abc1321a07b1af98f044a5d9b52a1e11498ca,1,3,0.127068,0.0,0.9803594214544769,1.0474081597222702,4,Champions
73da55df1e3fd7f9f7d2b9691fdb35015864c0b414616c5d1fa82d4709e08a83,1,3,0.127068,0.0,0.9803594214544769,1.0474081597222702,4,Champions
7930c11633273a7376c14223a2382d8c5ea80e4a5ebadfa94565f9160d5dc1b1,1,3,0.127068,0.0,0.9803594214544769,1.0474081597222702,4,Champions
62431388c9ccc203d5236b438d14d0590864f9e2f20dc66078d3f869196162d5,1,3,0.127068,0.0,0.9803594214544769,1.0474081597222702,4,Champions
6c8f750590e45b0e77b73c62508faf19d016bb0b8742003d5df862290bbdfb31,1,3,0.127068,0.0,0.9803594214544769,1.0474081597222702,4,Champions
3f1f38d850bc2b5fff93dea0beda839cf5c4128d644b635bfa97835fc7ceab6f,1,2,0.127085,0.0,0.6535729476363179,1.0475482889343084,0,Hibernating / Lost
76830de223ae3d0daeb0c8aed151119620d228f4d8424fe9810eee20510b5dcc,1,2,0.127085,0.0,0.6535729476363179,1.0475482889343084,0,Loyal Customers
126001aedc9365e0c17a41c18d6b61b2203db98df5af56182df7b874df1c2e09,1,2,0.127085,0.0,0.6535729476363179,1.0475482889343084,0,Loyal Customers
5df4a576fc458f3b0fd24e450f3018fc8a2d9114413f513ec26d4fcb0e0c9880,1,5,0.12739,0.0,1.6339323690907948,1.0500623718561715,4,Loyal Customers
7f472e71c70825e538e123f168e15108f0a6a2e5e75fe757154a1e85c72c9509,1,4,0.128746,0.0,1.3071458952726358,1.0612397372399298,4,At Risk
60c4131a65a0e49b9075cd2763499c8865456d0a1cd60b0bd293153a8072127c,1,4,0.128746,0.0,1.3071458952726358,1.0612397372399298,4,At Risk
7009db8064307737b96229806d6b8ab09b34510dc93c20fe09c58ffc1ed5d126,1,4,0.128746,0.0,1.3071458952726358,1.0612397372399298,4,Loyal Customers
1176f0ea0fefcdebc035c556b673da57ce6a19d0200465b24fdd7e6e5895e81b,1,3,0.128763,0.0,0.9803594214544769,1.061379866451968,4,At Risk
738487a66a1e68dd54d582cf17dee191926f04ccba31d8ab9d377506eee300e2,1,3,0.128763,0.0,0.9803594214544769,1.061379866451968,4,At Risk
72ff5ac7ba518b043f893e5e0182a0a8c3db2d87fa94e350680655bf402bc160,1,3,0.128763,0.0,0.9803594214544769,1.061379866451968,4,At Risk
5a5972b26f99c8fefd7dc1a9ac9c2b899b75eed22d2226cd0a0b9537730f4b0a,1,3,0.128763,0.0,0.9803594214544769,1.061379866451968,4,At Risk
106a532b7b89d5cb479e1a246e04404ae135c13c3b254751d28f930ac8ea3316,1,3,0.128763,0.0,0.9803594214544769,1.061379866451968,4,Champions
7c0f2a875f598db0df8489598ddb6790a8a573ea577c476c1862cebf967e991a,1,2,0.12878,0.0,0.6535729476363179,1.0615199956640065,0,At Risk
6cfca94511fb6e59946d029d2be4bb8fe79d7f89fa9f324cd2d571c8dc4700b7,1,2,0.12878,0.0,0.6535729476363179,1.0615199956640065,0,At Risk
4e7b3e2e20afdd56f997fa9ed2d145d1c8d9867b2d8c59a34fbfcaf37a5f89cf,1,7,0.129559,0.0,2.2875053167271124,1.0679412107332893,4,Champions
67344dc447a446350b25a23a9e89ffaab6b695143f40f71d9ea620f400197da0,1,6,0.130068,0.0,1.9607188429089537,1.0721368441996115,4,Loyal Customers
72aa15993d4a0af0526e253b8cc8a45c171d30ab161a98b27f0050f40cd70240,1,5,0.130424,0.0,1.6339323690907948,1.0750713147575894,4,Loyal Customers
4dd0e60bd34bafa610f777960ff4ea66331bfcb67f9acc6e1feb4d57f4ab991f,1,5,0.130424,0.0,1.6339323690907948,1.0750713147575894,4,Champions
71b0bbb68a5ec736c2ffb8f8932cd13a6015412579d8f0c902c09f5742cf607b,1,5,0.131271,0.0,1.6339323690907948,1.0820530466750253,4,Champions
5650147fd1ece421008b5d519f8ef89ebdb11c1a2e7532a9f0647a539e9d565a,1,3,0.131305,0.0,0.9803594214544769,1.082333305099102,4,Champions
13c88a9cd95e3afa4ad23bd312e03e5f43852dcb23a281aad1dcd51160c98d55,1,7,0.132085,0.0,2.2875053167271124,1.0887627630632108,4,At Risk
12bd5dab7efdd9b39454402bbdf057309a3a6ac039c956f00528740176e3a78c,1,7,0.132085,0.0,2.2875053167271124,1.0887627630632108,4,At Risk
5be5c68ae01b86e24d3c27192a58c7bdcd2bf0d42bcf1c27be6ef4522b32bea5,1,5,0.132119,0.0,1.6339323690907948,1.0890430214872873,4,Champions
514bdc75e97f6b6e378cb1c6877df4506303be7426a64b857d3ffc707089953c,1,4,0.132136,0.0,1.3071458952726358,1.0891831506993255,4,At Risk
40994eabbbda13976f2834c8db9d6b5286bbe314d61440e55234935877232f20,1,4,0.132136,0.0,1.3071458952726358,1.0891831506993255,4,At Risk
6d24c47007f00acb3021ef87dcb5781fdfa5cd069f121c9c9a5b9b3ee3afa629,1,4,0.132136,0.0,1.3071458952726358,1.0891831506993255,4,Champions
6b7ad151030688aa2759ecd75119971d250b8130efd786ce380e6b05c7aff5a0,1,8,0.133763,0.0,2.6142917905452716,1.1025943405808702,1,Loyal Customers
6c65893950543656a2d3445facf95c8b3f8f1609463a216e62f6f5939b0b2615,1,8,0.133763,0.0,2.6142917905452716,1.1025943405808702,1,Loyal Customers
4f84f9d2f94c895c645246cef3075a151d807a81e4952aabeb6798bd2c6ac35f,1,6,0.133881,0.0,1.9607188429089537,1.1035670021703123,4,At Risk
563ed2f14ed547247b0dbe9881fe1eb17706c4ac830d3e863d9abd58432f1418,1,5,0.133898,0.0,1.6339323690907948,1.1037071313823505,4,At Risk
1dfa7fd7e1209c67e5c6d2a08b559e5d6d409c341961cd8486ee5e3973a05617,1,7,0.135475,0.0,2.2875053167271124,1.1167061765226065,4,Champions
5f6d092cfdb5970793336524d29fca6d29c53fcebe83edde012df4136fb08ea6,1,6,0.135492,0.0,1.9607188429089537,1.1168463057346447,4,Loyal Customers
72fcee5410bb7472785c280cff6eec91b1b816ac70d8e77f7aa48715b4ed29c7,1,5,0.135508,0.0,1.6339323690907948,1.116978192051857,4,Loyal Customers
41ff1106b91bfd697ac99cff97a0a2122c513803c5baa05faf057f61b3c2ea58,1,5,0.135508,0.0,1.6339323690907948,1.116978192051857,4,Champions
610bad19991c264660537146b58b5ec8fb98eb5782d078fa3ebbcedc65cbd271,1,5,0.135508,0.0,1.6339323690907948,1.116978192051857,4,Champions
659840d6c780c00947370eff2c7e6f2c5d4895aa1b8a6a5cc875cc6da47e9a3c,1,4,0.135525,0.0,1.3071458952726358,1.1171183212638955,4,At Risk
15c082db6ae6d558eb5ad7880d3ff1bcc35299e1c46961c65d4b3022601fe6a2,1,4,0.135525,0.0,1.3071458952726358,1.1171183212638955,4,At Risk
105d1d230e420caadb078b7785a63b821e8f42e8c15531400f2c79e4f7db6863,1,4,0.135525,0.0,1.3071458952726358,1.1171183212638955,4,At Risk
57927e590692c8003263a13cca8b2fc260f35e3fcbae56488ea1ffd6e07b6792,1,4,0.135525,0.0,1.3071458952726358,1.1171183212638955,4,At Risk
71d3023bbf4a0b252e61809065916a9ffe014db5a23182dc0c984569d559eee3,1,4,0.135525,0.0,1.3071458952726358,1.1171183212638955,4,At Risk
16a33d79822af24418fe7d9ed885a43a1ab916374c375e7386a6f8f57782eec9,1,4,0.135525,0.0,1.3071458952726358,1.1171183212638955,4,At Risk
67023f033afea77eb27b687532d9d6694d15b9722a1819fe4e35a5680aad073f,1,4,0.135525,0.0,1.3071458952726358,1.1171183212638955,4,Loyal Customers
5d104ab543e739c5e35435f016ec0d5296184b63bd91462155da492bd64bc5ad,1,4,0.135525,0.0,1.3071458952726358,1.1171183212638955,4,Champions
42a56cbe7cbd5edec472e667e65a24a56726ed4760e183606e3e18b57377cd1a,1,4,0.135525,0.0,1.3071458952726358,1.1171183212638955,4,Champions
799f222b3b1d4f5d4e53997df016f35a0bacf768daace4800a08a932fbb85900,1,4,0.135525,0.0,1.3071458952726358,1.1171183212638955,4,Champions
6f7d16af451cdfd305b724c2ec02ff1fea2db7178a13e02ff2505dab3770fda2,1,4,0.135525,0.0,1.3071458952726358,1.1171183212638955,4,Champions
189f906bde5711a259d38aebc08bd0f6a032c5ce3e68716552987498bf736f1c,1,4,0.135525,0.0,1.3071458952726358,1.1171183212638955,4,Champions
58e2672649664200b57c560256048992ed574dcd142bd6ce27d6626b805f4494,1,4,0.135525,0.0,1.3071458952726358,1.1171183212638955,4,Champions
4a8e7555d0832884045c0e3d917b9334d7d50238ca76526559dcbf890a7e3873,1,4,0.135525,0.0,1.3071458952726358,1.1171183212638955,4,Champions
71d891872e0f4c70f09a1740dcf45cae1b576845cf7b901a75f129cb32756f7c,1,4,0.135525,0.0,1.3071458952726358,1.1171183212638955,4,Champions
7da7a88654d0a87120d01cfd37589595a8ff4bbc3333ae71e52778fc43311aaf,1,4,0.135525,0.0,1.3071458952726358,1.1171183212638955,4,Champions
67f1acccd65d9c5ea8e65160ed9221370987b36e043936228a7f26acf586ea61,1,4,0.135525,0.0,1.3071458952726358,1.1171183212638955,4,Champions
76f1add20d8623e562d6c769d9085f767c73416142cbe710253703cd9419afc9,1,3,0.135542,0.0,0.9803594214544769,1.1172584504759338,4,At Risk
66e34e1df6f42c5327711d3f9a12733ae6a61f3dee52ca5d5d4e6897dac2e8c8,1,3,0.135542,0.0,0.9803594214544769,1.1172584504759338,4,At Risk
138b164e905649d983cb5a12d857389253614319c94c01f11318a87ad612c883,1,3,0.135542,0.0,0.9803594214544769,1.1172584504759338,4,At Risk
7925ec0323ddf0a76789930e0bee291f25dc96007ce040760716f1507a1c2376,1,3,0.135542,0.0,0.9803594214544769,1.1172584504759338,4,At Risk
66f5fb0e68e8019bf03c4d83aca24020bc196ab820307888d06fcb31a39f6dbd,1,3,0.135542,0.0,0.9803594214544769,1.1172584504759338,4,At Risk
4e6ddd93f7d68aa40beeb703bbafa9ba0933fd5f202e58f5ca67ddcdb361b5c8,1,3,0.135542,0.0,0.9803594214544769,1.1172584504759338,4,At Risk
16f72df36a5cd0b63d9d09d898d00b2b28586d0a3f01ce21119127d242b60075,1,3,0.135542,0.0,0.9803594214544769,1.1172584504759338,4,Loyal Customers
7386bfe5faf82399c3ebc7adb02b26b5e4fa5905ee02f50fea33a1fb3c9ee0a1,1,3,0.135542,0.0,0.9803594214544769,1.1172584504759338,4,Loyal Customers
78879aa2938a769d7dd7a7a1c65073aa8e772760757af3a7210565c9a110e259,1,3,0.135542,0.0,0.9803594214544769,1.1172584504759338,4,Loyal Customers
5d216f2357af9b553e43d03fc8dc943c78f8d0cf768cbc3137da1277a3c2c0f5,1,3,0.135542,0.0,0.9803594214544769,1.1172584504759338,4,Champions
166d4e63184f6762cb6ca137510eebd6f7bf1edb2bc06964d1f965c5fb434e0d,1,3,0.135542,0.0,0.9803594214544769,1.1172584504759338,4,Champions
609d1c3c764d4fca092d3d2a491d6822c166962225ac5815ae7d4105e06d0fe7,1,2,0.135559,0.0,0.6535729476363179,1.1173985796879722,4,At Risk
1c83318a0cdda2afb29de9b75027310e66027fccaa556f19f9d3f64ef22fe03f,1,2,0.135559,0.0,0.6535729476363179,1.1173985796879722,4,At Risk
177e0d3724bf8d9cc49065cf31e960ba43c3b169ea518b0e7da9555df2414bb3,1,2,0.135559,0.0,0.6535729476363179,1.1173985796879722,4,At Risk
5b7ea3f6d3c117018f900174cbbe8c2dd0d12736504f283f4ec63b9470ccf9b6,1,2,0.135559,0.0,0.6535729476363179,1.1173985796879722,4,At Risk
4a289ac8cb8861cb332f28c93d0596c7fb3f40b316b72fb4291e791dd78c3a08,1,2,0.135559,0.0,0.6535729476363179,1.1173985796879722,4,Loyal Customers
4a8098edfc2a3c45e369e397b5459c30beebb83946aa508cf260ded49ec6382f,1,2,0.135559,0.0,0.6535729476363179,1.1173985796879722,4,Loyal Customers
703be2d1c8f589434f994844b89acc00b0861a6228e43dcb9b89bc11cbfdec57,1,2,0.135559,0.0,0.6535729476363179,1.1173985796879722,4,Loyal Customers
7ab3c7640cf94e40c7aa81f577aaeb8a732384aa3fd1e27ab5872e205ce77934,1,2,0.135559,0.0,0.6535729476363179,1.1173985796879722,4,Loyal Customers
5c06ca3af9f5b25d238cc49ab3bef669c30d10b1d159e046449e563fd187db5d,1,2,0.135559,0.0,0.6535729476363179,1.1173985796879722,4,Loyal Customers
3eca87df7c3ff9670e35eb2d6b974df171085453c37184a7e67a48c13f3589f1,1,2,0.135559,0.0,0.6535729476363179,1.1173985796879722,4,Loyal Customers
5ed71a67550c0b68d02fd3c3b6f0c7ee8a8646cb0f1af47f8e42e220a0138be2,1,1,0.135576,0.0,0.32678647381815895,1.1175387089000104,0,Hibernating / Lost
0fe9c0a35edd8101b0890758eb53f06fcd902d0236ed8ceaf28da8fb85804d59,1,1,0.135576,0.0,0.32678647381815895,1.1175387089000104,0,Promising / Needs Attention
7731c9a2550b8f09a063cf9d91014ea75c655105e761848af963914ec24b4806,1,1,0.135576,0.0,0.32678647381815895,1.1175387089000104,0,Recent Potential
3ec69c320b6aced81bb43622aafb3900db4c9414679c48476cb39834ccb9a359,1,6,0.136339,0.0,1.9607188429089537,1.1238280376520806,4,At Risk
126bd638a92ab90deeacbd6abfb6d3afdc9ffed9aa178443eee5f16583a0cc03,1,5,0.136356,0.0,1.6339323690907948,1.123968166864119,4,Champions
1b32ed464d648e03f80776743c2a15bb52f2f0efffc772f35d78dcc95002b7da,1,10,0.136441,0.0,3.2678647381815895,1.1246688129243105,1,Champions
4be9cff2beacbb5f39c15f9d672cfaf9d53bcadc12fbe5cecb6ec2f8dc9eda12,1,6,0.136763,0.0,1.9607188429089537,1.1273230250582116,4,Champions
189a65461f77ed2d1621bb1201e68c4af1cfacf110d08e103588c0bcac0f0fa3,1,7,0.137169,0.0,2.2875053167271124,1.1306696403574787,4,Champions
7c0c8b2a60a729db323de23990f63b7dae019014ced944218a6ad114cac763af,1,6,0.137186,0.0,1.9607188429089537,1.1308097695695167,4,Loyal Customers
3e6e0b48533d78a99e301581f179f8abaa2de0a4c52cde5c5c644a8408c8d403,1,5,0.137203,0.0,1.6339323690907948,1.130949898781555,4,At Risk
70c50d5fe3176af5dc52f840fbf592d5cdcd2b69ddb9b19195363b1a0cdfa893,1,5,0.137203,0.0,1.6339323690907948,1.130949898781555,4,Loyal Customers
53fc32974ae9fb53dc7715aa5f5c21dad233d783d4208c45828e89ddb88de4fc,1,4,0.13722,0.0,1.3071458952726358,1.1310900279935934,4,Champions
574ad6f64e7ed677fdf5ffca314f623cb9bcd9c17e634cdf633186659e8a6076,1,3,0.137237,0.0,0.9803594214544769,1.1312301572056316,4,At Risk
520978678eccba33d7dba57de933e702b35bfea21dd99cddf0903e89f116dcdd,1,3,0.137237,0.0,0.9803594214544769,1.1312301572056316,4,Champions
1111ca5555ad747c35d538bb1c3128f4aaab77094afff79ef26f025e87b2dc85,1,2,0.137254,0.0,0.6535729476363179,1.1313702864176698,4,Hibernating / Lost
73f94cca1b26f360c342c0e49443e037c03f6ee240c1ef7bb3eafed0168fc06e,1,2,0.137254,0.0,0.6535729476363179,1.1313702864176698,4,Hibernating / Lost
61d5d1be75151b64a0949c397226a5845ab6e649e1d8afda09852726e73d34ef,1,7,0.138712,0.0,2.2875053167271124,1.1433884270736578,4,At Risk
51330a7453a5a5a4b2a6733d18bdb3726e2eb1cdc0323dea1680b732611760a1,1,4,0.138763,0.0,1.3071458952726358,1.1438088147097725,4,Champions
6f2086f21715776963bd2b322cb9f7d27c2e5993364bb2da99ebe672fa98007d,1,6,0.138881,0.0,1.9607188429089537,1.1447814762992148,4,At Risk
4dcac4d3e6b9c87e12915f45edfe762b02936063d56a52ba81f315f477ec7116,1,5,0.138898,0.0,1.6339323690907948,1.144921605511253,4,At Risk
58427236109b1f494e13b4e8f00ad5496e294d2806f19afc8655ae9e05e9775b,1,4,0.139763,0.0,1.3071458952726358,1.152051709535553,4,At Risk
76f4644d084b5c7aa513936de5f51476863aca357157305136ae07555b6df349,1,5,0.140593,0.0,1.6339323690907948,1.1588933122409508,4,At Risk
147afe5f58bdf6f26334e4e2670ac5cad517c87010dd4d6d3ba978d76afa8824,1,5,0.140593,0.0,1.6339323690907948,1.1588933122409508,4,Loyal Customers
1450338fa07dc70cae9be5d5a7b78d72e2c459d7c30c334f1cc6332848229053,1,3,0.140627,0.0,0.9803594214544769,1.1591735706650275,4,At Risk
7ebd48d6397dbeb4901006219985a8c6b2cb8ecc52fd65eb67f638c987eba725,1,4,0.140949,0.0,1.3071458952726358,1.1618277827989285,4,Champions
720986433fdacadbf8052e8449e6504e2880845e369d8a8fde580c76880d8244,1,8,0.141898,0.0,2.6142917905452716,1.1696502899885943,1,Loyal Customers
771fccabf87181f4dd846bdc9832ee7fc72c62b5acadabbd0ffe073433ecacd6,1,6,0.142271,0.0,1.9607188429089537,1.1727248897586104,4,Champions
51b3a11de1654d28552eb3ea7ed40474dce98c89cf4ccb919eb8daba7c44aef7,1,4,0.142305,0.0,1.3071458952726358,1.1730051481826869,4,At Risk
7359f09bc0961819fa1a7d4fdbd2021b73b4e2071fb08f97fa7b470c4caac708,1,6,0.142542,0.0,1.9607188429089537,1.1749587142563969,4,Champions
484fa52f840544dbb8067e139cb38ad5ba047bcde95246b6d53f45beed024919,1,8,0.143932,0.0,2.6142917905452716,1.1864163380642319,1,Champions
17f7513494c996d990a2e98681e53bdab77ce9cd49f4d6d17ba98b1df5812713,1,8,0.143932,0.0,2.6142917905452716,1.1864163380642319,1,Champions
128c87b1a458d49c72ee493e1956a95079d16168c3bbcb7cad766c6581cb0b7f,1,7,0.143949,0.0,2.2875053167271124,1.1865564672762698,4,At Risk
78d5149b45d8c26647cdb60efac3f7c54ac15e15d144bf9c074f5dc588bf2798,1,7,0.143949,0.0,2.2875053167271124,1.1865564672762698,4,Champions
15a0aea6b73d1b16167d42e17f447bf9a465a25eec128b8f2906cdf9e11ca207,1,5,0.143983,0.0,1.6339323690907948,1.1868367257003465,4,At Risk
482bf2736e44b219df263613f6f649c3bc6c7e0edabb78bdc31a829983f3b324,1,5,0.143983,0.0,1.6339323690907948,1.1868367257003465,4,At Risk
69d4e0608c875f398f47003ba6f11b4a3f590f5461cb1f0c09bf21a3bee2de7f,1,5,0.143983,0.0,1.6339323690907948,1.1868367257003465,4,Loyal Customers
189fbd35129c57873293d112066b2e5aedf1058b7ecf9974d1d428ca681f4591,1,4,0.144,0.0,1.3071458952726358,1.1869768549123847,4,At Risk
6e2c09070d2edff44618e89db8d946e586b710d8d320bc2f59e10e34f711cc41,1,4,0.144,0.0,1.3071458952726358,1.1869768549123847,4,Loyal Customers
61e5a3cfe54f5fb65c20ce8b2906fb1c1730000f169383a33eb4782cf1ea4222,1,4,0.144,0.0,1.3071458952726358,1.1869768549123847,4,Champions
13f4cc5998ddbc537ba8bad41a2cbfe6ecb391d3e1041f2f35d8fec5b910ae44,1,4,0.144,0.0,1.3071458952726358,1.1869768549123847,4,Champions
1e90415c22d3302339c957c95f0e97e92a934be728f9beb9d3fc025110079598,1,4,0.144,0.0,1.3071458952726358,1.1869768549123847,4,Champions
4b22bf6d79af58b252f38eb53da00082612a10a7774745723f53b2410412cff7,1,3,0.144017,0.0,0.9803594214544769,1.1871169841244231,4,At Risk
63c1d05bb519bfcec93a6fdb3f6e241007e935258f3328fc3811b5ae15a2a206,1,3,0.144017,0.0,0.9803594214544769,1.1871169841244231,4,At Risk
7846f270f0addea22243125394538586594b178f927b1ac116b2baa22f304886,1,3,0.144017,0.0,0.9803594214544769,1.1871169841244231,4,Loyal Customers
5af90f0a3781188f3e2eec832eb947768e94a38295adee01309e6fd185d925ea,1,3,0.144017,0.0,0.9803594214544769,1.1871169841244231,4,Champions
7649f333fa06e3a895d6486414b081a5f3cda177d56a0adac816d74515daff08,1,3,0.144017,0.0,0.9803594214544769,1.1871169841244231,4,Champions
15c1963969bf0bd46b0247690ab05e520bff29b2d2f68bfda74bb935c606bc42,1,2,0.144034,0.0,0.6535729476363179,1.1872571133364613,4,Hibernating / Lost
111c81c01ffb01e8ab479a20500508ba2f7c825e155f516a8c81c48aa12ff292,1,2,0.144034,0.0,0.6535729476363179,1.1872571133364613,4,Loyal Customers
552244382e462de52a672d7e1f17c54e26027397c93dd05437456ab9521d4d13,1,8,0.14478,0.0,2.6142917905452716,1.1934063128764936,1,Champions
65520e19aeaea408cc884f93ae6f2e97d801f691d5faeec92ccd0da8b2247f88,1,7,0.144814,0.0,2.2875053167271124,1.19368657130057,4,Champions
5ef9f3e3806002b5a351fdeac1848b058f27eef24a594da948704bd94ecbc8ee,1,6,0.144831,0.0,1.9607188429089537,1.1938267005126082,4,At Risk
685a60fecca6d016cabf445eda2ff7488f480b9243a1d0465c7b89baa9c2a0ed,1,4,0.144847,0.0,1.3071458952726358,1.1939585868298208,4,At Risk
592e9e4c77f1019a8428eaaf999999007b614fb40469e47d4c0d51734aaf3b43,1,7,0.145644,0.0,2.2875053167271124,1.200528174005968,4,At Risk
7ca906bf8b02d04291573fe51d47ee08492251849e4693c2932869c420aa23b0,1,6,0.145661,0.0,1.9607188429089537,1.2006683032180063,4,At Risk
60fca585749966052ac243b2bd1ed28fb204d94c7486c16ab5ff6c3a2c62b0f5,1,6,0.145661,0.0,1.9607188429089537,1.2006683032180063,4,Champions
783c453a987da4ffdb702abe63f5f4e51e62e9e059209b599ad96c0cb4cddbb6,1,4,0.145695,0.0,1.3071458952726358,1.2009485616420825,4,At Risk
47e71fb8e21219db5e1c3e74f03ebbb833767f96418e420ed057389eb88d6d81,1,4,0.145695,0.0,1.3071458952726358,1.2009485616420825,4,Loyal Customers
7ad295f6e38337dcacebda919d646c9b087ffcde2f729ba4f8ccf9acae3c916d,1,4,0.145695,0.0,1.3071458952726358,1.2009485616420825,4,Champions
1e8edaa0db153c67eff23b62a6aff9343de210f3b72018bf07fff352112d3d79,1,3,0.145712,0.0,0.9803594214544769,1.201088690854121,4,At Risk
5ef796d9b236bf02d87ef9ad2f5af93ed429c56857e2e73368af4b02bc44bd56,1,2,0.145729,0.0,0.6535729476363179,1.2012288200661592,4,Loyal Customers
62bfb03577bbea484219290f96f9eb2754e59dcf1124c64e06c9d4278498cb18,1,7,0.147339,0.0,2.2875053167271124,1.2144998807356657,4,Loyal Customers
45dd813a1a2b30f6d3174e38193dce1363fa7ffb306fc13569a5c458668ff11d,1,5,0.147356,0.0,1.6339323690907948,1.214640009947704,4,At Risk
70b5a58c34dfb0b051caa1057a17f31cd0e3a46d14a1a134071bcb12340a1189,1,5,0.147373,0.0,1.6339323690907948,1.2147801391597424,4,Loyal Customers
546b41214ba0a9f7d330426eeb295c0b83ae7bb8ece4c6a8dad9597441ab569f,1,4,0.14739,0.0,1.3071458952726358,1.2149202683717804,4,At Risk
166546028742fe6558df416a834ef1ddf40582273f64e1e529a32f65d2e8296f,1,6,0.148203,0.0,1.9607188429089537,1.22162174186514,4,At Risk
7ccdc91eb1cf6b8672ceb7b8d731a57e9977abb419e091fdf6f5e59c43717af1,1,4,0.148237,0.0,1.3071458952726358,1.2219020002892167,4,Loyal Customers
5c68a15b8a14fd94b877661cf8fa518ef4fd73bb5eb12eabd8af8f9d1c72d625,1,3,0.148254,0.0,0.9803594214544769,1.222042129501255,4,At Risk
1da47d250573adde561eb7a9761f65552c374c27fb17770fde26125a0b7da942,1,2,0.148271,0.0,0.6535729476363179,1.222182258713293,4,Loyal Customers
487c1d6fef2144066ca6ae0195bb5b1ac4b776b74c443d54d2f4b243750db039,1,8,0.149017,0.0,2.6142917905452716,1.2283314582533253,1,At Risk
5e368249b6975939f66c77fb85e8ee8f11a2eb33b897935f75ddc09ac1d70286,1,7,0.149034,0.0,2.2875053167271124,1.2284715874653636,4,At Risk
5cec032bc6754a74dc9a36b4d45dba054b6dd3ba22539e66a19811e84f1b040c,1,7,0.149034,0.0,2.2875053167271124,1.2284715874653636,4,Champions
7127b84aa3c72b88ab669132b4e15dc3a9d5822d1ae10ecfe427315ca84f6c85,1,4,0.149085,0.0,1.3071458952726358,1.2288919751014784,4,Champions
506c97ca9beda1ffea8f1e1ae6dbcac22645981401393c41e05046fdf77061ba,1,4,0.149085,0.0,1.3071458952726358,1.2288919751014784,4,Champions
49cb1b395eeee15686cf28c898c04eb233ab482aec2e1610c7ba0c5092b28156,1,4,0.149102,0.0,1.3071458952726358,1.2290321043135168,4,Loyal Customers
7f7b39c328670b435bfaf62f7b57fcebc379072b91ee9bafbe2103ccf2298c25,1,5,0.150763,0.0,1.6339323690907948,1.242723552619138,4,Loyal Customers
1b15a4250f91b8a9f8c18397f89ad752fd90f465a8182292e6eb01c509f9e9eb,1,5,0.150763,0.0,1.6339323690907948,1.242723552619138,4,Loyal Customers
6880e797ad704b88e85dbb8f96e9f1f274d4e121a2c9148151edd6975b685a01,1,4,0.15078,0.0,1.3071458952726358,1.2428636818311762,4,Loyal Customers
4f2d011a0d0313e649c628f8279f9591536c0ab7764f8855bc9af68ce1aab972,1,1,0.151017,0.0,0.32678647381815895,1.2448172479048862,0,Hibernating / Lost
5b595412d89ea232ea2f1f0eba7c418f0e8e2fa7d2d0201cb9d6cec4c30574d0,1,5,0.152458,0.0,1.6339323690907948,1.2566952593488359,4,At Risk
616f7b45fb9f0bd8e548f17db8ecf3c6853932a618009e951f97bb5643302f73,1,5,0.152458,0.0,1.6339323690907948,1.2566952593488359,4,Loyal Customers
7cc30c0ed2bfa8c77c86b67e0c3bdcc2aeaa7a789d7556004ad53a26fd613f7b,1,5,0.152458,0.0,1.6339323690907948,1.2566952593488359,4,Champions
43013a4e5447d1fd7e1fe63899062ceafd8bdd524f7554ae83aa7ad22b60845a,1,4,0.152475,0.0,1.3071458952726358,1.256835388560874,4,At Risk
3e9480552c4d76e654748fb9436c4243abed679b1573f4b0d50a13d01689b06a,1,4,0.152475,0.0,1.3071458952726358,1.256835388560874,4,At Risk
1ca02c7dca1dea35f35b3a6b259099d56832601ca39112c74ff850208e1569fd,1,4,0.152475,0.0,1.3071458952726358,1.256835388560874,4,At Risk
4a371ff7be43580774d88c6c898116479181a405d94f9eb11bf48ddab9560f95,1,4,0.152475,0.0,1.3071458952726358,1.256835388560874,4,At Risk
1195d9cc0acb16d919c78b8e62ef4a0ff69fac0a0eb65000c0f22579d05182ec,1,4,0.152475,0.0,1.3071458952726358,1.256835388560874,4,At Risk
56a2d8fb956868410043e0c16d6c6ed1c77f24acce637a074a5ed410aef98d71,1,4,0.152475,0.0,1.3071458952726358,1.256835388560874,4,At Risk
487c52269648a500d38e1005dd0cf2d0e9a5f22e77c21180ee25e394f62c6e54,1,4,0.152475,0.0,1.3071458952726358,1.256835388560874,4,Loyal Customers
4d910d9823d18630076a39dc27bce90eba2d0940071a8d0ad1b9efffaeaab3e5,1,4,0.152475,0.0,1.3071458952726358,1.256835388560874,4,Champions
49b9854698ccf618a463f0ccfb71288a554062fd42c2ee3629960333f257e8b3,1,4,0.152475,0.0,1.3071458952726358,1.256835388560874,4,Champions
16c2bd8a3ef36a67305545d5eff82d284f7558c45de4d2f964d7fb0b4749bc5a,1,4,0.152475,0.0,1.3071458952726358,1.256835388560874,4,Champions
76047cb1a793838b36cba1c493d566c80f9ea26de53266b0e76edd0918385599,1,4,0.152475,0.0,1.3071458952726358,1.256835388560874,4,Champions
716679e8c28e41920953b2249eaef2c9055d951ea12fef77a40beecdb041a59b,1,4,0.152475,0.0,1.3071458952726358,1.256835388560874,4,Champions
171ca34974a287693eaf5e28ce50b75823dd528210851f75cea557586bcaa953,1,3,0.152492,0.0,0.9803594214544769,1.2569755177729123,4,At Risk
6209b94a00da1e406d4e3c3518a09eabe841986faafb57f2bfd781bad80320aa,1,3,0.152492,0.0,0.9803594214544769,1.2569755177729123,4,Loyal Customers
1cc2cf132255c7ace4ec3227fb198e018bc6a015fe2ab02a1730d7f26ac71767,1,3,0.152492,0.0,0.9803594214544769,1.2569755177729123,4,Loyal Customers
45f0e06dcfee1fb6b8d24830aa4a4dedb8e597876d27305821c9c5f3e8125530,1,3,0.152492,0.0,0.9803594214544769,1.2569755177729123,4,Champions
738b5c108ba335022154274fed70eca4409cf075bd73a05b41568e2aa53e2028,1,3,0.152492,0.0,0.9803594214544769,1.2569755177729123,4,Champions
6e487f03f6f19f620ea4b6e8cabf79dc4ee26c8fe03db87968233f49415a41fc,1,3,0.152492,0.0,0.9803594214544769,1.2569755177729123,4,Champions
132c45178a64b85c57120ac2592d4c2b01f4c092c6c2cf88bb55958fbb66960a,1,2,0.152508,0.0,0.6535729476363179,1.257107404090125,4,Loyal Customers
4fea33a4df47d34176dbf4500dc727c23fe9ddf5eb730c96a10946f66598c32e,1,1,0.152525,0.0,0.32678647381815895,1.257247533302163,0,Recent Potential
145869abdb6e1e866235443452c3adb4576c3b3575b54896d7e8eeb210c3d489,1,1,0.152525,0.0,0.32678647381815895,1.257247533302163,0,Recent Potential
1d8fee97380d255070cbeda81d7bb833f4a8182498c6938985c876ee1fb94e71,1,7,0.154119,0.0,2.2875053167271124,1.2703867076544573,4,Champions
4f5bcd2c9f20f92db2cdb2d86df4190262d774db4031edd65ab6635cba7e64ca,1,4,0.154169,0.0,1.3071458952726358,1.2707988523957463,4,Loyal Customers
11c8dbf44f0fa0f26ba73d5f2954e98fd22b7b709213bd23f6073c88a7a28ab1,1,7,0.155814,0.0,2.2875053167271124,1.284358414384155,4,At Risk
5c20c38308c54e8048767dbfbeeb1aa57fbb5a7977e7a052b3e9a4c7b2a99711,1,6,0.155831,0.0,1.9607188429089537,1.2844985435961933,4,Champions
3e4c9f4654addf9f164fbeba9593eda05b7ae5dfacd329b6bfdab9978e513867,1,5,0.155847,0.0,1.6339323690907948,1.284630429913406,4,At Risk
447d72e1505cf2aee462d003adcdd2c0fd3e914f7afc846f166a3785333bba38,1,5,0.155847,0.0,1.6339323690907948,1.284630429913406,4,Champions
0fc371e67e61a31d71dd74aeec841e3ba386c168ed8d6023e3c68d512c4c7400,1,4,0.157559,0.0,1.3071458952726358,1.298742265855142,4,At Risk
5b34f8adbd1ebc175c5bea40a9a95adca268eafd6c4699cf3738c18ee4657fae,1,4,0.157559,0.0,1.3071458952726358,1.298742265855142,4,Champions
7e85920eb586ee9030e6da2fae1e60033f17df62816e36cb9df7dd5f65c84ea6,1,3,0.157576,0.0,0.9803594214544769,1.2988823950671802,4,Champions
6ba1f1081c3878e6ce50def9f2d6f580c80f3c6e563733ab4ad1cf4ba9312507,1,6,0.160915,0.0,1.9607188429089537,1.3264054208904612,4,At Risk
1eb008458f4ad1f7e9c1fd3a692a82bda96a75adc70e0e01f90c0006306a40a1,1,6,0.160915,0.0,1.9607188429089537,1.3264054208904612,4,Loyal Customers
4444ed9a7338834dd26e9264a6cb686fb32a93e734e50f2262c8db7ce74921ee,1,5,0.160932,0.0,1.6339323690907948,1.3265455501024994,4,At Risk
7e189831e2ab18ac46b8b1e42bfd565a6052d1d0ea009b15adf338c641bc2a32,1,5,0.160932,0.0,1.6339323690907948,1.3265455501024994,4,Champions
561f83f51b26d838b0de6ebb74ea009dff689b51cefbaa6919a71d97efbb9151,1,5,0.160932,0.0,1.6339323690907948,1.3265455501024994,4,Champions
43c247a09b91a6a23f0be45646353d6507028ffcfc6c2f46a8dcdaa4671a0383,1,5,0.160932,0.0,1.6339323690907948,1.3265455501024994,4,Champions
540fe0035cc9f36a1b0ee7bd7b2973beae7672cdf214a7eeb7bcbaaccadef473,1,4,0.160949,0.0,1.3071458952726358,1.3266856793145376,4,At Risk
54f689a97df32e54224b5207736227e843caab8e627c6466ad35e2282cea76f1,1,4,0.160949,0.0,1.3071458952726358,1.3266856793145376,4,At Risk
5e239b35a5f1eff0778e9261ffdf8d147b347687173f56c15ecda6aa4623fef3,1,4,0.160949,0.0,1.3071458952726358,1.3266856793145376,4,At Risk
47b77e73dd60193bc16ee3a3243bc165d12bbd295a4b5a337c02838aa255a5a9,1,4,0.160949,0.0,1.3071458952726358,1.3266856793145376,4,At Risk
5998f01c1753858f41a5435a0eb09dd749e56078686c53b428d0fe4670be95bb,1,4,0.160949,0.0,1.3071458952726358,1.3266856793145376,4,At Risk
65e6574f3166666b0dd39f10d585adbc3cf3b820e69c1bfdcb155f00a1ba1a4c,1,4,0.160949,0.0,1.3071458952726358,1.3266856793145376,4,At Risk
62977d971e59f2a9fad4524e5848a1c0cf2a739f98b1bb463278fc3b9eb3a543,1,4,0.160949,0.0,1.3071458952726358,1.3266856793145376,4,Loyal Customers
162d97477483d12bd8bf045b3adb3ffd503c4962b06acb15943bd691ce98a359,1,3,0.160966,0.0,0.9803594214544769,1.3268258085265758,4,At Risk
5e498868a39e8bb3852cab6cccac6a7b18ef8293150c2824b8bfd5139f5d50d3,1,3,0.160966,0.0,0.9803594214544769,1.3268258085265758,4,Champions
69bc8cd1e06d9753d9984fcf374e69681e1681bde4042f48af1aec24dece6e47,1,3,0.160966,0.0,0.9803594214544769,1.3268258085265758,4,Champions
5e19b8b37057c561ee0365abe07b632f4c8964e51769748edeb31c472da3aeed,1,2,0.160983,0.0,0.6535729476363179,1.326965937738614,4,Hibernating / Lost
10fbd7263cb325ec7152983e9c929746109f3dd0a2795ee169d85c284f6eece1,1,2,0.160983,0.0,0.6535729476363179,1.326965937738614,4,Hibernating / Lost
6ebc5f2290993f1d4cb76b647f6f2674de9bb37e452193bb62e12ec450845465,1,9,0.162559,0.0,2.941078264363431,1.3399567399840442,1,At Risk
69afd52e55a05dd2f6ccdd8c54d1e5656c3a725021b12679da193cabf6e5564d,1,8,0.162576,0.0,2.6142917905452716,1.3400968691960824,1,Loyal Customers
71858cdf60aca2535e4b1405e240ffb1007c3953bf472757bd73369dcc9bc420,1,7,0.162593,0.0,2.2875053167271124,1.3402369984081206,4,Loyal Customers
5bc26b3f8435a8f7ef7813a10acd1d7430b54e7ea0b979a1b4600b5f5401d21b,1,5,0.162627,0.0,1.6339323690907948,1.3405172568321972,4,Champions
570f316b7a55a278bc22b66cff78e09b54f3150407bfed3d0d1b1ee57e28bb9f,1,5,0.162627,0.0,1.6339323690907948,1.3405172568321972,4,Champions
458c82a5b2374062fa7f82da84dd7697d7633d92e89eff3b27afcbd37e3b6374,1,4,0.162644,0.0,1.3071458952726358,1.3406573860442357,4,At Risk
61ebbf32ade62af83f83ba77ee7d954028e01fc36418ea32b4ef5d704ea873cf,1,2,0.162678,0.0,0.6535729476363179,1.3409376444683119,4,Loyal Customers
1786c3bd0155af0d418f1300088bb9f9e6edc4da790ea1aa47f91c32c66e2fcf,1,2,0.162678,0.0,0.6535729476363179,1.3409376444683119,4,Loyal Customers
112c9b269104dd31a9c9b2eef4236c734c9729b5a1ac405165836e23b40b81a7,1,6,0.164305,0.0,1.9607188429089537,1.3543488343498569,4,Champions
5445a8017a614f74b7caf15c4b17d5b5a696a745de082b5738c9796fb7670c0c,1,5,0.164322,0.0,1.6339323690907948,1.354488963561895,4,At Risk
617aff29772c37dfadcd84bdc954e85415cb5d4d6c1c87c35c79caa5216f01d9,1,9,0.165949,0.0,2.941078264363431,1.36790015344344,1,Champions
63c1c5f370cf6be29695aed546c7725ce24a3ebcbcb44607cb3d32954705d73b,1,7,0.165983,0.0,2.2875053167271124,1.3681804118675163,4,Champions
4ff265be835220b2ce579d20b32cd327b9aad6d6b777d8fd7e4225721a68f989,1,6,0.166,0.0,1.9607188429089537,1.3683205410795547,4,At Risk
7b697ab8ff6ccd739d1bdbe671407e022c25829e39585b2be326b3ff56429c01,1,6,0.166,0.0,1.9607188429089537,1.3683205410795547,4,At Risk
5cc6094da9e4dc86a463bbd0a894f047f3a554996eb401855151083b38de725e,1,6,0.166,0.0,1.9607188429089537,1.3683205410795547,4,At Risk
10817b19177f6a53e34bc5cce41bc79f4c8de28d67491783ea5a04810b8adf34,1,6,0.166,0.0,1.9607188429089537,1.3683205410795547,4,Champions
60735eb04e5e6540a5ef0e6b28f4961a82a9a3efef3da2fbea1361bca5a3b99b,1,5,0.166017,0.0,1.6339323690907948,1.368460670291593,4,At Risk
68bb8cf5eacdd5022d417a835ad2ecc043c0cbeb117fdfbcc84cbd60428961ce,1,5,0.166017,0.0,1.6339323690907948,1.368460670291593,4,At Risk
76e14fc85d3274c16a8b3b74166a13e0d254e60e2b2db4f9f4cb3072541c4be2,1,4,0.166034,0.0,1.3071458952726358,1.3686007995036311,4,Loyal Customers
788bb0cb4822386fbe5b510a9931efb0c33d62ac6d6ff9d21b25d3bd6032da84,1,8,0.167678,0.0,2.6142917905452716,1.3821521185972143,1,Loyal Customers
6a48de449d0a6893467fab67d0bdaa3baf2178ec325d2b4dfa67696d678c0be9,1,5,0.167712,0.0,1.6339323690907948,1.3824323770212907,4,Loyal Customers
1db543313be8c027d4c626e747d361e5587ef8d81360e22dbd7b64a00d18979a,1,4,0.167729,0.0,1.3071458952726358,1.382572506233329,4,At Risk
66dd217a8bdecc7d6b28c9d617a557f520c229f5577c017074a40748014b3541,1,1,0.167797,0.0,0.32678647381815895,1.3831330230814822,0,Hibernating / Lost
3ebef9b69300b40be782cb95b64fa13c68e34d13a61dcdd8e855c1b1e00456bd,1,1,0.167797,0.0,0.32678647381815895,1.3831330230814822,0,Hibernating / Lost
3de990629611bb4e0f49c82df64ab3114eb88a204596d65b20144a91f700048f,1,1,0.167797,0.0,0.32678647381815895,1.3831330230814822,0,Recent Potential
5dba0fb05b511e4fb4e6ee1f5ea37f3f2da00983fbc3e498f119ee1455b0085b,1,6,0.167949,0.0,1.9607188429089537,1.3843859430950007,4,Loyal Customers
7d7e916e9bdddb241ec1d90991f726ee35f359b52f40cbc1a41e08b195f8ff9e,1,2,0.168542,0.0,0.6535729476363179,1.3892739797266886,4,Loyal Customers
5ced08304b8fc5ba3dd701521f483fbbded164b577fa1083999020370833ad3f,1,5,0.168576,0.0,1.6339323690907948,1.389554238150765,4,Loyal Customers
5888b7c4aef67d213193c8a4810dd4a211fdd9a5f44240bab9f4f92f637ea59d,1,6,0.168966,0.0,1.9607188429089537,1.3927689671328196,4,At Risk
68f28b4ef183f029800c2a804757bb57787d7bbce1ef51e096e85cef25ae5e5d,1,8,0.169356,0.0,2.6142917905452716,1.395983696114874,1,Champions
453e5868e86be3f8c3b45a09ec7651c24f0503c4af80feed26c955c05078f4a1,1,7,0.169373,0.0,2.2875053167271124,1.3961238253269121,1,At Risk
622ecb38c93eabffa0ccb1615a622b3eccf2b51db6f5e482bba5551f6dfca827,1,7,0.169373,0.0,2.2875053167271124,1.3961238253269121,1,Champions
16c8c16d00ecfcadc387722a6a4710db467740b7b3c8bc47af612fd85c8ea87c,1,6,0.16939,0.0,1.9607188429089537,1.3962639545389506,4,At Risk
5ccaae3554cdab8ef81fc2fd7e30e7c2309b7863f57fb5eb28d7f5cd60723b53,1,6,0.16939,0.0,1.9607188429089537,1.3962639545389506,4,Loyal Customers
5792db97ed0ee48ccc4ef8ed63abb863c53cd3c6a07bf8bfbb0a8e8d77a9ddf4,1,6,0.16939,0.0,1.9607188429089537,1.3962639545389506,4,Champions
6fc293c1b7bf9fb784089debccbe1d5be5e46a1dc99abf3ca77bbcdad52fec15,1,6,0.16939,0.0,1.9607188429089537,1.3962639545389506,4,Champions
675cdc4bac9062184ad8d38fea48c0c0e581fedfb2eea9ea3bde6820c86653d4,1,6,0.16939,0.0,1.9607188429089537,1.3962639545389506,4,Champions
4284c27058ee2696f1f48a8f2374b85332e34e98547b7a8a2b4d0dfc6e115cd8,1,5,0.169407,0.0,1.6339323690907948,1.3964040837509888,4,At Risk
1581ae8585e07ae979d22259811d0e11a5fbe0e41b96c7f6e811fbb176135d17,1,5,0.169407,0.0,1.6339323690907948,1.3964040837509888,4,At Risk
5b76c2db4f2778cd6b1b95364ea37a338e48385dae2409a1ce960be21b360cba,1,5,0.169407,0.0,1.6339323690907948,1.3964040837509888,4,Champions
448a2ced858549b11fc67dc745bd934bdedd66ccb76463304d3f3da75bfeb858,1,4,0.169424,0.0,1.3071458952726358,1.3965442129630268,4,At Risk
4561e575b7f46608768af2695735d801ece20aa69eeb6b460c74a8f8d4e7c84c,1,4,0.169424,0.0,1.3071458952726358,1.3965442129630268,4,At Risk
47cb4045ec17960b6835dbf74bdfae2587c848af9a683b2a1034283c3e7bd777,1,4,0.169424,0.0,1.3071458952726358,1.3965442129630268,4,At Risk
6fb7f016245334c306c4a8fbd9b2084ed7803518e7a71ad1eae38f7f4832d832,1,4,0.169424,0.0,1.3071458952726358,1.3965442129630268,4,At Risk
66dd999e7ecc59bda8280da38389a160e244290b178d92f00c69ccc164b5b9db,1,4,0.169424,0.0,1.3071458952726358,1.3965442129630268,4,Loyal Customers
124ace9229f58ae576604636339a2ff84f4ea2dc4aa7cccd3cde6db52a41b6d7,1,4,0.169424,0.0,1.3071458952726358,1.3965442129630268,4,Loyal Customers
6d6059f160b327bf8d915a10c8f4db976e9389b26db8b9ad237dd795ef557a0e,1,4,0.169424,0.0,1.3071458952726358,1.3965442129630268,4,Loyal Customers
460a336f345fc4693485e3ac423c30648e9e21326a7de5414209734be37a92bf,1,4,0.169424,0.0,1.3071458952726358,1.3965442129630268,4,Champions
5a68c5bb88ff9b0a84cdf2f060762a9d83f0826292167387aa9d6fba72e55218,1,4,0.169424,0.0,1.3071458952726358,1.3965442129630268,4,Champions
52785c153eb36e91aad577f5a8e7495e2df38d7f43b788f28a5f6596a8ac2427,1,3,0.169441,0.0,0.9803594214544769,1.3966843421750652,4,At Risk
79517ed6bf1f8fb30f47fc330d729e38b03f7f64fd492b1876d449b993d77748,1,3,0.169441,0.0,0.9803594214544769,1.3966843421750652,4,At Risk
625a165c9e8e61d6358c0e1bb25a962a6de7b4d9b81e4d1c3eab213f2f7fd118,1,3,0.169441,0.0,0.9803594214544769,1.3966843421750652,4,Champions
50b1da4fa96ff7a31d1e26f04b9ba2630f72625df0378cfb5cafde543e6d3e67,1,2,0.169458,0.0,0.6535729476363179,1.3968244713871034,4,Hibernating / Lost
56c208a3184ca781d616d1e9fbdd85f0209dceb93707cc22962ff432047fa85e,1,2,0.169458,0.0,0.6535729476363179,1.3968244713871034,4,Loyal Customers
6c1b21223eadf3001213d53542c1207cb8f021bb3b3d5e6d5b5421d1e4cd18d7,1,2,0.169458,0.0,0.6535729476363179,1.3968244713871034,4,Loyal Customers
5d8c2dd07d9986543b7295bb5368642cf0f6aa9838676757659fd2b3c340b26b,1,6,0.169593,0.0,1.9607188429089537,1.3979372621885837,4,At Risk
73b388dd679d87b637a4bc7fd4ab2b7a5c6a8ae25d06c30fb6d9a7e0f15b35eb,1,8,0.171051,0.0,2.6142917905452716,1.4099554028445718,1,Champions
6f037c42101c587775d45f2420b5bc823b167a660bd99d42f55ea3828c23af08,1,7,0.171068,0.0,2.2875053167271124,1.41009553205661,1,At Risk
508b79a01ab67ac03bdc44479a31965cc5f2d6024d453231242d9916e3f7fa1f,1,7,0.171068,0.0,2.2875053167271124,1.41009553205661,1,At Risk
14fdcd56c75933658a37e8d87c63b9835838e705bcc39822d60957a2ae279617,1,7,0.171085,0.0,2.2875053167271124,1.4102356612686482,1,At Risk
6b1827667d24e81672eb78d42c2ad7b2eafde234ea68c038a70cc7412d2ac86b,1,4,0.171119,0.0,1.3071458952726358,1.4105159196927248,4,Loyal Customers
4667f5fe7cb57f5965baa91c33e726c707d631767fde150c893a30a7933aa294,1,3,0.171136,0.0,0.9803594214544769,1.4106560489047633,4,At Risk
60b7d435a43c69278a9a3a174abe34ee51518ea0bc4b787ddb3f64e45826481e,1,9,0.174424,0.0,2.941078264363431,1.4377586870919292,1,Loyal Customers
6628b1f5aa3a50a1ae80fe70790d27252f8ccfc7653c07d345c3fb1eb01052ea,1,6,0.174475,0.0,1.9607188429089537,1.4381790747280438,4,Champions
6cfc8053cf8a976fd8d444dcd2e2fd69da7ca25aa680012b3f6ff0f3afe946c7,1,5,0.174492,0.0,1.6339323690907948,1.4383192039400823,4,Champions
435efc4ce799ad9cacd4ad90ba564a797b724d10084d7c78768c2b7107a82105,1,3,0.174525,0.0,0.9803594214544769,1.438591219469333,4,At Risk
55eca1449376dcc5a582a1a89a7681ad684ab7ec38d5fb23bc7026c4a3d9212d,1,5,0.175339,0.0,1.6339323690907948,1.4453009358575182,4,At Risk
7651645290cd3704666e6354c0da1ed68f9b372f2634ef3098d548b8cd7efc7a,1,8,0.176136,0.0,2.6142917905452716,1.4518705230336653,1,Champions
6d5acca189d783051d5d89c238782ac0d7d95076ccdcdf97e6fcf7c8ba11d0fb,1,5,0.176186,0.0,1.6339323690907948,1.4522826677749545,4,Champions
78d26f249f3196e558a653b6a9d7662034c25235f4625ead47b69093897e56f2,1,7,0.176831,0.0,2.2875053167271124,1.4575993349375826,1,At Risk
157adf83fd5ad1fa9528cdef15e04e052f36dff1a4803db3123366ff2db39bf7,1,11,0.177271,0.0,3.5946512119997482,1.4612262086609262,1,At Risk
6e9fe8a109c6ec6ebbecb3f1db961a67fce3123bea9360e9bba8e4161835e94c,1,8,0.177831,0.0,2.6142917905452716,1.465842229763363,1,Champions
7df16fffb4537b1ef034808d5b3f4283d4e2478012358b815e974ff3932bb54b,1,6,0.177864,0.0,1.9607188429089537,1.466114245292614,4,At Risk
57843f3a5bd27962e68fbb033daa484504e7c93b125ef7a5409b3cef0f2612bd,1,5,0.177881,0.0,1.6339323690907948,1.4662543745046523,4,At Risk
63f8173b620eff63f60387eb0c861b56b8c5f27699ca0a10e9375f169e045a5e,1,5,0.177881,0.0,1.6339323690907948,1.4662543745046523,4,At Risk
4323a83c1e56738038801fa333fbe0b552a9e2921ea483a8cc126c768c51c754,1,5,0.177881,0.0,1.6339323690907948,1.4662543745046523,4,At Risk
10464a509ca815965f517aee64dff24f64928703bdb32aa8034bdfec248ff840,1,5,0.177881,0.0,1.6339323690907948,1.4662543745046523,4,Loyal Customers
3e60da3d0bb7a3af7fffd21774b08d31f8e5700e99ade4256d812db07e0a0969,1,5,0.177881,0.0,1.6339323690907948,1.4662543745046523,4,Loyal Customers
60196aeda933afd61d3e7d40dee11ba6d2ea2852b13a6f5d772b9b78a55ff245,1,5,0.177881,0.0,1.6339323690907948,1.4662543745046523,4,Champions
544094a3ab237bf18d7bda9c2265218de4320ce795775ee24a4e0c4ac4a300cd,1,4,0.177898,0.0,1.3071458952726358,1.4663945037166906,4,At Risk
5ff61738e65f414ba96afef3898db4e1344d804472cba2e02a69c758eb72c3b6,1,4,0.177898,0.0,1.3071458952726358,1.4663945037166906,4,Loyal Customers
52fba2f56e45c211f05a5bfc4f77a76dbc3849ac1f2cfda0a1a8c29404199c6d,1,4,0.177898,0.0,1.3071458952726358,1.4663945037166906,4,Champions
3fe5ae7e7a6cc206a87a46ea46d7b7c1ea703cd3f639210e5b20aed1e6764167,1,4,0.177898,0.0,1.3071458952726358,1.4663945037166906,4,Champions
703425fc3c5d0d487a7bfe6aef8e9e026e6a1d5aa3aae1b7e5db61b5e4157107,1,4,0.177898,0.0,1.3071458952726358,1.4663945037166906,4,Champions
15f87f95eaee672096b73ae0517d7fd50e7e25523ec8cc5920b21130c27488b5,1,3,0.177915,0.0,0.9803594214544769,1.4665346329287288,4,Champions
449dc254d5a3f87bcb6c63d0b47a7f06868bcc165299d02a0bbef7aa22bd5610,1,3,0.177915,0.0,0.9803594214544769,1.4665346329287288,4,Champions
1cc2a7679906dd81583846a369cf93a1ff97e09032164de1ce75ea57b272e032,1,2,0.177932,0.0,0.6535729476363179,1.466674762140767,4,Loyal Customers
7b97bf1c8cf71777aeb55cb76b60490132d536d179bbea4f3348bbd395ac8b44,1,7,0.179542,0.0,2.2875053167271124,1.4799458228102735,1,At Risk
1569184a8177c4d7af7caec549dbc7e88650d96aa8098f59af8038e3ee2add1d,1,5,0.179576,0.0,1.6339323690907948,1.4802260812343502,4,At Risk
123a58cde4716a5ac3cc0e44c814249af6f81dfe5f7b0e0a86536643e5fa4358,1,5,0.179576,0.0,1.6339323690907948,1.4802260812343502,4,At Risk
768f1c75298cb3c4647f0f0426654c32ce3c733f759835184da81b8ef8517da6,1,5,0.179576,0.0,1.6339323690907948,1.4802260812343502,4,Champions
15999523532240eee2884dcfd2657cf1bc6ce92734ff0d6b13d13bdd04a20538,1,4,0.179593,0.0,1.3071458952726358,1.4803662104463884,4,Loyal Customers
646abaaa5a977d0d5bca953a3db4f127e00e5c52058ad559832dfb2b67815cca,1,3,0.17961,0.0,0.9803594214544769,1.4805063396584266,4,Loyal Customers
4e30e6ddc15427a76e6292c46838732f7ce57ea4f2a1ee9eb6109072ed9b6ce5,1,9,0.182898,0.0,2.941078264363431,1.5076089778455928,1,At Risk
450f850b44994e407b15ea4e67c49c80eb26f3c9e22ed678070ba5f60bca9f15,1,7,0.182932,0.0,2.2875053167271124,1.5078892362696694,1,Champions
404061c0fd556c3cea6b7956259aa6e68cc6eab57dc003ebc3b114ef068c6402,1,6,0.182949,0.0,1.9607188429089537,1.5080293654817076,4,At Risk
532b858c97bfe0c642178a76984e525bdfadcb1e1ba6fb40bec92a1a6e17d254,1,6,0.182949,0.0,1.9607188429089537,1.5080293654817076,4,At Risk
41a54d5ca0893b0da6957e4774649a928a99f3883a30cbe99f6c4f494c263c91,1,3,0.183,0.0,0.9803594214544769,1.5084497531178223,4,Loyal Customers
1e1eac77ce19201361778e76648b237e9c1719902719f1f6d953efa8b86bf5fa,1,2,0.183017,0.0,0.6535729476363179,1.5085898823298607,4,Loyal Customers
5ccada4fe4515d46ce63c78c8bae88280304c5f2e9df1c660e0875fbd2238e66,1,8,0.18461,0.0,2.6142917905452716,1.5217208137873288,1,At Risk
4a636b732e6860a416edff6805d5ea284ec9c73dccaf7e6d23f94dea9c9bde4e,1,6,0.184644,0.0,1.9607188429089537,1.5220010722114055,4,Champions
50852991c4f4d1500950fba91597b2ef9ccd95c1fc7eaf5f804d998f09ace855,1,10,0.185949,0.0,3.2678647381815895,1.532758049959049,1,At Risk
75d125b5dc4bee8bb4184e6dfc85e3d7948dd4ce917f5dbfefa7753d0f18f7e3,1,9,0.186288,0.0,2.941078264363431,1.5355523913049884,1,Loyal Customers
1073c9298cbc445b88c283e9c1051e68a7a283a5d6e75ca38a7b37e3ffc20ca5,1,6,0.186339,0.0,1.9607188429089537,1.5359727789411033,4,At Risk
1c696b954d956a029a53d7ff8dfb587e01a17baa51fdebce86681fdef8b6367e,1,6,0.186339,0.0,1.9607188429089537,1.5359727789411033,4,At Risk
63387e66da7afafebd44267e9951dab957f9a591cc205c0953a0f7860ccd391a,1,6,0.186339,0.0,1.9607188429089537,1.5359727789411033,4,Loyal Customers
598e04a195add67e1d61eb80782ec2b82e76191307b31f79baeb2bc942a4d5e6,1,6,0.186339,0.0,1.9607188429089537,1.5359727789411033,4,Champions
7269a89946c2a3ec18bd71b053fadea96f9fc0d338e587c1836ecb8e0ca21567,1,5,0.186356,0.0,1.6339323690907948,1.5361129081531415,4,At Risk
4f4beab11c48d681d3083779a11c2faa983a7e9aa2f6478b0617235ad6c3ba7b,1,5,0.186356,0.0,1.6339323690907948,1.5361129081531415,4,At Risk
3f9c7dbe3057b17cead17710e7ab06bdf1644c29e513c3f3bf835e22a8b9765a,1,5,0.186356,0.0,1.6339323690907948,1.5361129081531415,4,At Risk
4eaa3cce244dfb39b7ee165e719317f922e1da66cf6e6a199467b982937f56f3,1,5,0.186356,0.0,1.6339323690907948,1.5361129081531415,4,At Risk
1ca36574df452757b7554b1209ca2cf889d432bf6af34b7acc9271310fcfc4d4,1,5,0.186356,0.0,1.6339323690907948,1.5361129081531415,4,Loyal Customers
743b77afafef3f9012b365da0ed9907bbbbc4780ba2a885ca9a29952ed796840,1,5,0.186356,0.0,1.6339323690907948,1.5361129081531415,4,Loyal Customers
7a98d0b4142ce5c3295a4d0632d8adb9c9b74f8e7e68400cb648dc9bfcff2509,1,5,0.186356,0.0,1.6339323690907948,1.5361129081531415,4,Champions
403bdfd23b872216116c77ec3376d225409b5b9a19ffce18575f667124e73d67,1,4,0.186373,0.0,1.3071458952726358,1.53625303736518,4,At Risk
5b92f1686575669ef7510dcdd3fc3c9e6ae3c5a4068994824ab5820d166cfc23,1,4,0.186373,0.0,1.3071458952726358,1.53625303736518,4,At Risk
173a5855cf60782a7f66ef9817bfc8a6e1c6baf4bf624a9cb0af27932b273a76,1,4,0.186373,0.0,1.3071458952726358,1.53625303736518,4,Loyal Customers
6d2a510e6f9f6fab1d8137ac594f14d141939a56789435860d6daa6af98b177e,1,4,0.186373,0.0,1.3071458952726358,1.53625303736518,4,Loyal Customers
4eebec4fcf4a1b1771d1393b3f7c8fc5e4f4f8407a2022e9862118a2d93f58b0,1,4,0.186373,0.0,1.3071458952726358,1.53625303736518,4,Champions
6cddfb2a741776aec8a45cf5182c9fa8558df8fc2b321561b702d3f9ee9d2d8a,1,4,0.186373,0.0,1.3071458952726358,1.53625303736518,4,Champions
43e8008ac347db7b4cf470f495805d6052e68e3b6dcc5b311d3b51b50698383b,1,3,0.18639,0.0,0.9803594214544769,1.5363931665772181,4,At Risk
5140cd71910dbbf88d19e5ff3c8a46d78a8202727be9fb13410e477019a99ec2,1,3,0.18639,0.0,0.9803594214544769,1.5363931665772181,4,Loyal Customers
41e2ec7e94e0dd109ed033d0ecc2253f63be1ac78521eb5700469b979f8c1a57,1,3,0.18639,0.0,0.9803594214544769,1.5363931665772181,4,Champions
59d0a560b2e730ad1d51a8b231f060593835d0aac567fa3defc2882be60102d3,1,2,0.186407,0.0,0.6535729476363179,1.5365332957892563,4,Hibernating / Lost
44616fa822f8f1f5bf572cab4f43fa58a8dd427868bc48b2a563bb4626e283d4,1,2,0.186407,0.0,0.6535729476363179,1.5365332957892563,4,Loyal Customers
41ce06b135a3582898bd4eeb15cef8426c83205a921b1ec2fdc506e11c90e8e7,1,2,0.186407,0.0,0.6535729476363179,1.5365332957892563,4,Loyal Customers
52859651d8a9ca94ce1f74e09b9afb922ec8f1ba9e14566c9b9e5218389c7d1d,1,7,0.188017,0.0,2.2875053167271124,1.5498043564587627,1,At Risk
1c4d02093ae836eb3b68387a0dad3b272cb5574cf977c0500cf55f33896621b8,1,7,0.188017,0.0,2.2875053167271124,1.5498043564587627,1,Loyal Customers
5854b0444a1ee2ecdecdaa956de3302e7c03c85be86b41ece2b0f61e28c799f1,1,6,0.189729,0.0,1.9607188429089537,1.5639161924004992,4,At Risk
4aa3779039577785b930b524256fa3d83040ca6dc5cbff4a0a4554f19a413597,1,6,0.189729,0.0,1.9607188429089537,1.5639161924004992,4,At Risk
1bb54b9e547f4cc0dfa775ac7052ecfdaf4b88388d423a30880e3edbfa213bf1,1,4,0.189763,0.0,1.3071458952726358,1.5641964508245754,4,Champions
78a9690b40612aa34535750ff0447b03ecdc6e9db56e5de3750e94f49a8d5f46,1,7,0.191407,0.0,2.2875053167271124,1.5777477699181586,1,Champions
5d5d9bf0c0a617aa1421874c334a9c2bc1342ca001875922e3f35eee0283c4ff,1,6,0.191424,0.0,1.9607188429089537,1.577887899130197,4,Champions
168cbe7c7c1ee4a0d4a92a6d442d280ccb3fa245352d7b090fc8c665c3bfbfd2,1,5,0.191441,0.0,1.6339323690907948,1.5780280283422352,4,At Risk
5adf44ca36fc2ca7e2f1c5d0dbb9627353b569b9775bc633c932e9c883dae2fb,1,4,0.191458,0.0,1.3071458952726358,1.5781681575542732,4,Champions
3fe637a8dc61293e541588d552c7e3c0755969693769d64390437cf57c47eb42,1,8,0.193085,0.0,2.6142917905452716,1.5915793474358182,1,Champions
5e96519ae3342ab42660d56c5e7cf5840ca27c173ae5882ec9219cd218d8fcff,1,7,0.193102,0.0,2.2875053167271124,1.5917194766478564,1,Loyal Customers
5796d1f3f5ebf01efea0b24c04625a8e7caee73970d722afb5ec8c382ca0e616,1,6,0.194814,0.0,1.9607188429089537,1.6058313125895924,4,At Risk
44e11308f83411d7916ba3d29adfe0d0e3fd65f42ac25e29ab28d9311fec0429,1,6,0.194814,0.0,1.9607188429089537,1.6058313125895924,4,At Risk
7f79f2bf37da56d62d05faa28e942ef0b2946556d2eedeaf54ece3d3996e1a6b,1,6,0.194814,0.0,1.9607188429089537,1.6058313125895924,4,At Risk
6188ca39df7888c9ee3e74232daa3d0cbaed26ab785d8b5a3ac9fa4b0a60eed9,1,6,0.194814,0.0,1.9607188429089537,1.6058313125895924,4,At Risk
79d1e076995ee56b7af79315deaba46787a52b9de34f2ec9bf1adeb4a26c3830,1,6,0.194814,0.0,1.9607188429089537,1.6058313125895924,4,Loyal Customers
5fe0ebbeab77e84d138a2ac23c4e075287f3ffacc23292f00044a55e9ab9a5f2,1,6,0.194814,0.0,1.9607188429089537,1.6058313125895924,4,Loyal Customers
48f1a0e2ad0c50d9c12a61fcbbec84fba2ebc5c2835ce5245eb8b1a0d3b1b595,1,5,0.194831,0.0,1.6339323690907948,1.6059714418016309,4,At Risk
7eef37f260e893f71bdf76e24a14445bd17d6332e7eaf753b4251fdfb8e32537,1,5,0.194831,0.0,1.6339323690907948,1.6059714418016309,4,At Risk
450e5fb784364e7514b26660eb162a0bc421131296747c6c8845fcb7374d116d,1,5,0.194831,0.0,1.6339323690907948,1.6059714418016309,4,Champions
53d085752f1247bc8df2e0c07251214127b3b1ed23dc96d15e3cd4b66ac79003,1,4,0.194847,0.0,1.3071458952726358,1.6061033281188433,4,At Risk
503923bb5b9b7c44ebdaeb3a7ef7276a608be93cf1476bffe58cf12e2b7bbd0e,1,4,0.194847,0.0,1.3071458952726358,1.6061033281188433,4,At Risk
44c37faf03a38f900700b8ca173a52411dab97aea020cb55932c77362c0782d5,1,4,0.194847,0.0,1.3071458952726358,1.6061033281188433,4,Loyal Customers
100842511f71c347c2cf7841fab691b861b4f9b63b1f97db859ab8a620c13c30,1,4,0.194847,0.0,1.3071458952726358,1.6061033281188433,4,Champions
1cf19512c5686dc95dd3123f3cba272801d7f69f69b5d880e63546268e2ef4fe,1,4,0.194847,0.0,1.3071458952726358,1.6061033281188433,4,Champions
7bba57cabf0022768e9d0144b967777c63ba3f991dde1b2b7dc3be04450c368c,1,3,0.194864,0.0,0.9803594214544769,1.6062434573308817,4,At Risk
533aae54b154069f871cef16348af38915ab5b0a00c722f371d5bd4a9c68531f,1,7,0.196492,0.0,2.2875053167271124,1.6196628901072523,1,Loyal Customers
51d59fe479fff39981b99c163a5bd6da11065495bd984450f5aa3279ecf78c95,1,5,0.196525,0.0,1.6339323690907948,1.6199349056365029,4,At Risk
420e338844bfb4b14553f68a33dfde4c476e03d6d87f2d3843be740afee65562,1,4,0.196542,0.0,1.3071458952726358,1.620075034848541,4,At Risk
5c77ba7b0f1f92c48e9e669654b94f5dd66805827e74395a2be5a102c3ab5ab0,1,10,0.198136,0.0,3.2678647381815895,1.6332142092008353,1,Loyal Customers
5dc21abea76c66e342fb36f88157dc66327c147d9a62dafab493bb0c0c7cdea1,1,6,0.198203,0.0,1.9607188429089537,1.6337664831541625,4,Loyal Customers
112a0940cfd3aef99e3ac744c7e7e6abf1fff78fe2fecc6d7c996ea39243dcac,1,4,0.198237,0.0,1.3071458952726358,1.634046741578239,4,Champions
0f50e3777622fa5e04eb2de66d3486b89561e3481ab1c813f4fada84b70ae918,1,8,0.199864,0.0,2.6142917905452716,1.647457931459784,1,At Risk
460bcc72649d88e6354e9843dcc94fa3402b257d40bc55e26a56ff5f09dbe97f,1,5,0.20161,0.0,1.6339323690907948,1.6618500258255966,4,At Risk
7d15a54226561ab75a4cad1043e4eba58d0b991c7938380c23ebb6887aadf144,1,8,0.203254,0.0,2.6142917905452716,1.6754013449191796,1,Champions
4af146e9988a85c994ffaa1a8bb37c683428e625f814171b1a36619c25824063,1,7,0.203271,0.0,2.2875053167271124,1.675541474131218,1,Loyal Customers
4714c372c7f7f5f1916cd981e0f70f876be49240444224ae762c04c5da456675,1,6,0.203288,0.0,1.9607188429089537,1.675681603343256,1,At Risk
6e96f2ab2880d3a10ea98043210e3665b9b6bb81469f24f5c95df100a43cc428,1,6,0.203288,0.0,1.9607188429089537,1.675681603343256,1,Loyal Customers
44bc7731d484560528fd9d8fc7191967d4688a258cd56f2fa62fcdb7e0d67e81,1,5,0.203305,0.0,1.6339323690907948,1.6758217325552944,4,At Risk
6ea47df07fc42d37bbbc63c1bb9a4947783daf228fc1de957e2856abba622159,1,5,0.203305,0.0,1.6339323690907948,1.6758217325552944,4,At Risk
4e1571e617dbc69d07feca932e5709285493f8ce61045c5b070e41818a1c1d5a,1,5,0.203305,0.0,1.6339323690907948,1.6758217325552944,4,At Risk
5258ea8bbd11375f30214da783d485376d1fc62726ed14850a23ecfd58a16ef5,1,5,0.203305,0.0,1.6339323690907948,1.6758217325552944,4,At Risk
7c45e12f8866959c081f1b46576ef2d3f2ff24b0e0fb2e0931e862f893692713,1,5,0.203305,0.0,1.6339323690907948,1.6758217325552944,4,Loyal Customers
6e6a0ce469fc15606b5feda958694e3118656cb521f7c9977b769f6ddde7734a,1,5,0.203305,0.0,1.6339323690907948,1.6758217325552944,4,Loyal Customers
513ba0ce677887a7aae51125b521f69e408462b6ae2868aa2b1d603de837fd9b,1,5,0.203305,0.0,1.6339323690907948,1.6758217325552944,4,Loyal Customers
4dc431520842801ed6cb69da97b7cd1323084003831f35511955d48592af0514,1,5,0.203305,0.0,1.6339323690907948,1.6758217325552944,4,Champions
568976d26c6ba70d4e050ab0d0d0d3216e229f3beee3a542bb985d21220e1312,1,4,0.203322,0.0,1.3071458952726358,1.6759618617673326,4,At Risk
40d71a3897ae133476f02aeb24e1eb3c80bfa686acedeff6c4b7482bfea2bb8c,1,4,0.203322,0.0,1.3071458952726358,1.6759618617673326,4,Loyal Customers
5a031ba70f300c0f23900891b66355742aa95423b08fa8ec1a5cfd48dc642faa,1,4,0.203322,0.0,1.3071458952726358,1.6759618617673326,4,Champions
46895dfee5818e51c1aed3be30000c62a2e3adc61a9223589cd4ea48891f0355,1,4,0.203322,0.0,1.3071458952726358,1.6759618617673326,4,Champions
603a1db7ca2fa3d3e5a9ccdf746d76b3a266731c092051bdf22db84490dd06e2,1,4,0.203322,0.0,1.3071458952726358,1.6759618617673326,4,Champions
43c8a82a5382cf53d3d8b2831adf297c96635c3f78d93846c05c23b00338465a,1,3,0.203339,0.0,0.9803594214544769,1.6761019909793708,4,At Risk
62218392d464d1231faa345b28c52f8701b43c842b32e0d11f7c08c41c14b864,1,3,0.203339,0.0,0.9803594214544769,1.6761019909793708,4,At Risk
427b7941e10dcc8905a881bfc39991708c8273086bb1ee0e91e9440a8bc1e205,1,3,0.203339,0.0,0.9803594214544769,1.6761019909793708,4,At Risk
76708d589a34d051205e42ce8db8da20aeb5f3954c395da7b76bb0db11fc648b,1,3,0.203339,0.0,0.9803594214544769,1.6761019909793708,4,Champions
682685239bd3b78899bcb229523fa6b4176694a1549c8c1fa843d9faa8a60d4e,1,3,0.203339,0.0,0.9803594214544769,1.6761019909793708,4,Champions
7ab0fc42687b40071856bbaa582afeace3dd004d9883d47e65ad684c6df8ad75,1,2,0.203356,0.0,0.6535729476363179,1.6762421201914093,4,Hibernating / Lost
68cb7954f901506671a032faa6ef219c444f5c2b5d6db2c1fe3a11a4d9153655,1,2,0.203356,0.0,0.6535729476363179,1.6762421201914093,4,Hibernating / Lost
7d4c933e8fa39ff45b5aefed1f8398a9a5bd761c39e182ad1c17eaaee2585133,1,2,0.203356,0.0,0.6535729476363179,1.6762421201914093,4,At Risk
17529fa1e05125ee20b16ff0e8f27df4441668d390c77c06a9781f86b751a34b,1,2,0.203356,0.0,0.6535729476363179,1.6762421201914093,4,Loyal Customers
79fc660dcc2184d01bf899685a81dbfbc432d94fd0db12886d95412bd687cab9,1,11,0.204898,0.0,3.5946512119997482,1.6889526640127626,1,Champions
655c6d5aa9c318dc4d4b5359b37aaf72c03563bef43176c72b1d8f7616bcca16,1,5,0.205,0.0,1.6339323690907948,1.689793439284992,4,At Risk
796063f730a4ffa317f5e7a7f52e426dd39cdb91f56e143de9d7fc56fece18a5,1,9,0.206627,0.0,2.941078264363431,1.703204629166537,1,Champions
6e6095af2a149f6064c863d8a647a5ca759fa66308df74b764451f04f82fa66f,1,7,0.206661,0.0,2.2875053167271124,1.7034848875906137,1,Loyal Customers
6d138dc34c7c63774d736cffc62eda5c18f79e302b79eb60d52551b236e6267a,1,6,0.206678,0.0,1.9607188429089537,1.7036250168026519,1,At Risk
6912a451669dcf46c7e269cf05a0dfe087ab54b36fe6fd65e1843799962079d0,1,3,0.206729,0.0,0.9803594214544769,1.7040454044387665,4,At Risk
1666cbadacb490500e1a51a90c692e3d723db20db457cdd588a2fda3e4a70aef,1,6,0.207373,0.0,1.9607188429089537,1.7093538287065693,1,Loyal Customers
58027c7ca098ba413ddcc7dae8be839803a969f172ea284aec11e01801c7a79d,1,7,0.208356,0.0,2.2875053167271124,1.7174565943203115,1,Champions
59e1cf704d0b72993b5cae7e8d28dbe8d36945e17594e8c1ba2bfd7b5ad4e4aa,1,6,0.208373,0.0,1.9607188429089537,1.7175967235323497,1,Champions
6565573a567899730164c89a02b6d8ceffb64fd849a71db60dfce3c03896ecba,1,6,0.20839,0.0,1.9607188429089537,1.717736852744388,1,Loyal Customers
5e52e118643ee77caa9146fe3c238c652e1965c7583caa9515284e0969117eeb,1,4,0.208407,0.0,1.3071458952726358,1.7178769819564264,4,Champions
1bfcb6cbda33d0429588917d4c0f301ce3e6acd8cca236df0ed9438dbc1c5895,1,9,0.211712,0.0,2.941078264363431,1.7451197493556307,1,At Risk
7493eec9ff2e01cc8c984e680d111d2985eddb50f4a4ccc04f486271e24e9890,1,8,0.211729,0.0,2.6142917905452716,1.745259878567669,1,At Risk
4cbc56835ee88ff79462309479354b1772a26be16dc36ad74005cee4055a8238,1,8,0.211729,0.0,2.6142917905452716,1.745259878567669,1,At Risk
603a73a57f70dfd9b37ec4488ced3bebdd83c65c3264de4b327af08174cbd298,1,7,0.211746,0.0,2.2875053167271124,1.7454000077797072,1,At Risk
6fc127bf47a7785d4737c7c11d68fd0835b36aae8b632cb1bcdd6fbcd0383f75,1,6,0.211763,0.0,1.9607188429089537,1.7455401369917454,1,Champions
545e6a5e2b085bed6c1395affbaba18e75a8e230d5027019ef59a692bdd20fc7,1,6,0.211763,0.0,1.9607188429089537,1.7455401369917454,1,Champions
7bf2ac622fff5b362e0074894bdfeba18df8aa9525770a5fe95a994f50eeaf99,1,4,0.211797,0.0,1.3071458952726358,1.745820395415822,4,At Risk
713c60a7e9d3b9f98a8a90c7d103bfbb3d7d8a140f006fedcdc70adbb3d24dc4,1,4,0.211797,0.0,1.3071458952726358,1.745820395415822,4,Champions
497f10b50acefdb2d004e257a2d38704115c8656681fd138fc70a1c3b7627a22,1,3,0.211814,0.0,0.9803594214544769,1.7459605246278602,4,At Risk
44b62d784afe836ce4e6fe5be4f3b34af019718b55be960ceb578b03256531e9,1,8,0.213424,0.0,2.6142917905452716,1.7592315852973668,1,Champions
488f1c2376d7aff1e6d5b9f6ba1371819ee009a3c18185a483137c35cdb59804,1,7,0.213441,0.0,2.2875053167271124,1.759371714509405,1,Loyal Customers
4e55159f811e8a07dc7e40770d8e128471ff2fd7779cb997d739cdad082725b8,1,6,0.213458,0.0,1.9607188429089537,1.7595118437214434,1,At Risk
43045b001e015be96adb18f0c575a8aebd03a5875dd2130b301f1c88d66e7485,1,6,0.213458,0.0,1.9607188429089537,1.7595118437214434,1,Champions
6e5ddce4eb9d0ce394d25a61365b171a28469769fd20dd44a994988e1bcfb2da,1,6,0.213458,0.0,1.9607188429089537,1.7595118437214434,1,Champions
62cb1da929053037bb74112b20321009bb78a87203c098ef293b2f32411ed9f3,1,4,0.213492,0.0,1.3071458952726358,1.7597921021455196,4,At Risk
7e6f712b34808b19848abc2c7d3b6eca7f52e365d16132e92179352b89f102f1,1,5,0.214746,0.0,1.6339323690907948,1.7701286922570485,4,Champions
6ce9a28a6a131361eb640036b2eb41e4e1c971391e6d3e66c8bcdf30d82ca1a5,1,8,0.215119,0.0,2.6142917905452716,1.7732032920270646,1,Champions
4cda6f941ee2cb8346b143c580d3f98405a9e2d42ce129362007751c8329d0f9,1,7,0.216831,0.0,2.2875053167271124,1.7873151279688007,1,At Risk
1352d6ffe99cee69ecf9c973aeb12ebf6ffa072f8364852ef2570da998c91b55,1,6,0.216847,0.0,1.9607188429089537,1.7874470142860133,1,At Risk
17f39ee02b4dd5207eec2af1a9c0073b4afceb624bc71994640c43c3ca95cb1c,1,9,0.218492,0.0,2.941078264363431,1.801006576274422,1,Champions
5f9aa5fd93f5c5a40b220f227516ebda62b477c33d303868e79d79b0e1222ea1,1,7,0.218525,0.0,2.2875053167271124,1.801278591803673,1,Champions
4bed17162869e5b3fc8ee06ad013a2313caca07c1d120137c568673a79732fbe,1,6,0.218542,0.0,1.9607188429089537,1.8014187210157109,1,At Risk
599c051b610f39f3d06ab68d44ecbe3280990d4c67961521c82e1879675fcc30,1,1,0.218644,0.0,0.32678647381815895,1.8022594962879408,4,Recent Potential
1459dcb70fbf2a4f8cea8af62b783bccf242bf54ae2bcefa15b8bde9a629748f,1,1,0.218644,0.0,0.32678647381815895,1.8022594962879408,4,Recent Potential
7adf27a4f95127ffa57f5e00488752307a496cf59cb488422a3b0183abeae2d8,1,7,0.22022,0.0,2.2875053167271124,1.8152502985333707,1,At Risk
54cb318ef4a268de3e6c54c91a76649bcc4dc171e1b99f17704e430dda01fd57,1,7,0.22022,0.0,2.2875053167271124,1.8152502985333707,1,Champions
62387f51ad52307aaea08a426f58fedca4da7fa57a5c2ff37adb9908c1e382a7,1,6,0.220237,0.0,1.9607188429089537,1.815390427745409,1,At Risk
15684c62a0fa295174b25ab7d615c103a338fbc35c8e0463535ddb0c7cf2a568,1,6,0.220237,0.0,1.9607188429089537,1.815390427745409,1,Loyal Customers
5c1ad48bac75232974f28ab48ac2c5aefee1a59f404838ba3db269eb52940b85,1,5,0.220254,0.0,1.6339323690907948,1.8155305569574474,4,Champions
7cd571824206014c92bc1b7848fdf25d52fb258685e3a32d302afc613603af8c,1,4,0.220271,0.0,1.3071458952726358,1.8156706861694853,4,At Risk
6fdaa4232d1b32d20b013c73a56aad3792ea0264ab248f0b83ec9b3833d22f7a,1,3,0.220288,0.0,0.9803594214544769,1.8158108153815238,4,At Risk
657f130622fa1551adc737a691e492cc2b7c570403c395b259a045e5e27f43ce,1,2,0.220305,0.0,0.6535729476363179,1.815950944593562,4,At Risk
72cead0ad89567d56585af959a03fb9fc0478121707b21ccfb311252f0855d61,1,2,0.220305,0.0,0.6535729476363179,1.815950944593562,4,Loyal Customers
1ee18747a94447b09e9c1ca8004816dfbf80c2e69750a04055b0284a79ffa0b1,1,6,0.221932,0.0,1.9607188429089537,1.8293621344751068,1,Champions
76bc802f6228735213048f944344f28d9f3a55c932771ebb45134ceef2c471be,1,6,0.221932,0.0,1.9607188429089537,1.8293621344751068,1,Champions
792ab368da1f5f88d91ceaa3a5f81925ecbac6a22e4ff6cf6cba3d12aaa1d445,1,5,0.221949,0.0,1.6339323690907948,1.8295022636871452,4,Loyal Customers
6870109bde1f5c4ddb2e2d4a3eca62fc3a67a319b8342cc951aca8ee3c0f8691,1,7,0.225305,0.0,2.2875053167271124,1.8571654187224642,1,Loyal Customers
55865b1ceb9a2f211bae931258fdbf6f6dae3b25967a4a7bbf2b424424e53a4b,1,6,0.225322,0.0,1.9607188429089537,1.8573055479345024,1,At Risk
4fb9e18b3fcfc21e372723b4d6a3ec78dbc95ddf4a2acfb580aa30974c006fe7,1,5,0.225339,0.0,1.6339323690907948,1.8574456771465409,4,At Risk
4769f2933b83e015b32598c6a5b6cbefbf62919c14bc5d682c4f707d703d4788,1,5,0.225339,0.0,1.6339323690907948,1.8574456771465409,4,At Risk
0f7d1b02373ea6da5d874eee98be290d82415f69881a53eda09d6ea74cf267a3,1,8,0.228678,0.0,2.6142917905452716,1.8849687029698217,1,At Risk
79527f9e122d2e3971505ff0d3a40ea276a5e4011d8619cf0a757ee6ebc474e6,1,7,0.228695,0.0,2.2875053167271124,1.88510883218186,1,At Risk
1c48e16a38cb9e9df12edba210228ca0fc5ff33d6c57ac43f5f71051b7995956,1,7,0.228695,0.0,2.2875053167271124,1.88510883218186,1,Champions
40c4e22ed22ccff7c973aa485fb6dab11c3de1b853f09965a55e9482fee83e89,1,6,0.228712,0.0,1.9607188429089537,1.8852489613938983,1,At Risk
44847dd575f111932750f58f01c6f1a8300d1479f772cf19767a2ac65188445c,1,6,0.228712,0.0,1.9607188429089537,1.8852489613938983,1,At Risk
780f4a287542491ceb5e09e778ac3d8fe0beb0a3b929154a255d6a12edaf7992,1,6,0.228712,0.0,1.9607188429089537,1.8852489613938983,1,Champions
3f23cf4c4fa92021bcabe0d2db0816569eb4f49b254c56858cc3df3ea0aed732,1,5,0.228729,0.0,1.6339323690907948,1.8853890906059365,4,At Risk
6ab45ee23482e722627e18fae22f116d315be23b5a657a77749c45bf192bf505,1,5,0.228729,0.0,1.6339323690907948,1.8853890906059365,4,Loyal Customers
62c136e741f2d9ff856c93accde6e539943ee75133466f0fef9f9e2df78efb8e,1,5,0.228729,0.0,1.6339323690907948,1.8853890906059365,4,Champions
1550993ed9e616898e112a79c380119ba58a7beae4902ac600f3a063d130942d,1,4,0.228746,0.0,1.3071458952726358,1.885529219817975,4,At Risk
6590189bd307ba31cd238f3833a910af8d5cdad1f0a686c2f698f2f75bb81ee5,1,4,0.228746,0.0,1.3071458952726358,1.885529219817975,4,Loyal Customers
1035bd50ea1c9f9872c632e3c42c83bbb9f65e1764678b03b197212c5650cc9c,1,6,0.230407,0.0,1.9607188429089537,1.8992206681235961,1,Loyal Customers
655a90a702406ee39a7ce00774563b350856a8e1e4172735d8927d2c2d71eee3,1,6,0.230407,0.0,1.9607188429089537,1.8992206681235961,1,Champions
4ced041b8f9e059fbfc2b3220437e5af70bdb68220b8a6376722fe2f2e29ab7c,1,5,0.230424,0.0,1.6339323690907948,1.8993607973356343,4,Champions
6a18970e166bfa44d2c4e0d016084d2ee635f3444e4dd1c06bc78f3998a1c1c8,1,9,0.231729,0.0,2.941078264363431,1.9101177750832778,1,Champions
627dcb69786cd29a1d408dd695f46b64ad10edb661112893331e51d1669496e3,1,12,0.232034,0.0,3.9214376858179074,1.912631858005141,1,Champions
108a24d05aefee11555ceb04ad9f1d170e1ce1480a1dd45fa962c41b32bd503d,1,5,0.233814,0.0,1.6339323690907948,1.92730421079503,4,At Risk
1c3ccfea42dea6f0dcf6aaca164b943e4a0c495ab8e4ea9627198273b3adf616,1,7,0.235068,0.0,2.2875053167271124,1.9376408009065589,1,Champions
737a25d7cd2338853844122d2e8847999e406126143d98b0e083b60eab11d004,1,12,0.237085,0.0,3.9214376858179074,1.954266719770158,1,Loyal Customers
6cfb542fcf82cd1b22099e8d83ae41694eebd05ffe3c2d8b760579a8225b4f64,1,6,0.237186,0.0,1.9607188429089537,1.9550992521475619,1,At Risk
75e121c6bda922e8f6a97f04fe70107872f14402924ae517f380a37fcfcd4618,1,6,0.237186,0.0,1.9607188429089537,1.9550992521475619,1,At Risk
6241414a6f0ab55815493dd4268e9dc9389ca1743a6cfa5fc02d91a42a26a89a,1,6,0.237186,0.0,1.9607188429089537,1.9550992521475619,1,Champions
75ac70c621dbbb8b0e81e2021e0d298f154b86a338643fc98e08e233fe64bfd8,1,6,0.237186,0.0,1.9607188429089537,1.9550992521475619,1,Champions
7d36312c0005cb479db996bf1081d341523824e8cbd5364f845bd792d4d439a0,1,6,0.237186,0.0,1.9607188429089537,1.9550992521475619,1,Champions
5dc3d411ad2f25f343fd53ce2b99cdaa9e371de9355628f34a0c79d355be0eed,1,5,0.237203,0.0,1.6339323690907948,1.9552393813596,4,At Risk
76e022b8aaee220b63f4761c2a9f4a1d86ee6398ba6548f0505bb05dd0fd4c5c,1,5,0.237203,0.0,1.6339323690907948,1.9552393813596,4,Loyal Customers
14f4b1b17991c32d212fb9bcfc89117b85bdf4f59ba713fd1d36a41a93601034,1,5,0.237203,0.0,1.6339323690907948,1.9552393813596,4,Loyal Customers
63ca2b859cc0dc0a5144ae048417476ec405585a217fb36371d26ec40d5261bf,1,5,0.237203,0.0,1.6339323690907948,1.9552393813596,4,Champions
3f822e430d02b55e1547c5464dcb74776610dfe75d0d8263f0581d3dcda99d5a,1,4,0.23722,0.0,1.3071458952726358,1.9553795105716383,4,Champions
500a54b1ed8be1271b1a7f2b5abcdca06539d05b8118b8c82ff97982e46e9017,1,4,0.23722,0.0,1.3071458952726358,1.9553795105716383,4,Champions
6f5e8efa459c8d26d542782ccc5579bd7e77928248212e0c15b432b33862314f,1,4,0.23722,0.0,1.3071458952726358,1.9553795105716383,4,Champions
60ed8715fd8582161e6fc2c45043d476170ef102410899764e9d1f4fb0fac033,1,3,0.237237,0.0,0.9803594214544769,1.9555196397836767,4,Loyal Customers
1d68a204c26e43a827c0fec2fa379669b18a39faa39995c0ca56e870f149e54e,1,3,0.237237,0.0,0.9803594214544769,1.9555196397836767,4,Champions
7926053daf6bfea053ab15a332ee0dc82e9f4a4c3605ff55678841bc2e2469c7,1,6,0.238034,0.0,1.9607188429089537,1.9620892269598236,1,At Risk
5036c47a0b9002690d93e1ed295e1d5ae43f2c3221325bb1ce6fa0b71934a462,1,12,0.23878,0.0,3.9214376858179074,1.9682384264998558,1,Loyal Customers
1bf751e0580953909bfebed8a31dd52343d629109af83f329851d4647bd89600,1,9,0.240525,0.0,2.941078264363431,1.9826222779708427,1,At Risk
7616ee55899a5dc35759c11f76d7e1284d43f4a94829d18f4087664c4695f39b,1,7,0.240559,0.0,2.2875053167271124,1.9829025363949193,1,Loyal Customers
788785852eddb5874f924603105f315d69571b3e5180f3a7ae6970b55b6d5dc9,1,5,0.241441,0.0,1.6339323690907948,1.9901727696312574,1,Champions
73a5929fa7ae4ed4bb7c58eb6ee1b3604a488d252fc6bf5270625505261b9eac,1,7,0.243949,0.0,2.2875053167271124,2.010845949854315,1,Champions
51b2f31743b8660474a1897ce89160eba3105db39d8f314feeb205d2d35c7a52,1,3,0.244017,0.0,0.9803594214544769,2.0114064667024683,4,At Risk
5f961f8d47e1627d7db83888f29d88451b1db0d8890879c99df098afd42894b0,1,4,0.244017,0.0,1.3071458952726358,2.0114064667024683,4,At Risk
63c485366513083bc998f27be5eb7dcdffb22d5219d29a622d6cfd3ff4edfa78,1,6,0.245661,0.0,1.9607188429089537,2.024957785796051,1,Loyal Customers
51297f8ff0f00e3a64e0b57e89a781b05f991e240727a5185c34d52e7c2babec,1,5,0.245678,0.0,1.6339323690907948,2.0250979150080894,1,Champions
6b19453fb86bbb8fc4fa2e77999888cea980ce0ed4d4b54135114c0b0bfade7e,1,5,0.245678,0.0,1.6339323690907948,2.0250979150080894,1,Champions
17d919e047bdd8ef2c17b63877ee966cb197394809325a32f0077709a7c4e063,1,5,0.245678,0.0,1.6339323690907948,2.0250979150080894,1,Champions
59a98b421e6bead9cb010d957d24990bf61da7f09c0b87374e4700b0f916508a,1,7,0.247339,0.0,2.2875053167271124,2.0387893633137106,1,At Risk
3f7bb5f6981c183dd375c12a64a49737b25573aa76e8c7c93d7760e642ddec26,1,7,0.247339,0.0,2.2875053167271124,2.0387893633137106,1,At Risk
718f16beb97f31ecc83d24ee4b6b4b710e92b4d8974840730c7a70fbc0c6fb0c,1,7,0.247339,0.0,2.2875053167271124,2.0387893633137106,1,Champions
77c31afb6e9ae436227d84c955d23c27ac1013392870cfc10a8b03f44c406f3d,1,6,0.247356,0.0,1.9607188429089537,2.038929492525749,1,Loyal Customers
152579b8c841aebc1d494f511dd61cb58c7a37cadf180637b438ae736d7d33df,1,5,0.247373,0.0,1.6339323690907948,2.0390696217377875,1,Loyal Customers
6fe911edae30a160093fadb9514886d8282f1c8b28fcadad3c0bb3deee1e6309,1,9,0.249,0.0,2.941078264363431,2.052480811619332,1,Loyal Customers
409cf974a12b40986f1ac43b85edf25358be746daca48e3a9169b3b4ff783610,1,6,0.250746,0.0,1.9607188429089537,2.0668729059851447,1,Champions
79c88d46c43bcb4244faa25ae862f9c9367a6dd78f3ba3d65d3dd02e2f1cff41,1,5,0.250763,0.0,1.6339323690907948,2.067013035197183,1,Loyal Customers
486a61ab85e395aa54c0762028441fbf23467aaf0289a779544d3577f21180e0,1,8,0.25122,0.0,2.6142917905452716,2.0707800381325647,1,At Risk
16da0e4ebddfbad085e632fdb36a6e3c14678f103c0cdbdd2b460e079de47847,1,2,0.252525,0.0,0.6535729476363179,2.0815370158802082,4,Loyal Customers
4b6358901f8053cd1030d31d5a09e0c53a9ec00cbe1ff6546c66efef455c2b29,1,10,0.252746,0.0,3.2678647381815895,2.0833586956367056,1,Champions
6621b334a6df3999886700709a87ca15f257755f7c587b4ca28dacf5adb11c48,1,7,0.252763,0.0,2.2875053167271124,2.083498824848744,1,At Risk
7940be317755a3a4e85f759fa147283e36f293487260d794051ddd92a57b6fae,1,8,0.254102,0.0,2.6142917905452716,2.094536061020464,1,At Risk
47523d9c9ded442b584e34d8007d9b1258711ef7e3013227150cfb40e558830a,1,7,0.254119,0.0,2.2875053167271124,2.094676190232502,1,Loyal Customers
64e77fb36ec90ef3b31a14c11182926cbadcd2dc793918c0089ad92d356a3ce1,1,7,0.254119,0.0,2.2875053167271124,2.094676190232502,1,Champions
1cfc96433a725d3147e5c95674eb691d47ae7c3069c8f23cfe5451b6ef7eb812,1,7,0.254119,0.0,2.2875053167271124,2.094676190232502,1,Champions
52997f502ee2e1fff276221212d641530a865e72ed18b602b02f338c9855aee2,1,6,0.254136,0.0,1.9607188429089537,2.0948163194445404,1,At Risk
1704beb36980c4aa1986dc605bf77f4b10c5efe1f354b1865edc2db20c7db2e4,1,6,0.254136,0.0,1.9607188429089537,2.0948163194445404,1,Champions
7f53eea3635017630d7af669d1b11e9cd934d22fb43738e58a5b1fab094d02be,1,6,0.254136,0.0,1.9607188429089537,2.0948163194445404,1,Champions
57ea94b48f4b8002d2992bd9b8f4d0f50b0a7ae4f2f537e23c449c52aa718d75,1,5,0.254153,0.0,1.6339323690907948,2.094956448656579,1,At Risk
6a18db0ecec80b311046b68698b458a47aea3efb5615dbce979e7a2f7c854a0a,1,5,0.254153,0.0,1.6339323690907948,2.094956448656579,1,Loyal Customers
586e682727bacc2427018b58d0fad92b2d019a0594a0c8405d17872a71f3c3a6,1,5,0.254153,0.0,1.6339323690907948,2.094956448656579,1,Champions
75048b5a47ca43cdec994d20e53f7d8d0864b01092efc6a7a312751a4b0b2dd8,1,5,0.254153,0.0,1.6339323690907948,2.094956448656579,1,Champions
41ceea8f150ada2f218a8b647f468d33180c61c283a6e6c88714707dc8ac62bb,1,4,0.254169,0.0,1.3071458952726358,2.095088334973791,4,At Risk
638b24d9ae4965120ad4dfcab02305a26b7d2702acd3d95935915fd62bb6dbfa,1,4,0.254169,0.0,1.3071458952726358,2.095088334973791,4,Loyal Customers
545d73b9e028605b4058c04c232077d949eb30aee957b7225039f34f583ebd58,1,3,0.254186,0.0,0.9803594214544769,2.09522846418583,4,Loyal Customers
6a65248b00e71fbe06e5b4af79b79f6015f930567a2c04f74441a5ac4b344af2,1,6,0.255831,0.0,1.9607188429089537,2.108788026174238,1,At Risk
4ac2fa0a536f4b081def9af98dd4de26856b16c1e1a6359c497494d2a8a7da23,1,6,0.255831,0.0,1.9607188429089537,2.108788026174238,1,Loyal Customers
5840d651a26936dafdd71e323aec5c8c7fd56cfc2efb416638b4d90071ba766b,1,5,0.255847,0.0,1.6339323690907948,2.1089199124914506,1,Champions
566d72ebbcc7edc1a764deffd7bb3e829b08f7f1b59f5f3cc790f8cc3b5ef6f8,1,10,0.262542,0.0,3.2678647381815895,2.1641060933500507,1,At Risk
60b708d3ffa3c72b1e0a55addb8e6be481459795724e4d5d401e0b5447580eb5,1,10,0.262542,0.0,3.2678647381815895,2.1641060933500507,1,Loyal Customers
72b1c95d80f7e1872f6d64c99be4d31a7c459b0dfc5c78b20635e2beb0f374aa,1,8,0.262576,0.0,2.6142917905452716,2.164386351774127,1,Champions
7e2a873dc442e832962d4bfbf9d213e969f1f3dfc1fe3ace4faff02f0f75fd03,1,8,0.262576,0.0,2.6142917905452716,2.164386351774127,1,Champions
6c52f9a30cf013a3c16ea56f71f46e3cb7b22c2c8c80ea585cf7eb61b0fe239a,1,6,0.26261,0.0,1.9607188429089537,2.164666610198204,1,Champions
697618ac8d687185ad35239bf1a6faef4cf658b3b9c4b9f09261558596695dce,1,5,0.262627,0.0,1.6339323690907948,2.1648067394102424,1,Champions
7003bb3386e92ff1a7f66c1fcdee10a4612134f82d7294eafdd329e8585bacbd,1,8,0.264271,0.0,2.6142917905452716,2.178358058503825,1,Champions
495e02fcf25c105e7cc17a673531716bb88ccd2e570a1dca222b6be795b4f953,1,7,0.264288,0.0,2.2875053167271124,2.1784981877158636,1,Loyal Customers
50bacea5df9b0075caf005285c9d13ece0d9486bb4b324bbfa2b709c79da2319,1,5,0.264915,0.0,1.6339323690907948,2.183666482771628,1,Champions
1ade11df6023b0cf603e014392a8bfe4b384987002e375c9267f5ee9bc88e7b2,1,5,0.266017,0.0,1.6339323690907948,2.192750152869638,1,Champions
4bf04b9caf57ad0486768351bee4aaf2778778c175fd1cbd2af8d582f8d04534,1,6,0.266847,0.0,1.9607188429089537,2.1995917555750357,1,At Risk
4c0da47e9d050bdb01c3eb93b928eacc6c11a6fb6739c6c793a74dc10a720ef0,1,11,0.267627,0.0,3.5946512119997482,2.2060212135391444,1,Champions
653b9efea82e9e302ff73138eb0d42e0c8d525a24a86a498d5478428e01b4e37,1,9,0.267644,0.0,2.941078264363431,2.206161342751183,1,At Risk
6c4d9c66ef8a3bfdf76b337d65ad005512f1db3f7ec8f97039ce58dec2ecfcdd,1,6,0.267695,0.0,1.9607188429089537,2.2065817303872977,1,Champions
5f4c00e47e151ea9f9f618887ba65d356c167e5d67b6824b6215f9c49425548c,1,10,0.269322,0.0,3.2678647381815895,2.2199929202688424,1,Champions
75a9b8073a0ab57d212e3c6d524d9645d42f1addbf05bb98878e66edfdf51764,1,11,0.269322,0.0,3.5946512119997482,2.2199929202688424,1,At Risk
474fd969372b6ba1620c08834ef19d9bd65a3ca05ad8dc071206c9f25aefdf45,1,10,0.271017,0.0,3.2678647381815895,2.2339646269985405,1,Champions
1481124e77d2d462eb2d5a8f3b4ee115dbc40a66405e307982db7d2e8979f9a3,1,9,0.271034,0.0,2.941078264363431,2.2341047562105785,1,At Risk
1010c4caa90d64254578d7cd0903f06c48a0d5ee73e7a44c67f8e3141398e481,1,9,0.271034,0.0,2.941078264363431,2.2341047562105785,1,Champions
5b3c4f2d67bd18eb9816e43f5271a22daee623b7e2fef25e4bd6691428342f1b,1,6,0.271085,0.0,1.9607188429089537,2.2345251438466933,1,At Risk
499fd8e0dd67f90a64c1ad9ce13e2708aa730bccb8fb467e7ed9f0acefc7f991,1,6,0.271085,0.0,1.9607188429089537,2.2345251438466933,1,Loyal Customers
75789bab879b66e594014d3e19b1f4765d6c1838746e88e015fda1f2b99ffd45,1,6,0.271085,0.0,1.9607188429089537,2.2345251438466933,1,Champions
63b338f5acc4a9350ed1cebe70cbe87f35cb76a5cb0a9124fb630f859c9b2d20,1,6,0.271085,0.0,1.9607188429089537,2.2345251438466933,1,Champions
73515ea0614e4ae192343bac73dd31f9214e2610ce5d8f7c91cfc6c9ef2fc8e5,1,6,0.271085,0.0,1.9607188429089537,2.2345251438466933,1,Champions
5f20ca460ed4579340ab6e598367829608b48b84d812160e192f9b4e78302536,1,5,0.271102,0.0,1.6339323690907948,2.2346652730587317,1,At Risk
4fd52562c8c13a95d2e1cb3729f13da5aa80948c9edb537730e6a4b56f9b2bf0,1,4,0.271119,0.0,1.3071458952726358,2.2348054022707697,4,Champions
101b4dfcb046054f50548fe48ea627e16f99abbcf94903d6a13ae3fe90d53c41,1,4,0.271119,0.0,1.3071458952726358,2.2348054022707697,4,Champions
7f4f1ef90fd60086da63c4d2bed2b8947f9168f742ff13c75c344ed262b3a991,1,9,0.271119,0.0,2.941078264363431,2.2348054022707697,1,Champions
4804111854cb26e313c3d0255a81591cd36aab7da6905dbb2fc4f8142cb0b5b4,1,2,0.271153,0.0,0.6535729476363179,2.235085660694846,4,Loyal Customers
5325adbed3d749cfe7be5c8dbe64c40ece4139925baf8ca49fbea1e760e7fedf,1,12,0.274373,0.0,3.9214376858179074,2.2616277820338593,1,Champions
66d07fb4f3de2c1cd0cd35c39041b0c32a6da9bc9eb051444af62c511bf15fe7,1,9,0.274424,0.0,2.941078264363431,2.262048169669974,1,Loyal Customers
610b3982feaa2d9b288f59d622db27b0be287f673592ab48f5bb55a1a39be71a,1,10,0.276102,0.0,3.2678647381815895,2.2758797471876338,1,At Risk
127e59f48f744dcb4ab7e159994d0d86762db37b400feadf4fe3f005ede8f9aa,1,7,0.276153,0.0,2.2875053167271124,2.2763001348237486,1,Champions
147f3518f2104ca8f3a8cf61b409ccd5ed1f14aa4dcc730521d8575d83063b61,1,6,0.276169,0.0,1.9607188429089537,2.276432021140961,1,Champions
5a54c8f760be506709a7f304d04037a0dbc9fb2aebf9cb64fa5cf349d1903ec7,1,8,0.279525,0.0,2.6142917905452716,2.3040951761762805,1,At Risk
5bbcb26340567f19bbb6f292337d9a536d90278af95fc5b41e6b998d55ea22b3,1,7,0.279542,0.0,2.2875053167271124,2.3042353053883184,1,At Risk
78d10434b6f32975c611f46e94cebc6a868a9f51715c976e964d80367b67136d,1,7,0.279542,0.0,2.2875053167271124,2.3042353053883184,1,Champions
5eb19510160a7f8016dfbc263ba119d57dde0aa2aa7db589bc82708e6141f8f0,1,5,0.279576,0.0,1.6339323690907948,2.304515563812395,1,At Risk
648105a85dd9231e3525105f5f89ee9a456d00354c8efa55dcc48c92f3fe77da,1,5,0.279576,0.0,1.6339323690907948,2.304515563812395,1,Loyal Customers
1bcac05f23d151090c27f7a44e70138804f387dbf97d658f03c7d9bb58a147cd,1,5,0.279576,0.0,1.6339323690907948,2.304515563812395,1,Champions
62868388cb1035bcd8a168d8289ae527278f6ea9b598e5d799e79b568f885914,1,4,0.281288,0.0,1.3071458952726358,2.318627399754131,1,At Risk
6c3e92cf35fcd2e7a6cb1db99c1ea899f28352035b8a6a7aeb12600a7810f005,1,2,0.281322,0.0,0.6535729476363179,2.3189076581782078,4,Loyal Customers
4718697e01e82013e6fde230ebb8a2595f3f6b5ced667d3bef93bfeb01706d57,1,12,0.284542,0.0,3.9214376858179074,2.345449779517221,1,Champions
4012532f91de431a0efb0190f196fa75c4063261cebf17a460ac34c9b85278eb,1,10,0.284576,0.0,3.2678647381815895,2.3457300379412973,1,Champions
6916934a1128702220c5dbf49bf0b68564e6e6b41b6b47faae42af94890b4b2e,1,8,0.28461,0.0,2.6142917905452716,2.3460102963653737,1,Champions
6139df20439c07c24bf13d061e7d5190487eaad0811b804363ae50c9f13a2393,1,7,0.284627,0.0,2.2875053167271124,2.346150425577412,1,At Risk
65fc15a91310772fe7cba1dc62595bbed87115fec2deb02aec85a59f0f15582b,1,9,0.287983,0.0,2.941078264363431,2.3738135806127314,1,At Risk
6a9fbd467ace9715d4ae5b77dfaea61f7e8b9e85c8291e01b5a623dd6237d456,1,8,0.288,0.0,2.6142917905452716,2.3739537098247694,1,Loyal Customers
5c35313ba234dd9e95439c01a09d6da471f31dc89c9f6db2c577eabed0432fcd,1,7,0.288017,0.0,2.2875053167271124,2.3740938390368083,1,Champions
0f40d3ab0b7591eb9f6b4ecf169da823943067e22d8be22d5d8c62ec4e88e78c,1,6,0.288034,0.0,1.9607188429089537,2.3742339682488462,1,At Risk
4ab02a57bf789baa00cd2b8815c3e043e35ebddfbe84031f1c7fc742360efe13,1,4,0.288068,0.0,1.3071458952726358,2.3745142266729227,1,Loyal Customers
5593bee69f118c2738825941b7ae28b6d81511455bdb75cdf3b52251fff66082,1,8,0.288576,0.0,2.6142917905452716,2.378701617244419,1,Champions
733aeec8aaeb3b14e2f71b2b60838abacf52a4333b9b4837c8208be6cec312e8,1,9,0.289678,0.0,2.941078264363431,2.387785287342429,1,At Risk
1dfb610125973cf55d753101b42506b9994888f7416d80d5fa892567f51d685e,1,9,0.289678,0.0,2.941078264363431,2.387785287342429,1,At Risk
76d54a4123c2a868d9e80c302044cbe592c786cba3440c900b82302dcb49995f,1,9,0.289678,0.0,2.941078264363431,2.387785287342429,1,Champions
5fe90ecfaa728da2f6d93647775799ad1b05f9627612e2232a6b09d324f24504,1,8,0.289695,0.0,2.6142917905452716,2.3879254165544674,1,At Risk
61df8099bc96712bb2ef8771048a09c5de8698842f57c44d489be32d99d8e3a7,1,8,0.289712,0.0,2.6142917905452716,2.388065545766506,1,At Risk
5ad2ce90f012dd7d48cd8357aa477e504378d6abf8a29d50c595faa949b5d900,1,6,0.289729,0.0,1.9607188429089537,2.3882056749785443,1,At Risk
5d5b2f8255615c2cd95d5aae83b549b72a08ad73562ea2033ca244f052aa44a6,1,5,0.289746,0.0,1.6339323690907948,2.3883458041905823,1,Loyal Customers
6282388f08833e37e57cb9f81890fdfa8139b594de6d182dd1a0f5fc0f9cd5cf,1,5,0.289746,0.0,1.6339323690907948,2.3883458041905823,1,Champions
6ddf54f89a72f0b63f6a1c057fcce3f6b3ec87b9432efca106db7dd489d685d9,1,7,0.293102,0.0,2.2875053167271124,2.416008959225901,1,At Risk
0f75f0f59530d49816b23fc2fe0362116a34d716bc4636b7b320c33a873463c8,1,10,0.294763,0.0,3.2678647381815895,2.4297004075315227,1,Champions
68b4741873160ccf9ce843c03704092cb7f684ac7cd40a6db60b46063ce67a35,1,8,0.29478,0.0,2.6142917905452716,2.4298405367435607,1,Champions
5adbafe4f2cc499e33ccb59f6a03f89386f158b2a92ea6ff0a81aec68c5ffcfd,1,10,0.296441,0.0,3.2678647381815895,2.4435319850491823,1,Loyal Customers
6b2ddfc13d364d19093d8ee5f8a41fdbccc3cabcdfcdc3f281e67251482e81f7,1,9,0.296458,0.0,2.941078264363431,2.4436721142612208,1,Loyal Customers
6bbb016a98d49c1d925d5552d606259baa5b53c2f5e9a93129ebf5fa2ee6c6e9,1,9,0.296458,0.0,2.941078264363431,2.4436721142612208,1,Champions
3e17b6462cbc32ebb2827e07df55bd1074c17c0f75b0c1be33c6cf60e9a3fea6,1,7,0.296492,0.0,2.2875053167271124,2.443952372685297,1,At Risk
6fe3fe383e8361e3a0b6906785596f8a952cdd822e6920d7c1871f773a54a0e8,1,7,0.296492,0.0,2.2875053167271124,2.443952372685297,1,At Risk
73fbae23b94cad14053f27959c3ee120bc07204d5ff7a4c8eaaaddbd7f263f77,1,6,0.296508,0.0,1.9607188429089537,2.44408425900251,1,Champions
6bd7cab87a0507e648250ec3f1675f3e9064caa1c9a66bf177a6a2c202c53cdd,1,6,0.296508,0.0,1.9607188429089537,2.44408425900251,1,Champions
71d33746f9914978e025fcfc1eec74c972939eee2e327efeeeb12745e9f3f2d3,1,5,0.296525,0.0,1.6339323690907948,2.444224388214548,1,At Risk
70b735cf83cc075ef921747b8202ae2d40cf3c51428695e1b0107c5e42b78ebb,1,4,0.296542,0.0,1.3071458952726358,2.444364517426586,1,Loyal Customers
5c9f32fce1ad345cbe2bc084b64fe0a8f6372b658ee001ed79bd2f55c6b34b52,1,9,0.298153,0.0,2.941078264363431,2.4576438209909184,1,At Risk
6827b5dfe242111095d4481a63cc8e329bf735d5b441444ac6b83c5fa750df5f,1,8,0.298169,0.0,2.6142917905452716,2.457775707308131,1,At Risk
71fabb5550ce1a1c734fc625efc88977c6d01ab4df7d8e05728014bc3b1d756a,1,8,0.298169,0.0,2.6142917905452716,2.457775707308131,1,Champions
6cdfaaf60648bfd6fa86b2ff6c4c1418da87c67163cfce98c5a33ed0aa819796,1,7,0.298203,0.0,2.2875053167271124,2.4580559657322074,1,At Risk
6350568da716f096e56b0498961ec4018e723dc6c550c8f1235b6bc27d44f1a0,1,8,0.301559,0.0,2.6142917905452716,2.485719120767527,1,At Risk
4bea11c9180f016469d9dd02eb3ca8ca31451a7a1179723c590a2380f36bd07e,1,1,0.30339,0.0,0.32678647381815895,2.500811861193531,4,Hibernating / Lost
57aed39721fb9997fac32e18d299f411d0e8236a31691eca6cc597297ff985a7,1,8,0.303763,0.0,2.6142917905452716,2.503886460963547,1,At Risk
5b31e5c3b6ff95309a4fccc6f68af1c515805df5a9c1a1606a390307ebbacb1c,1,10,0.304915,0.0,3.2678647381815895,2.513382275802846,1,At Risk
4ff80d7d1609b7d1d79abf918e14fe89f1ede16e8901f7e4dabd2d616550e91a,1,8,0.304949,0.0,2.6142917905452716,2.5136625342269228,1,Champions
3ec03384d4c2e60283554eb5c2597c7fa9288000a8b88e2f6b552add6266f494,1,7,0.304966,0.0,2.2875053167271124,2.5138026634389607,1,At Risk
6ee0ac0b8d59fa929a81efc39ec737ee66dd0949151fd525a170a9ebe7a0ccc0,1,7,0.304966,0.0,2.2875053167271124,2.5138026634389607,1,Loyal Customers
47796d663e44bb611d082669a2d93a9e936807f4a8f52180e11b9c8540f30d91,1,7,0.304966,0.0,2.2875053167271124,2.5138026634389607,1,Loyal Customers
676e81e09bf1099a6c4b3bc6c96d7453bcbfd1d237e9fa87f6999b229cf596ae,1,7,0.304966,0.0,2.2875053167271124,2.5138026634389607,1,Champions
5bca6f1da08847d8de4cba5d254bca0fd9a2d43a1f6400e004da3decabfc3437,1,6,0.304983,0.0,1.9607188429089537,2.513942792650999,1,At Risk
47d462e55d401b39e9936c909e906b61a49e2df37b975b2752eea90983f2a1dc,1,6,0.304983,0.0,1.9607188429089537,2.513942792650999,1,At Risk
72fe425dd17e42c7791ef47df1dda984bbecd0e7f806fc94b0885d63ec20feec,1,6,0.304983,0.0,1.9607188429089537,2.513942792650999,1,Champions
3fbd563b7ddb0a941a8297b24ee090eef47c65cd95463b668e4e143dcdfacdbf,1,6,0.304983,0.0,1.9607188429089537,2.513942792650999,1,Champions
1c4deb7f197f14f7fd1f7b51bec29896540041b5d1ca12036abd7523f503adf2,1,5,0.305,0.0,1.6339323690907948,2.514082921863037,1,At Risk
7d044787223083412f70671c7665c9214178d3bbbb168ed4f987039e8fc52367,1,5,0.305,0.0,1.6339323690907948,2.514082921863037,1,Loyal Customers
3f05e0c82ff786b7b1eb05b219f3e71dd5a67cac89cc75a023e7bd15bdef1102,1,10,0.308305,0.0,3.2678647381815895,2.5413256892622416,1,At Risk
6257057e113555d10fd145957512e44d23707e54e1e678319d50a82c19674dc7,1,9,0.308322,0.0,2.941078264363431,2.5414658184742795,1,At Risk
7444da10aabe0a925531c459e582a9bb0a2397bc066ba4acb42eecd4f930e186,1,9,0.313407,0.0,2.941078264363431,2.5833809386633733,1,Loyal Customers
7aef5323926695b9268ff5f9488625bc0bd2bb739712bfef8282a48f47466372,1,7,0.313441,0.0,2.2875053167271124,2.58366119708745,1,Loyal Customers
4096766d6ef2caeae4e53d4a7d7b360da5309451cd7569456a3c73203ef6ec8d,1,7,0.313441,0.0,2.2875053167271124,2.58366119708745,1,Champions
3e7579e71d2b065494e7210a1c4e706dfb10ef04a42e3db56954c39d8d54ca66,1,6,0.313458,0.0,1.9607188429089537,2.5838013262994886,1,Champions
1c092d9c566d0842338e7365a06d7068490272245d70059abe44316508a7c767,1,5,0.313475,0.0,1.6339323690907948,2.5839414555115265,1,At Risk
44314a31cb0950089cc7beb9aa75d0d90278b3037aa85be39c2641142dca3ac1,1,8,0.315119,0.0,2.6142917905452716,2.5974927746051093,1,At Risk
4f9b6dbc794571791d9553b0a08b2cac0b8bd46324e36c954d2f5d69265955b0,1,7,0.315136,0.0,2.2875053167271124,2.597632903817148,1,Champions
10b4c22e30cc5f1f81a06ab86e28beb6af091ad7c7997aaf85887db74f2ce56a,1,4,0.315186,0.0,1.3071458952726358,2.598045048558437,1,Champions
63517ecb5611219756fae930b85cb5941183b7143da8fc64e4420fb0656290ff,1,7,0.316831,0.0,2.2875053167271124,2.6116046105468453,1,At Risk
61cb90cb4b86dafa1d3e13d4e30c43c6234fd1fb70a49559fdcf08b2de386666,1,11,0.318458,0.0,3.5946512119997482,2.6250158004283906,1,Champions
6d6a2dc7e313556a983fa9aceca3c6de7c547734e800b3bda588a3594509f08f,1,9,0.318525,0.0,2.941078264363431,2.625568074381718,1,At Risk
43d5d1804c80280212f769ad80aaf25957844ba748054dfe4a9a0ca9f1404d7e,1,8,0.321898,0.0,2.6142917905452716,2.6533713586290752,1,Loyal Customers
5f76e7457885226b4b26e4a1dd141b30589f1c12a61e16698d1694625e15f9e6,1,8,0.321898,0.0,2.6142917905452716,2.6533713586290752,1,Loyal Customers
6a1fd9157ffc306caacb8d8e14f70ce7ac2088e6ca3ab1ffa2450be03746ae37,1,7,0.321915,0.0,2.2875053167271124,2.6535114878411137,1,At Risk
14fd80cd9b60df67317879e00a35a9c6e9f1665ff40f88bc0ca7efb20829dad3,1,7,0.321915,0.0,2.2875053167271124,2.6535114878411137,1,Champions
71c7ae8d723bb4bff75053757aa4b923470b2b5008bbcb36210b3bae2efb1191,1,6,0.321932,0.0,1.9607188429089537,2.6536516170531517,1,Loyal Customers
1bdef417b9302c9de7d4d163b82cc54f2472e6ef4f372c0f110d5f36d5808b8b,1,5,0.321949,0.0,1.6339323690907948,2.65379174626519,1,Loyal Customers
596303c1bf3f84a300a4292424285a392e01c54fdec5f86a9b949ea1960a9f4c,1,18,0.323068,0.0,5.882156528726862,2.6630155455752385,3,Loyal Customers
136a04b104643cfcbe057ace5044fc9c48b036057999e2e9840413605f8a3f02,1,7,0.32361,0.0,2.2875053167271124,2.6674831945708113,1,At Risk
557a5c680cff4d89e6099f951271692bd7c8535a9b3d40160322e24e8dc3b58d,1,9,0.326966,0.0,2.941078264363431,2.6951463496061305,1,At Risk
7b297798384e0d52e49d9246821603b0280b2f0d446a75e80b7c4a8a7e77936e,1,6,0.327017,0.0,1.9607188429089537,2.6955667372422454,1,At Risk
6043cf59d8aa03c2cfa27ef2c2f59d42b4e7b54d806c586375a2fbcf63ca3096,1,10,0.330339,0.0,3.2678647381815895,2.722949633853488,1,Champions
6d4559c7f9c1f96bdb852834d90a949cf70cfc7758d742b210a05cfe5733c2bb,1,9,0.330356,0.0,2.941078264363431,2.723089763065526,1,At Risk
4148fc73fe7952d94ff339d35da47d5eb31f507debee71bc52f5b94be7d7d448,1,9,0.330356,0.0,2.941078264363431,2.723089763065526,1,Champions
7e0a73912fe8cdc3e37c782bd214d953fd1186c5116955192a100c9d27067bb9,1,7,0.33039,0.0,2.2875053167271124,2.723370021489603,1,At Risk
7a840a6fba6392f0253a3051aa174708a760193a005d259c5df947e2d93d2eed,1,5,0.330424,0.0,1.6339323690907948,2.7236502799136795,1,At Risk
1c6854d35d04f3066b2c1922b131ff76947ace0d3ededf4b76dde04f6ab8b2f1,1,2,0.330492,0.0,0.6535729476363179,2.7242107967618328,4,Loyal Customers
5dd951115d6cf0b87f1112b95cca825e1207db5e16cd6c51aee7470948237d30,1,9,0.332051,0.0,2.941078264363431,2.7370614697952242,1,At Risk
150cc171ae6fd29163007e7d34a5af8c85257a2330f4fd860f60395097e75599,1,6,0.332102,0.0,1.9607188429089537,2.737481857431339,1,Champions
1d0f6fafa0de5191e304d4817dd960f8f5d4d20f9d59e5bc02601d4d437fef5c,1,9,0.335441,0.0,2.941078264363431,2.76500488325462,1,Champions
1858c3aac19be9693748ef839135dd8a169b44ed9841864a4766974ea7c0b75f,1,6,0.337203,0.0,1.9607188429089537,2.779528863937645,1,Champions
6fe615f4a701dfebdb04ad4b550735c6e107e5aec8936e2281f7eeb20b601cf7,1,10,0.338814,0.0,3.2678647381815895,2.7928081675019776,1,At Risk
48dfa046314c425ef0cfd579f2e9b23b8427abca79a8e800bab905e75229bf3f,1,9,0.338831,0.0,2.941078264363431,2.7929482967140156,1,At Risk
75561690fa6e350bd42e2562574101c20de9c1b49b4055eb83636ba14faab5ee,1,5,0.338898,0.0,1.6339323690907948,2.7935005706673426,1,Champions
11ccb3b562105ebdc216bde11ce33e0b43d9baef43770de37aaaa06f859b4feb,1,4,0.338915,0.0,1.3071458952726358,2.7936406998793815,1,At Risk
457521f134fd472983088abc421ccd0652219b45cc974b88c568148cb7642b7c,1,7,0.340559,0.0,2.2875053167271124,2.807192018972964,1,Champions
6201b825f118e22242f1e8929e189046e069ab55123ea65b285c5eaf11f4c2fb,1,13,0.343847,0.0,4.248224159636067,2.8342946571601306,1,At Risk
527cf9765ad7c9afeb2b757e57d7c26c9fd9f44ddc3eab1bcb3546dfa9517f45,1,11,0.344254,0.0,3.5946512119997482,2.837649515354223,1,Champions
578d72a0ba1e4a4e4ecf96ef157c67da36d3d573b9519017c7393d09d95ea815,1,7,0.347339,0.0,2.2875053167271124,2.863078845891756,1,Loyal Customers
44be4fb47a6bc78670cb1f997a64c7489136b1c8b737665a5c1c5d7e0570a441,1,9,0.349,0.0,2.941078264363431,2.8767702941973767,1,At Risk
14d8bcb57ab19a3a513ddc97b19374b19d71a8607ff46780a2f4f6341bcf7ac5,1,8,0.349017,0.0,2.6142917905452716,2.8769104234094156,1,At Risk
7f6c17199b3374318e068154825d920df1d5742b745dda585f60259ee6962828,1,10,0.355763,0.0,3.2678647381815895,2.93251699190413,1,Loyal Customers
4d01ebb487a70875fd6ef76fd5252ae2b52c3f31876ccdb8659058301e6942af,1,7,0.355814,0.0,2.2875053167271124,2.9329373795402454,1,At Risk
6ea0faf8cd5b724d58a351f9a327d596f07e3561e2b017eb874f5eb24e9a1e24,1,4,0.355864,0.0,1.3071458952726358,2.933349524281534,1,Champions
1d61da7da9e6a906af1b8103cca30bd9734801a096ae169bf00e80d312da5749,1,3,0.355881,0.0,0.9803594214544769,2.9334896534935724,1,At Risk
54034a1a90e0235caec1199a6bf52354dc2a34ae654d26c319768184b10be108,1,11,0.360763,0.0,3.5946512119997482,2.9737314660330325,1,Champions
466466bfaf089c0cd700ddbc4749bf1b2c7ce3acd82ac7096ebd3779fea9783f,1,9,0.364254,0.0,2.941078264363431,3.002507411869832,1,At Risk
476976af7b5a03fa8d4ac8142ac5b072e004c3cf5af991b8d5c1d177bbb7113d,1,12,0.365898,0.0,3.9214376858179074,3.0160587309634153,1,Champions
4263f79ee53ebe840c6e95fbe40d705ec207131743a57efe1c116229c0eade97,1,8,0.365966,0.0,2.6142917905452716,3.016619247811568,1,At Risk
1550979fc1e9ca38da70b690436d0a13d1e080ceb745713f324f521a2c171041,1,7,0.365983,0.0,2.2875053167271124,3.0167593770236065,1,Loyal Customers
72e266f3d4af2a293d365072b2ca358d443933f43abcd9c83e6c42a1c56568cc,1,12,0.372678,0.0,3.9214376858179074,3.0719455578822066,1,At Risk
45d72fab688ec6cdef229c4d68826b2465f1e343b3098df23a2198138e02b833,1,10,0.372712,0.0,3.2678647381815895,3.072225816306283,1,At Risk
1b44195a72eefd4d1e085757a52fe70b5ac0c8dce776a02af2a68b885640310b,1,9,0.372729,0.0,2.941078264363431,3.072365945518321,1,Champions
4924f2382f8d027c968fe4d49775b4e962ecbef8b1f667f99ef24246483644e4,1,8,0.372746,0.0,2.6142917905452716,3.07250607473036,1,Loyal Customers
5a14c94951141af6435fbe7fdf1088958bacb62fa17d2d5af2aa33f25f0ff659,1,8,0.372746,0.0,2.6142917905452716,3.07250607473036,1,Champions
541a316f44adb8cf25eeb9fa600b90533d8bd250c9a45b728434bccab3ea6940,1,6,0.37278,0.0,1.9607188429089537,3.0727863331544363,1,Champions
1592070cde444f1164e34c6a732b581dd391f9201f8b8c32135d5899efdb6dc5,1,9,0.376119,0.0,2.941078264363431,3.100309358977717,1,At Risk
458b7b61a5bf7d247555e24e3db5eb99ff3a5ec7c62840a700c33fb4e17e459d,1,11,0.381169,0.0,3.5946512119997482,3.141935977847908,1,Champions
68332db51f8c6985cd2f5ade1d0b45d33df4d7dd9f2f9672e007d0106792ffb2,1,10,0.381186,0.0,3.2678647381815895,3.142076107059947,1,At Risk
5117ec927456fe8a0f959221f5ff19a9eb2eef6d75eb5162e3980306a21eb82f,1,9,0.381203,0.0,2.941078264363431,3.142216236271985,1,Champions
48e4cdf9a8827964cb724f064ead45702593f37709549c7811fbdfc0f4d4afa9,1,9,0.381203,0.0,2.941078264363431,3.142216236271985,1,Champions
6e64f59300a90f6ade84c1a93f952e7300df014ba6dc8ec3e8eb8b2a4e52b50a,1,7,0.385441,0.0,2.2875053167271124,3.177149624543642,1,Loyal Customers
474952d7ea2c624f9f4a3feabe328b68392cee62dc74d24b49bc984dfabd1980,1,2,0.386441,0.0,0.6535729476363179,3.185392519369423,1,Loyal Customers
47d6dc09cb5df00e5c7109ff1864c470549f2963c6403b4519d00177214aa8f0,1,11,0.389644,0.0,3.5946512119997482,3.2117945114963975,1,Champions
4d44aece68022d5cf3815186dbd130f251a391a71c15da7187b7a291f9e00eca,1,9,0.389678,0.0,2.941078264363431,3.2120747699204744,1,At Risk
14a298482fa7f9d5217de71645e97deed6b0ce0fef2064136c911921e831d317,1,14,0.391288,0.0,4.575010633454225,3.2253458305899807,3,Champions
5aba81d0566a7de01407c11a9762496fcefea26c66a7cf4a84c274dfc555bb5f,1,13,0.391305,0.0,4.248224159636067,3.225485959802019,3,At Risk
48ede0e2c5631a96c4a35db3b9fde055c0a69e41e7f46b5dce1c38f5c730a377,1,11,0.391339,0.0,3.5946512119997482,3.2257662182260955,1,Loyal Customers
48442e21aa873a87d0ac450b6fd880a60fc5eae3447beb4315a405ca2ae2d68b,1,10,0.391356,0.0,3.2678647381815895,3.2259063474381335,1,At Risk
45e6a6405bbc39483fd63c225bbdfb1715262c71bdd52f5274545ec2ca0abda9,1,16,0.398034,0.0,5.228583581090543,3.2809523990846956,3,At Risk
6d4ffeac3eee2c8da47328724827f5935b6198b376cc27ed3ba7fd0d60591348,1,12,0.398102,0.0,3.9214376858179074,3.281512915932849,1,At Risk
1e13975c6fb358edba91440f8ed4c7c96b651d33715329b7390889b827f45f26,1,9,0.398153,0.0,2.941078264363431,3.2819333035689633,1,At Risk
171601a4b823846b04dafe4b0043a74a1e29b1e5619f0ae2f4c51b3242196363,1,8,0.398169,0.0,2.6142917905452716,3.282065189886176,1,Champions
58cae959f8c3157eb14e6a65b2ae84072d627ffa63cff0d02cd1979844710aad,1,10,0.399831,0.0,3.2678647381815895,3.295764881086623,1,Loyal Customers
7473397029657d876120f0c8e8cf249e458897bb7d7b0707747ed449483036bc,1,6,0.399898,0.0,1.9607188429089537,3.2963171550399504,1,Champions
4761f6e3412f539dd7e35e98109ea401878b3642a807118ef08ce6e369050abc,1,10,0.401525,0.0,3.2678647381815895,3.309728344921495,1,Loyal Customers
567199a5e09dff3e8827bb65491074f5840589a2ca71f58149366e70d9253446,1,8,0.406644,0.0,2.6142917905452716,3.3519237235346653,1,Champions
7c04ef5a61bccaab3f1a3774f17d3e5136a761cd1eafd3b58156ce108bc92d80,1,6,0.406678,0.0,1.9607188429089537,3.3522039819587417,1,Champions
6023718128c4d66cd6043c731ab547d5fb1da3ed31f329e6c79c033bb1506aa8,1,13,0.411644,0.0,4.248224159636067,3.3931381976635677,3,At Risk
56e7a6346d4a3d29821ba96ac12e5fe295ab0cc67bf268ae78eedd1891db9fae,1,12,0.415051,0.0,3.9214376858179074,3.4212217403350014,3,Champions
76197f426400618a0b727733f06d39e2854bb1555491ef7017bc84a3a8e33132,1,5,0.415169,0.0,1.6339323690907948,3.4221944019244437,1,Champions
63e23e90f46ca6abd7f2b6b06c4552d47ea644e49f96be5d55fcf45c81f6e584,1,13,0.421814,0.0,4.248224159636067,3.4769684380417547,3,Loyal Customers
79ccca5954be3c37410c60adec2fa120ab54ca98dc2fe867956c01b8d8daf6c0,1,12,0.423525,0.0,3.9214376858179074,3.491072031088665,3,At Risk
5bb05be535bc027075fe16562988a2306f714cb8b6219f708f3b0b73409cb1b4,1,11,0.423542,0.0,3.5946512119997482,3.491212160300703,1,At Risk
1387c4de8053db73cae9cbcb6dd15587d840827f6cee4e16aee5d368af323861,1,8,0.423593,0.0,2.6142917905452716,3.491632547936818,1,At Risk
7b83030af103ead8c730578fbf54a000927ba15b231c101d5becf404771b5c03,1,8,0.423593,0.0,2.6142917905452716,3.491632547936818,1,Champions
5a2b464e85aedeedf884850a31a945fb79267a99f070a24cc9b4fbcb5cd633a9,1,5,0.423644,0.0,1.6339323690907948,3.492052935572933,1,At Risk
1e8fb07cb3a2ac4299653dae4525215a24fa88d0e31c1f00cf52f13299f3ae46,1,9,0.426966,0.0,2.941078264363431,3.519435832184176,1,At Risk
588992ca4f7484518d5c1ca4e0ed7c4276de5dbda9c600507d31518eff2c8b39,1,7,0.427,0.0,2.2875053167271124,3.519716090608252,1,At Risk
732b704435736e59813e3c9aed09c82519ce355521c2607ab3d8d6365ddd01ab,1,12,0.42861,0.0,3.9214376858179074,3.5329871512777586,3,At Risk
5ca1e906af1863c698c177eb3da2f0e8b3d51ef6d220169ac96fc08b64488f2a,1,11,0.428627,0.0,3.5946512119997482,3.5331272804897966,1,Champions
49d0e4601355a65968457249d89c6cb85921efd677ccf6eb9225611f412047f8,1,5,0.428729,0.0,1.6339323690907948,3.5339680557620268,1,At Risk
77f3ebff7ad79e56a0a44e93bb90a9c06e7c41305f10c50539cc53cf60bb6cf9,1,17,0.43022,0.0,5.555370054908702,3.546258211947265,3,Loyal Customers
75260df04b11b03153c6e41df90a5ebcb7ba057dd46f20fcdb8a3740c99346fd,1,10,0.432034,0.0,3.2678647381815895,3.5612108231612307,1,Loyal Customers
4c661bf20bf72e16623056882077f95fc51116d2d49f8caf78c09a7d8a5baafb,1,11,0.437102,0.0,3.5946512119997482,3.602985814138286,1,Champions
5870e14394d4750482f167578dc732c2789823b4799507a79cb9696d75a678f9,1,8,0.440542,0.0,2.6142917905452716,3.6313413723389707,1,Loyal Customers
490b0faacb1170f3681b228dc78ded3e82129cf880a9c8dc40bca0430a6f1c6f,1,6,0.440576,0.0,1.9607188429089537,3.6316216307630476,1,Loyal Customers
5e5d7a5c860bdbd38ab2abff3d8895ae34bd5046732dadf2b8aab2d32e5d04a8,1,14,0.442136,0.0,4.575010633454225,3.644480546691265,3,Champions
4acfcfc9a38629cc17e2162b4e11bfb438dc10ecb25685b0343c18876bdbac58,1,11,0.448966,0.0,3.5946512119997482,3.700779518351345,3,Champions
10ac90988da6052dd99885ec7993941d254b29a0fd5aac2e8e3df5933a69c955,1,10,0.448983,0.0,3.2678647381815895,3.700919647563384,1,Champions
1d663824deb6f75087975548cc2bcb6b9da049e986a4ed6c660bd7e80946fa0f,1,15,0.452305,0.0,4.901797107272384,3.7283025441746265,3,At Risk
6ee0419c31d8b8a518e46281cc1915748957ef6405282c64df41182861295949,1,3,0.455898,0.0,0.9803594214544769,3.7579192652836557,1,Loyal Customers
5a60d0fc657ff793fb137723775263ff44dfe1b903c3f235182ba1b6e491b2fe,1,13,0.457407,0.0,4.248224159636067,3.770357793575758,3,Champions
4ebaab0fab59c10a4aebc458de70477499a356716e606e25db9a53999917ebea,1,13,0.457407,0.0,4.248224159636067,3.770357793575758,3,Champions
4eb1e64d489835a7faf296e71f880037b94a6f8f011b08d2d13c4794d2aab6fb,1,12,0.457424,0.0,3.9214376858179074,3.7704979227877966,3,At Risk
694b362f76cf84754bca347d54d85df037985510107516e93e94e06c651f6827,1,15,0.460763,0.0,4.901797107272384,3.7980209486110774,3,Loyal Customers
12d340a95f2eea97445faa67197aabf75b37a98b81ede0b5b1a674b2e9ee7444,1,5,0.46178,0.0,1.6339323690907948,3.8064039726488965,1,At Risk
6bad1320a83b0bf43eb95ad84b0b263c1a42995a18f7c8566e71b8bc6016d6b5,1,10,0.467627,0.0,3.2678647381815895,3.8546001786952346,1,Champions
4ae54aac6591e5d938fa09ca6ec769c4c7bd591edd780be090e14cb23189769f,1,5,0.469424,0.0,1.6339323690907948,3.869412660697162,1,Loyal Customers
6608e8100cc8874fc6aa049984af8bf080635d755af7611c5b70cae8b87699bd,1,8,0.471051,0.0,2.6142917905452716,3.8828238505787067,1,At Risk
78623483928792ee9a94a49f5e69602724d170086a283c9034bcc56910a1d01f,1,11,0.47439,0.0,3.5946512119997482,3.9103468764019875,3,At Risk
70561c154382f3734d4969dd81a2056ee6f9cecb90a2169d9b4d9cc7586ab7e7,1,14,0.479424,0.0,4.575010633454225,3.9518416089549664,3,Champions
6ad9101d0fd2d67fe5d958b3b8ad725631572e80bc219f0f38ed3ae85727117c,1,16,0.481508,0.0,5.228583581090543,3.9690198017718927,3,Champions
6ad6cb5bd048b1c7cf4dbc382c20f16197bbd6673f8b3bfe7b0a81f5de0202a1,1,13,0.482831,0.0,4.248224159636067,3.9799251516264005,3,At Risk
69f85ce0d47b9c49eea7de6c4dd9a7ca9ef3988f627595d18e50be5ec2ad2b97,1,12,0.482847,0.0,3.9214376858179074,3.980057037943613,3,Champions
73fc102e01e7c881220432e8c455e4afc6ae640209cc0bf80b8b032e4cde8006,1,15,0.486186,0.0,4.901797107272384,4.007580063766894,3,At Risk
3f3cc976ffefe4077c53789ac27aa35d0ec615240feb6a1ef92a534858ca6299,1,13,0.487915,0.0,4.248224159636067,4.021832028920668,3,Champions
5116dbf749193b1ef906ad9c9d22246e6fc8b3e9cf348d773bedd946b042eeed,1,5,0.491441,0.0,1.6339323690907948,4.05089647607637,1,Champions
3f004fb303a570698fb0362cb4c16cf3307d473a4bd41e4c5b92b902be4a4aef,1,5,0.491441,0.0,1.6339323690907948,4.05089647607637,1,Champions
559ca47a6cff69d0fd55015f961f0a82bf84f17f18faca15a07849fc9c77447c,1,13,0.501475,0.0,4.248224159636067,4.133605682758251,3,Loyal Customers
4bd6eb623379a32f11e3137698c878c7f73eca7d69f45858981b607f3972ef80,1,9,0.501542,0.0,2.941078264363431,4.1341579567115785,1,Champions
165d2c0b0128d5619b5b739cf0d3838ce0cdb745222cbfeec56a65c86f4567a5,1,15,0.503136,0.0,4.901797107272384,4.147297131063873,3,At Risk
1796e87fd2e88932b50966a07cc18b490cd5e1474dbee3180267c6ec7e9413a0,1,15,0.505186,0.0,4.901797107272384,4.164195065456723,3,Champions
494a4af52d31bab0be4f34c6e2bba633de1b98200e2dbbca1203a8786f65748b,1,12,0.508271,0.0,3.9214376858179074,4.189624395994255,3,Loyal Customers
7b3787571cdfa173e1041894043d25165f0529bb83d344d1086dd14f33002fc8,1,10,0.508305,0.0,3.2678647381815895,4.189904654418331,3,At Risk
4415853a956eb117f59ee91822c665de0b29144aefa8d8043fda1e00a16d6d74,1,9,0.508322,0.0,2.941078264363431,4.190044783630371,1,Champions
7799a1789ee47f70871f33427561520c3f9b7ec946429c37454bcdfe5b6929b2,1,13,0.516729,0.0,4.248224159636067,4.259342800430706,3,Champions
46b97d300e79c83cfda0429fc7f172c26592949624565270f4ef7991d2f1b29a,1,11,0.516763,0.0,3.5946512119997482,4.259623058854783,3,At Risk
150c01732ade02794d605923ebb758e4364d5c2279e56437c0bf19c6d793cc43,1,8,0.516831,0.0,2.6142917905452716,4.2601835757029365,1,At Risk
49725e6a9c754dc6fa7514850e0fc443a2c7d5bf19adac5ab036bab1cb15788a,1,18,0.521729,0.0,5.882156528726862,4.300557274559608,3,Loyal Customers
71fe6087cbaa3e775d34e6beba79984e5c7ecb7a4f375f8a69e1224e8da30839,1,16,0.525153,0.0,5.228583581090543,4.32878094644308,3,Champions
785d49d5fe4760685f35aa72f82265be67d04b36ac8f5f8d732603dae2308d72,1,13,0.525203,0.0,4.248224159636067,4.3291930911843695,3,At Risk
5d42a87803d925787ba1c368fdf561ebf2e20b65ae5513c2d3d51aee09572c98,1,7,0.525305,0.0,2.2875053167271124,4.330033866456599,1,At Risk
6b09ec1561bb23480f2f1d54448a73e8ce957ed4f3ed6f8caa12499eb6f80e2c,1,13,0.533678,0.0,4.248224159636067,4.399051624832859,3,Loyal Customers
58948bfb0dfd7bc05c301eb6fd4972b1c557b1168e1e1579455b744b85db91a6,1,10,0.533729,0.0,3.2678647381815895,4.399472012468974,3,Champions
50ba3634638e1a37ed87743b9e952485087a6afab9bfd635643ab434d2ea04fe,1,14,0.535356,0.0,4.575010633454225,4.412883202350519,3,Champions
67c432fa00324a550f07247a5cbca132ee9d708b0220ad1da90b1cbc5be90c10,1,13,0.535966,0.0,4.248224159636067,4.417911368194245,3,At Risk
5db62f62f62192ac207e9c2f3f5516be28cab2b193c9b2d9809d05e9ad1d3f6d,1,11,0.542186,0.0,3.5946512119997482,4.469182174010599,3,At Risk
189b7275c513a84c8306ef5742f886014d9bf852d3fb56e5e0a7bb0c7239ee25,1,11,0.542186,0.0,3.5946512119997482,4.469182174010599,3,Champions
4306ac181525c8dc974b0e53820af57976d6297eb2e499091b64f5161b2600c4,1,9,0.547305,0.0,2.941078264363431,4.511377552623769,3,Champions
7f32f906e5968dbe1f6106c6e8f0e037d276825d9edae3f90ecd7b8811797c74,1,10,0.550678,0.0,3.2678647381815895,4.539180836871127,3,Loyal Customers
45620fd80773fb0c3f52325abc9ac23016718b419132065bfba37338538dd4bc,1,17,0.557339,0.0,5.555370054908702,4.59408675930565,3,At Risk
56a668f3d4a6b7605a495762fc5202f7d80a1398845a946a17c40da5af509083,1,14,0.55739,0.0,4.575010633454225,4.5945071469417655,3,Loyal Customers
66bb547d94f7953c03ff1acee5a3819c7caff61eb952ce2209301ac8a4f2e2c2,1,15,0.559068,0.0,4.901797107272384,4.608338724459425,3,Champions
17f1c7de37eaee65e9d831fe36b7e32fce928d38880e7b0644a28d40e55e951b,1,13,0.576051,0.0,4.248224159636067,4.748327807285654,3,At Risk
1216188cff32a327b82c78cd5a4f925e0fc5d4e8fc6a29fda915ec119372b4ed,1,12,0.576068,0.0,3.9214376858179074,4.7484679364976925,3,At Risk
76b7c3c95eaca927d3d37ba4e68a3d11173e073939382f9c47eb094976d62239,1,4,0.580305,0.0,1.3071458952726358,4.783393081874523,1,Champions
5ca956cd09d51476b53f0de1d89ab799012ce17e1c29c754c21ae2bd806d818c,1,20,0.583576,0.0,6.535729476363179,4.810355590849651,3,At Risk
52b212576d73f072f512301188c5963ed629fbd7410506e769d0c54cde6f5a25,1,16,0.609898,0.0,5.228583581090543,5.0273250684538455,3,Champions
53a9390aa8fd1f8c69ac7420af01a4636868d4735057cbfadcd197e39a2b3940,1,15,0.620085,0.0,4.901797107272384,5.1112954380440705,3,Champions
5e03e34f49be37b5166d11775e5fc9e85dfcabe18b48c90c1c4c11f03b8bc479,1,17,0.623441,0.0,5.555370054908702,5.13895859307939,3,Loyal Customers
6818964c975b559e1c088cb285f4a4d92fc1441c63f12de2c3d8048d892c6e1c,1,9,0.623576,0.0,2.941078264363431,5.14007138388087,3,Champions
77f0df38f68e6221111202b98da7ecee0722b8727058755515a2f15762b18946,1,20,0.628475,0.0,6.535729476363179,5.180453325632368,3,At Risk
72e46e324f9268f11fc06614fca94dfe809c355c38cb742c9a94e82b61296b29,1,4,0.642322,0.0,1.3071458952726358,5.29459269028495,1,Champions
6093c48e05e653978051bf50976556206b0a7ea8da3f1502e5c1b3048ca02cf0,1,12,0.662508,0.0,3.9214376858179074,5.460983765238154,3,Champions
7619e20d17298e76522d8edfcdd95dd433cee5bb7cdbfa10987defbcefae6ac5,1,12,0.669288,0.0,3.9214376858179074,5.516870592156946,3,Loyal Customers
1c946aa73818f9508a34e0814c471120873a12ca92538da22439d7e2340494bb,1,13,0.671576,0.0,4.248224159636067,5.535730335518331,3,Champions
0f786c1df1a0ce8291b6d81598170ec3f71a545939214329a6c20f295e1f32f4,1,14,0.677729,0.0,4.575010633454225,5.586448867381359,3,At Risk
65b57249977600298866f47206f721dfd6d772dd1733ab1dfd374aaad10465a6,1,14,0.677729,0.0,4.575010633454225,5.586448867381359,3,Loyal Customers
1e633546fe0f4adf5aa56f5fc70fcbd8f65b8ff7c26aa9d6ec56b2fd276ca136,1,12,0.677763,0.0,3.9214376858179074,5.5867291258054355,3,Loyal Customers
711c4d26c1bef4805f99ddefecc8d3f242abbb73173bce1811f50b9643a583dc,1,9,0.711712,0.0,2.941078264363431,5.866567162245856,3,At Risk
4a3359ded872b923e2e2457ec937adc739677ff52a25aad662cf27087e21601e,1,14,0.728576,0.0,4.575010633454225,6.005575340587817,3,Champions
682b85bd4f251590748713ff0215fd9dd72c1cdb7fd0c83cd8fff21a711993cb,1,10,0.750695,0.0,3.2678647381815895,6.187899931239255,3,Champions
63cb8fe1050fb889492c531d87061aee166318b9f6ccecfe3dc2754fb43bcaae,1,11,0.754051,0.0,3.5946512119997482,6.2155630862745745,3,At Risk
152be03ca0057c512f25d7720fb30f9ff5994d8fb7b6f1393134b7f920071187,1,19,0.787814,0.0,6.20894300254502,6.493867944277399,3,At Risk
7513cfdb24a1ce9b0293dc275b3329e88fb19dd60eb68a0811be7a2d1455f18c,1,17,0.804797,0.0,5.555370054908702,6.633857027103629,3,Champions
6e723535b7231efdda78d3ea2c887d4646c81aa6edab88f08579d175f3bbcb6c,1,15,0.830254,0.0,4.901797107272384,6.843696400683522,3,Loyal Customers
145019324a9f926af8cc5b541d2a5fe1fd05e496194aacca50a93e442d5c3796,1,35,0.853644,0.0,11.437526583635563,7.0364977106585265,3,Loyal Customers
5e4cee0f523e676903a8827b042004636690e2fc553b34f8e8909e9513706a82,1,18,0.89122,0.0,5.882156528726862,7.346232726632053,3,At Risk
494da0f4ad6829d5812c5562db49dead6de89828bab5073a2ad1c60be69bd060,1,18,0.90139,0.0,5.882156528726862,7.43006296701024,3,Champions
4e351a86b461e2f0770c9817a2f0de841d364c6f2526c43bcb9314c85b64f1d7,1,27,0.911407,0.0,8.823234793090291,7.512632044480083,3,At Risk
77f3b2054754a1df27ceabde91aa890dddeaaa232258ee6a8330708119539ee0,1,16,0.942102,0.0,5.228583581090543,7.765647701157413,3,At Risk
4b3be30ef51a12a3a63028ebd247ad7b012e4f5818235bb5913e412396e9b21b,1,14,0.996407,0.0,4.575010633454225,8.21327810467142,3,At Risk
6335d496ef463bc40fc39007dde516fa418c180d620204229532b26604190e12,1,27,1.126661,0.0,8.823234793090291,9.286948127308627,3,At Risk
5e8fb4d457fdffc61e235328ba7e43a4139c94c5f9d52a944c54e0d059a3b984,1,29,1.204593,0.0,9.47680774072661,9.92933340687135,3,Champions
54e8ebd39543b5a4d69c3e7d79977558d2a606e6540ba0a50e07001cfff202c2,1,68,2.385288,0.0,22.22148021963481,19.6616781131962,2,Champions
